{"type":"FeatureCollection","genere":"2026-09-02","source":"GESTIM, ministère des Ressources naturelles et des Forêts","features":[{"type":"Feature","properties":{"nom":"31G12 X 0025 0025 1","designation":"31G12 X 0025 0025 1","statut":"demande","lomiko":false,"centre":[-75.79599,45.70206]},"geometry":{"type":"Polygon","coordinates":[[[-75.794624,45.7],[-75.8,45.7],[-75.8,45.708333],[-75.796248,45.708333],[-75.795482,45.702049],[-75.795453,45.70185],[-75.795375,45.701501],[-75.795265,45.701156],[-75.795123,45.700817],[-75.794949,45.700486],[-75.794745,45.700162],[-75.794624,45.7]]]}},{"type":"Feature","properties":{"nom":"31J11 X 0007 0052 1","designation":"31J11 X 0007 0052 1","statut":"demande","lomiko":false,"centre":[-75.07185,46.553]},"geometry":{"type":"Polygon","coordinates":[[[-75.066832,46.55],[-75.072936,46.55],[-75.07285,46.550142],[-75.072814,46.550202],[-75.072833,46.550287],[-75.072833,46.550287],[-75.072692,46.550476],[-75.072492,46.550694],[-75.072412,46.550814],[-75.072412,46.550814],[-75.072353,46.550861],[-75.072292,46.55091],[-75.072221,46.551107],[-75.072168,46.551179],[-75.072064,46.551241],[-75.071913,46.551476],[-75.0718,46.551556],[-75.07176,46.551651],[-75.071665,46.551756],[-75.071651,46.551872],[-75.071555,46.551969],[-75.071526,46.552039],[-75.071391,46.552582],[-75.071346,46.552669],[-75.071343,46.55281],[-75.071315,46.552945],[-75.071405,46.553072],[-75.07142,46.5532],[-75.071338,46.553256],[-75.071373,46.553369],[-75.071381,46.553461],[-75.071431,46.553577],[-75.071353,46.553701],[-75.071287,46.553948],[-75.071276,46.554279],[-75.071237,46.554439],[-75.071279,46.554597],[-75.071244,46.554851],[-75.071282,46.554929],[-75.071442,46.555087],[-75.071746,46.555103],[-75.071808,46.555127],[-75.071936,46.555112],[-75.072333,46.555133],[-75.072582,46.555146],[-75.072761,46.555046],[-75.07285,46.555022],[-75.072871,46.555016],[-75.072871,46.555016],[-75.073389,46.554696],[-75.073578,46.554302],[-75.07383,46.553778],[-75.074015,46.553629],[-75.07404,46.553559],[-75.074058,46.55351],[-75.074076,46.553372],[-75.074042,46.553337],[-75.074351,46.552695],[-75.074351,46.552695],[-75.074282,46.552598],[-75.074099,46.552342],[-75.074099,46.552342],[-75.074151,46.552323],[-75.074212,46.5523],[-75.074213,46.5523],[-75.074371,46.552372],[-75.07442,46.55232],[-75.074554,46.552175],[-75.074671,46.552141],[-75.07476,46.552115],[-75.07476,46.552115],[-75.074721,46.551988],[-75.074665,46.551935],[-75.075,46.551695],[-75.075,46.558333],[-75.072146,46.558333],[-75.072146,46.558322],[-75.068295,46.55832],[-75.067503,46.558319],[-75.067128,46.558319],[-75.066667,46.558319],[-75.066667,46.552928],[-75.066837,46.552885],[-75.067281,46.551361],[-75.066863,46.550915],[-75.066667,46.550719],[-75.066667,46.550267],[-75.066731,46.550178],[-75.066795,46.550073],[-75.066832,46.55]]]}},{"type":"Feature","properties":{"nom":"31J11 X 0007 0052 2","designation":"31J11 X 0007 0052 2","statut":"demande","lomiko":false,"centre":[-75.06678,46.5517]},"geometry":{"type":"Polygon","coordinates":[[[-75.066667,46.551026],[-75.067009,46.551369],[-75.066887,46.551834],[-75.066765,46.552288],[-75.066667,46.552659],[-75.066667,46.551026]]]}},{"type":"Feature","properties":{"nom":"31G13 X 0010 0029 1","designation":"31G13 X 0010 0029 1","statut":"demande","lomiko":false,"centre":[-75.763,45.82953]},"geometry":{"type":"Polygon","coordinates":[[[-75.758333,45.825],[-75.766667,45.825],[-75.766667,45.8324],[-75.766372,45.832672],[-75.766294,45.833333],[-75.758333,45.833333],[-75.758333,45.825]]]}},{"type":"Feature","properties":{"nom":"31J02 X 0024 0031 0","designation":"31J02 X 0024 0031 0","statut":"demande","lomiko":false,"centre":[-74.745,46.195]},"geometry":{"type":"Polygon","coordinates":[[[-74.741667,46.191667],[-74.75,46.191667],[-74.75,46.2],[-74.741667,46.2],[-74.741667,46.191667]]]}},{"type":"Feature","properties":{"nom":"31J02 X 0024 0032 0","designation":"31J02 X 0024 0032 0","statut":"demande","lomiko":false,"centre":[-74.73667,46.195]},"geometry":{"type":"Polygon","coordinates":[[[-74.733334,46.191667],[-74.741667,46.191667],[-74.741667,46.2],[-74.733334,46.2],[-74.733334,46.191667]]]}},{"type":"Feature","properties":{"nom":"31J02 X 0024 0033 0","designation":"31J02 X 0024 0033 0","statut":"demande","lomiko":false,"centre":[-74.72833,46.195]},"geometry":{"type":"Polygon","coordinates":[[[-74.725,46.191667],[-74.733334,46.191667],[-74.733334,46.2],[-74.725,46.2],[-74.725,46.191667]]]}},{"type":"Feature","properties":{"nom":"31J02 X 0019 0040 0","designation":"31J02 X 0019 0040 0","statut":"demande","lomiko":false,"centre":[-74.67,46.15333]},"geometry":{"type":"Polygon","coordinates":[[[-74.666667,46.15],[-74.675,46.15],[-74.675,46.158333],[-74.666667,46.158333],[-74.666667,46.15]]]}},{"type":"Feature","properties":{"nom":"31J02 X 0019 0041 0","designation":"31J02 X 0019 0041 0","statut":"demande","lomiko":false,"centre":[-74.66167,46.15333]},"geometry":{"type":"Polygon","coordinates":[[[-74.658334,46.15],[-74.666667,46.15],[-74.666667,46.158333],[-74.658334,46.158333],[-74.658334,46.15]]]}},{"type":"Feature","properties":{"nom":"31G15 X 0026 0033 3","designation":"31G15 X 0026 0033 3","statut":"demande","lomiko":false,"centre":[-74.72833,45.96167]},"geometry":{"type":"Polygon","coordinates":[[[-74.725,45.958333],[-74.733333,45.958333],[-74.733333,45.966667],[-74.725,45.966667],[-74.725,45.958333]]]}},{"type":"Feature","properties":{"nom":"31G15 X 0027 0033 2","designation":"31G15 X 0027 0033 2","statut":"demande","lomiko":false,"centre":[-74.72555,45.96935]},"geometry":{"type":"Polygon","coordinates":[[[-74.725,45.968563],[-74.725129,45.968633],[-74.725257,45.968706],[-74.725364,45.96877],[-74.725468,45.968835],[-74.725571,45.968902],[-74.725672,45.968971],[-74.72577,45.969041],[-74.725866,45.969113],[-74.72596,45.969186],[-74.726052,45.96926],[-74.726054,45.969262],[-74.72602,45.972208],[-74.725,45.972197],[-74.725,45.968563]]]}},{"type":"Feature","properties":{"nom":"31J02 X 0006 0030 0","designation":"31J02 X 0006 0030 0","statut":"demande","lomiko":false,"centre":[-74.75333,46.045]},"geometry":{"type":"Polygon","coordinates":[[[-74.75,46.041667],[-74.758334,46.041667],[-74.758334,46.05],[-74.75,46.05],[-74.75,46.041667]]]}},{"type":"Feature","properties":{"nom":"31J10 X 0013 0012 1","designation":"31J10 X 0013 0012 1","statut":"demande","lomiko":false,"centre":[-74.90223,46.6014]},"geometry":{"type":"Polygon","coordinates":[[[-74.902517,46.6],[-74.908333,46.6],[-74.908333,46.608333],[-74.9,46.608333],[-74.9,46.600937],[-74.90025,46.600878],[-74.900518,46.600808],[-74.900781,46.600731],[-74.90104,46.600648],[-74.901295,46.600558],[-74.901545,46.600462],[-74.901789,46.60036],[-74.902028,46.600251],[-74.902261,46.600137],[-74.902488,46.600017],[-74.902517,46.6]]]}},{"type":"Feature","properties":{"nom":"31J10 X 0013 0016 2","designation":"31J10 X 0013 0016 2","statut":"demande","lomiko":false,"centre":[-74.86898,46.60281]},"geometry":{"type":"Polygon","coordinates":[[[-74.866667,46.6],[-74.873626,46.6],[-74.8724,46.600984],[-74.872196,46.601141],[-74.87201,46.601274],[-74.869665,46.60289],[-74.869452,46.603031],[-74.869239,46.603162],[-74.869018,46.603288],[-74.868791,46.603408],[-74.868558,46.603522],[-74.868318,46.603624],[-74.868159,46.603781],[-74.867992,46.603942],[-74.867816,46.604097],[-74.867633,46.604248],[-74.867441,46.604395],[-74.867258,46.604526],[-74.866667,46.604934],[-74.866667,46.6]]]}},{"type":"Feature","properties":{"nom":"31J10 X 0013 0017 0","designation":"31J10 X 0013 0017 0","statut":"demande","lomiko":false,"centre":[-74.86167,46.60333]},"geometry":{"type":"Polygon","coordinates":[[[-74.858333,46.6],[-74.866667,46.6],[-74.866667,46.608333],[-74.858333,46.608333],[-74.858333,46.6]]]}},{"type":"Feature","properties":{"nom":"31G12 X 0018 0039 0","designation":"31G12 X 0018 0039 0","statut":"demande","lomiko":false,"centre":[-75.67833,45.645]},"geometry":{"type":"Polygon","coordinates":[[[-75.675,45.641667],[-75.683333,45.641667],[-75.683333,45.65],[-75.675,45.65],[-75.675,45.641667]]]}},{"type":"Feature","properties":{"nom":"31G12 X 0018 0040 0","designation":"31G12 X 0018 0040 0","statut":"demande","lomiko":false,"centre":[-75.67,45.645]},"geometry":{"type":"Polygon","coordinates":[[[-75.666667,45.641667],[-75.675,45.641667],[-75.675,45.65],[-75.666667,45.65],[-75.666667,45.641667]]]}},{"type":"Feature","properties":{"nom":"31F16 X 0023 0048 1","designation":"31F16 X 0023 0048 1","statut":"demande","lomiko":false,"centre":[-76.10338,45.93973]},"geometry":{"type":"Polygon","coordinates":[[[-76.1,45.933333],[-76.108333,45.933333],[-76.108333,45.939604],[-76.108067,45.939699],[-76.10768,45.939837],[-76.105408,45.940643],[-76.10425,45.941054],[-76.104187,45.941076],[-76.104144,45.941092],[-76.104027,45.941133],[-76.102608,45.941637],[-76.102591,45.9411],[-76.102201,45.941105],[-76.101827,45.941109],[-76.101612,45.941112],[-76.101429,45.941114],[-76.100559,45.941124],[-76.100331,45.941126],[-76.1,45.94113],[-76.1,45.933333]]]}},{"type":"Feature","properties":{"nom":"31F16 X 0023 0048 2","designation":"31F16 X 0023 0048 2","statut":"demande","lomiko":false,"centre":[-76.10591,45.94091]},"geometry":{"type":"Polygon","coordinates":[[[-76.108333,45.939853],[-76.108333,45.941667],[-76.103215,45.941667],[-76.10398,45.941396],[-76.104686,45.941146],[-76.10485,45.941088],[-76.105461,45.940871],[-76.105975,45.940689],[-76.108333,45.939853]]]}},{"type":"Feature","properties":{"nom":"31G13 X 0008 0029 0","designation":"31G13 X 0008 0029 0","statut":"demande","lomiko":false,"centre":[-75.76167,45.81167]},"geometry":{"type":"Polygon","coordinates":[[[-75.758333,45.808333],[-75.766667,45.808333],[-75.766667,45.816667],[-75.758333,45.816667],[-75.758333,45.808333]]]}},{"type":"Feature","properties":{"nom":"31G13 X 0008 0028 0","designation":"31G13 X 0008 0028 0","statut":"demande","lomiko":false,"centre":[-75.77,45.81167]},"geometry":{"type":"Polygon","coordinates":[[[-75.766667,45.808333],[-75.775,45.808333],[-75.775,45.816667],[-75.766667,45.816667],[-75.766667,45.808333]]]}},{"type":"Feature","properties":{"nom":"31G13 X 0008 0030 0","designation":"31G13 X 0008 0030 0","statut":"demande","lomiko":false,"centre":[-75.75333,45.81167]},"geometry":{"type":"Polygon","coordinates":[[[-75.75,45.808333],[-75.758333,45.808333],[-75.758333,45.816667],[-75.75,45.816667],[-75.75,45.808333]]]}},{"type":"Feature","properties":{"nom":"31G13 X 0009 0028 0","designation":"31G13 X 0009 0028 0","statut":"demande","lomiko":false,"centre":[-75.77,45.82]},"geometry":{"type":"Polygon","coordinates":[[[-75.766667,45.816667],[-75.775,45.816667],[-75.775,45.825],[-75.766667,45.825],[-75.766667,45.816667]]]}},{"type":"Feature","properties":{"nom":"31G13 X 0009 0029 0","designation":"31G13 X 0009 0029 0","statut":"demande","lomiko":false,"centre":[-75.76167,45.82]},"geometry":{"type":"Polygon","coordinates":[[[-75.758333,45.816667],[-75.766667,45.816667],[-75.766667,45.825],[-75.758333,45.825],[-75.758333,45.816667]]]}},{"type":"Feature","properties":{"nom":"31G13 X 0011 0029 1","designation":"31G13 X 0011 0029 1","statut":"demande","lomiko":false,"centre":[-75.76375,45.83588]},"geometry":{"type":"Polygon","coordinates":[[[-75.758333,45.833333],[-75.766294,45.833333],[-75.766281,45.833439],[-75.766342,45.834335],[-75.766488,45.835335],[-75.766667,45.836519],[-75.766667,45.841667],[-75.758333,45.841667],[-75.758333,45.833333]]]}},{"type":"Feature","properties":{"nom":"31G13 X 0012 0028 1","designation":"31G13 X 0012 0028 1","statut":"demande","lomiko":false,"centre":[-75.77057,45.84408]},"geometry":{"type":"Polygon","coordinates":[[[-75.766667,45.841667],[-75.769173,45.841667],[-75.769347,45.841846],[-75.770257,45.842679],[-75.771484,45.84322],[-75.772544,45.843605],[-75.773498,45.843998],[-75.775,45.844486],[-75.775,45.85],[-75.766667,45.85],[-75.766667,45.841667]]]}},{"type":"Feature","properties":{"nom":"31G13 X 0012 0029 0","designation":"31G13 X 0012 0029 0","statut":"demande","lomiko":false,"centre":[-75.76167,45.845]},"geometry":{"type":"Polygon","coordinates":[[[-75.758333,45.841667],[-75.766667,45.841667],[-75.766667,45.85],[-75.758333,45.85],[-75.758333,45.841667]]]}},{"type":"Feature","properties":{"nom":"31J11 X 0001 0035 0","designation":"31J11 X 0001 0035 0","statut":"demande","lomiko":false,"centre":[-75.21167,46.50333]},"geometry":{"type":"Polygon","coordinates":[[[-75.208333,46.5],[-75.216667,46.5],[-75.216667,46.508333],[-75.208333,46.508333],[-75.208333,46.5]]]}},{"type":"Feature","properties":{"nom":"31J11 X 0001 0036 0","designation":"31J11 X 0001 0036 0","statut":"demande","lomiko":false,"centre":[-75.20333,46.50333]},"geometry":{"type":"Polygon","coordinates":[[[-75.2,46.5],[-75.208333,46.5],[-75.208333,46.508333],[-75.2,46.508333],[-75.2,46.5]]]}},{"type":"Feature","properties":{"nom":"31J11 X 0001 0037 0","designation":"31J11 X 0001 0037 0","statut":"demande","lomiko":false,"centre":[-75.195,46.50333]},"geometry":{"type":"Polygon","coordinates":[[[-75.191667,46.5],[-75.2,46.5],[-75.2,46.508333],[-75.191667,46.508333],[-75.191667,46.5]]]}},{"type":"Feature","properties":{"nom":"31J11 X 0002 0036 0","designation":"31J11 X 0002 0036 0","statut":"demande","lomiko":false,"centre":[-75.20333,46.51167]},"geometry":{"type":"Polygon","coordinates":[[[-75.2,46.508333],[-75.208333,46.508333],[-75.208333,46.516667],[-75.2,46.516667],[-75.2,46.508333]]]}},{"type":"Feature","properties":{"nom":"31J11 X 0002 0037 0","designation":"31J11 X 0002 0037 0","statut":"demande","lomiko":false,"centre":[-75.195,46.51167]},"geometry":{"type":"Polygon","coordinates":[[[-75.191667,46.508333],[-75.2,46.508333],[-75.2,46.516667],[-75.191667,46.516667],[-75.191667,46.508333]]]}},{"type":"Feature","properties":{"nom":"31J11 X 0003 0036 0","designation":"31J11 X 0003 0036 0","statut":"demande","lomiko":false,"centre":[-75.20333,46.52]},"geometry":{"type":"Polygon","coordinates":[[[-75.2,46.516667],[-75.208333,46.516667],[-75.208333,46.525],[-75.2,46.525],[-75.2,46.516667]]]}},{"type":"Feature","properties":{"nom":"31J11 X 0003 0037 0","designation":"31J11 X 0003 0037 0","statut":"demande","lomiko":false,"centre":[-75.195,46.52]},"geometry":{"type":"Polygon","coordinates":[[[-75.191667,46.516667],[-75.2,46.516667],[-75.2,46.525],[-75.191667,46.525],[-75.191667,46.516667]]]}},{"type":"Feature","properties":{"nom":"31J11 X 0004 0036 0","designation":"31J11 X 0004 0036 0","statut":"demande","lomiko":false,"centre":[-75.20333,46.52833]},"geometry":{"type":"Polygon","coordinates":[[[-75.2,46.525],[-75.208333,46.525],[-75.208333,46.533333],[-75.2,46.533333],[-75.2,46.525]]]}},{"type":"Feature","properties":{"nom":"31J11 X 0004 0037 0","designation":"31J11 X 0004 0037 0","statut":"demande","lomiko":false,"centre":[-75.195,46.52833]},"geometry":{"type":"Polygon","coordinates":[[[-75.191667,46.525],[-75.2,46.525],[-75.2,46.533333],[-75.191667,46.533333],[-75.191667,46.525]]]}},{"type":"Feature","properties":{"nom":"31J11 X 0005 0036 3","designation":"31J11 X 0005 0036 3","statut":"demande","lomiko":false,"centre":[-75.20452,46.5375]},"geometry":{"type":"Polygon","coordinates":[[[-75.2,46.533333],[-75.208333,46.533333],[-75.208333,46.540027],[-75.206872,46.540013],[-75.206518,46.539988],[-75.206099,46.540006],[-75.2,46.539949],[-75.2,46.533333]]]}},{"type":"Feature","properties":{"nom":"31G10 X 0019 0042 0","designation":"31G10 X 0019 0042 0","statut":"demande","lomiko":false,"centre":[-74.65333,45.65333]},"geometry":{"type":"Polygon","coordinates":[[[-74.65,45.65],[-74.658333,45.65],[-74.658333,45.658333],[-74.65,45.658333],[-74.65,45.65]]]}},{"type":"Feature","properties":{"nom":"31K08 X 0026 0045 0","designation":"31K08 X 0026 0045 0","statut":"demande","lomiko":false,"centre":[-76.12833,46.46167]},"geometry":{"type":"Polygon","coordinates":[[[-76.125,46.458333],[-76.133333,46.458333],[-76.133333,46.466667],[-76.125,46.466667],[-76.125,46.458333]]]}},{"type":"Feature","properties":{"nom":"31K08 X 0026 0046 0","designation":"31K08 X 0026 0046 0","statut":"demande","lomiko":false,"centre":[-76.12,46.46167]},"geometry":{"type":"Polygon","coordinates":[[[-76.116667,46.458333],[-76.125,46.458333],[-76.125,46.466667],[-76.116667,46.466667],[-76.116667,46.458333]]]}},{"type":"Feature","properties":{"nom":"31K08 X 0026 0047 0","designation":"31K08 X 0026 0047 0","statut":"demande","lomiko":false,"centre":[-76.11167,46.46167]},"geometry":{"type":"Polygon","coordinates":[[[-76.108333,46.458333],[-76.116667,46.458333],[-76.116667,46.466667],[-76.108333,46.466667],[-76.108333,46.458333]]]}},{"type":"Feature","properties":{"nom":"31K08 X 0027 0047 0","designation":"31K08 X 0027 0047 0","statut":"demande","lomiko":false,"centre":[-76.11167,46.47]},"geometry":{"type":"Polygon","coordinates":[[[-76.108333,46.466667],[-76.116667,46.466667],[-76.116667,46.475],[-76.108333,46.475],[-76.108333,46.466667]]]}},{"type":"Feature","properties":{"nom":"31K08 X 0028 0045 0","designation":"31K08 X 0028 0045 0","statut":"demande","lomiko":false,"centre":[-76.12833,46.47833]},"geometry":{"type":"Polygon","coordinates":[[[-76.125,46.475],[-76.133333,46.475],[-76.133333,46.483333],[-76.125,46.483333],[-76.125,46.475]]]}},{"type":"Feature","properties":{"nom":"31K08 X 0028 0046 0","designation":"31K08 X 0028 0046 0","statut":"demande","lomiko":false,"centre":[-76.12,46.47833]},"geometry":{"type":"Polygon","coordinates":[[[-76.116667,46.475],[-76.125,46.475],[-76.125,46.483333],[-76.116667,46.483333],[-76.116667,46.475]]]}},{"type":"Feature","properties":{"nom":"31K08 X 0028 0047 0","designation":"31K08 X 0028 0047 0","statut":"demande","lomiko":false,"centre":[-76.11167,46.47833]},"geometry":{"type":"Polygon","coordinates":[[[-76.108333,46.475],[-76.116667,46.475],[-76.116667,46.483333],[-76.108333,46.483333],[-76.108333,46.475]]]}},{"type":"Feature","properties":{"nom":"31J04 X 0016 0005 4","designation":"31J04 X 0016 0005 4","statut":"demande","lomiko":false,"centre":[-75.96167,46.12833]},"geometry":{"type":"Polygon","coordinates":[[[-75.958333,46.125],[-75.966667,46.125],[-75.966667,46.133333],[-75.958333,46.133333],[-75.958333,46.125]]]}},{"type":"Feature","properties":{"nom":"31J01 X 0029 0007 1","designation":"31J01 X 0029 0007 1","statut":"demande","lomiko":false,"centre":[-74.44669,46.23523]},"geometry":{"type":"Polygon","coordinates":[[[-74.441667,46.233333],[-74.448698,46.233333],[-74.448432,46.233597],[-74.448168,46.233899],[-74.447983,46.234143],[-74.447932,46.234214],[-74.447883,46.234284],[-74.447678,46.234607],[-74.447505,46.234939],[-74.447363,46.235279],[-74.447315,46.235416],[-74.447301,46.235461],[-74.447239,46.235668],[-74.447189,46.235875],[-74.447088,46.236355],[-74.44706,46.236498],[-74.447016,46.236849],[-74.447015,46.236879],[-74.441667,46.240626],[-74.441667,46.233333]]]}},{"type":"Feature","properties":{"nom":"31G10 X 0028 0049 3","designation":"31G10 X 0028 0049 3","statut":"demande","lomiko":false,"centre":[-74.59409,45.72933]},"geometry":{"type":"Polygon","coordinates":[[[-74.6,45.726799],[-74.6,45.729664],[-74.598811,45.730122],[-74.598055,45.730522],[-74.597515,45.73073],[-74.596485,45.730752],[-74.593918,45.730217],[-74.593091,45.730107],[-74.592144,45.73074],[-74.591927,45.7311],[-74.591787,45.731317],[-74.592139,45.732107],[-74.592171,45.732849],[-74.591859,45.733333],[-74.591667,45.733333],[-74.591667,45.729642],[-74.591674,45.729637],[-74.591781,45.729581],[-74.59194,45.729514],[-74.592051,45.729461],[-74.592124,45.729419],[-74.592181,45.729374],[-74.592279,45.729318],[-74.592369,45.729283],[-74.592486,45.729255],[-74.592612,45.729216],[-74.592746,45.729183],[-74.59289,45.729148],[-74.592954,45.729119],[-74.593021,45.72908],[-74.593084,45.729018],[-74.593134,45.728959],[-74.593189,45.728882],[-74.593212,45.728846],[-74.59328,45.728796],[-74.593375,45.728756],[-74.593487,45.728734],[-74.593551,45.728714],[-74.593637,45.728675],[-74.593727,45.728631],[-74.593819,45.728572],[-74.593845,45.728541],[-74.593943,45.728462],[-74.59398,45.728431],[-74.594024,45.728409],[-74.594052,45.728412],[-74.59406,45.728392],[-74.594062,45.728391],[-74.594172,45.728366],[-74.594254,45.728353],[-74.59422,45.728393],[-74.594692,45.728479],[-74.595341,45.728639],[-74.596722,45.72894],[-74.597827,45.72841],[-74.598473,45.72824],[-74.599465,45.727257],[-74.6,45.726799]]]}},{"type":"Feature","properties":{"nom":"31G10 X 0028 0049 9","designation":"31G10 X 0028 0049 9","statut":"demande","lomiko":false,"centre":[-74.59249,45.72866]},"geometry":{"type":"Polygon","coordinates":[[[-74.592851,45.728385],[-74.592897,45.72841],[-74.592905,45.728465],[-74.59287,45.728548],[-74.592829,45.728602],[-74.592769,45.728653],[-74.592719,45.728692],[-74.592605,45.728769],[-74.592573,45.728787],[-74.592483,45.728823],[-74.592421,45.728865],[-74.592366,45.728916],[-74.592315,45.728949],[-74.592235,45.728961],[-74.592176,45.728933],[-74.592125,45.728883],[-74.592116,45.728837],[-74.592137,45.728796],[-74.592169,45.728761],[-74.592199,45.728718],[-74.592212,45.728673],[-74.59222,45.728627],[-74.592256,45.728574],[-74.592309,45.728538],[-74.5924,45.728513],[-74.59251,45.728494],[-74.592568,45.728487],[-74.592646,45.728473],[-74.592702,45.728445],[-74.592773,45.728398],[-74.592851,45.728385]]]}},{"type":"Feature","properties":{"nom":"31G10 X 0028 0049 11","designation":"31G10 X 0028 0049 11","statut":"demande","lomiko":false,"centre":[-74.59204,45.72847]},"geometry":{"type":"Polygon","coordinates":[[[-74.592159,45.727915],[-74.592114,45.72795],[-74.59208,45.727973],[-74.592091,45.72798],[-74.592151,45.727994],[-74.592221,45.727994],[-74.592314,45.727972],[-74.592351,45.727953],[-74.592379,45.727929],[-74.592418,45.727915],[-74.592529,45.72792],[-74.592591,45.727937],[-74.592688,45.727949],[-74.592765,45.727958],[-74.592853,45.727977],[-74.592853,45.728015],[-74.592471,45.728019],[-74.592318,45.728028],[-74.591983,45.728331],[-74.592159,45.72832],[-74.592154,45.728327],[-74.592123,45.728396],[-74.592081,45.728544],[-74.592073,45.728601],[-74.592067,45.728656],[-74.592052,45.728724],[-74.592025,45.728784],[-74.592002,45.72882],[-74.591967,45.728861],[-74.591898,45.728883],[-74.591959,45.728927],[-74.591997,45.728983],[-74.592012,45.729039],[-74.591995,45.72911],[-74.591949,45.729159],[-74.591853,45.729193],[-74.59181,45.729199],[-74.591756,45.729231],[-74.591736,45.72926],[-74.591729,45.7293],[-74.591715,45.729343],[-74.591681,45.729389],[-74.591667,45.729404],[-74.591667,45.728721],[-74.591696,45.728703],[-74.59172,45.728678],[-74.591769,45.728636],[-74.591811,45.728614],[-74.591877,45.728586],[-74.591918,45.728557],[-74.591952,45.728516],[-74.591969,45.72847],[-74.591973,45.728421],[-74.59195,45.728347],[-74.591927,45.728288],[-74.591906,45.728224],[-74.591882,45.728186],[-74.591849,45.728154],[-74.591826,45.728121],[-74.591794,45.728138],[-74.591667,45.728195],[-74.591667,45.728131],[-74.59176,45.728017],[-74.592159,45.727915]]]}},{"type":"Feature","properties":{"nom":"31G10 X 0028 0050 3","designation":"31G10 X 0028 0050 3","statut":"demande","lomiko":false,"centre":[-74.5882,45.73005]},"geometry":{"type":"Polygon","coordinates":[[[-74.583333,45.725],[-74.590109,45.725],[-74.59013,45.725048],[-74.590141,45.725114],[-74.59014,45.725182],[-74.590142,45.72525],[-74.590168,45.725339],[-74.590188,45.725397],[-74.590233,45.725482],[-74.590278,45.725541],[-74.590347,45.725603],[-74.590434,45.725675],[-74.590507,45.725719],[-74.590602,45.725759],[-74.590694,45.725796],[-74.590885,45.725841],[-74.590986,45.725852],[-74.591063,45.725847],[-74.590903,45.726227],[-74.590065,45.727307],[-74.590831,45.727258],[-74.590955,45.72749],[-74.590721,45.727442],[-74.59071,45.727442],[-74.590709,45.727442],[-74.590497,45.7274],[-74.590387,45.727401],[-74.590247,45.727421],[-74.590134,45.727452],[-74.590056,45.727475],[-74.589929,45.727486],[-74.589807,45.727488],[-74.5897,45.727484],[-74.589586,45.727499],[-74.589546,45.727517],[-74.589502,45.727536],[-74.589429,45.727581],[-74.589351,45.727653],[-74.589302,45.727733],[-74.589227,45.727801],[-74.589128,45.727864],[-74.589013,45.727921],[-74.588914,45.727965],[-74.588789,45.728003],[-74.588686,45.728018],[-74.588594,45.728011],[-74.588461,45.727996],[-74.588344,45.727989],[-74.588234,45.72801],[-74.588164,45.728046],[-74.588109,45.728096],[-74.58806,45.728148],[-74.588029,45.728161],[-74.587951,45.728166],[-74.587745,45.728441],[-74.587395,45.728867],[-74.587201,45.729148],[-74.587047,45.729302],[-74.587124,45.729315],[-74.587162,45.729345],[-74.587167,45.729389],[-74.587142,45.729443],[-74.58715,45.729498],[-74.587191,45.72954],[-74.587234,45.72955],[-74.58729,45.729541],[-74.587403,45.729496],[-74.587464,45.729446],[-74.587547,45.729405],[-74.587674,45.729403],[-74.587771,45.729426],[-74.58783,45.729463],[-74.587852,45.729517],[-74.587854,45.729567],[-74.58782,45.729613],[-74.587773,45.729645],[-74.587691,45.729687],[-74.587597,45.729744],[-74.587502,45.729806],[-74.587459,45.729859],[-74.587445,45.729905],[-74.587451,45.729969],[-74.587491,45.73],[-74.587568,45.730015],[-74.587649,45.730008],[-74.587733,45.729981],[-74.587788,45.729942],[-74.587828,45.729894],[-74.587896,45.729854],[-74.587913,45.729846],[-74.587957,45.729828],[-74.588045,45.729805],[-74.58813,45.729793],[-74.589755,45.730048],[-74.590206,45.729568],[-74.590959,45.729026],[-74.590732,45.728893],[-74.590855,45.728709],[-74.59082,45.728633],[-74.59084,45.72863],[-74.590862,45.72863],[-74.590901,45.728634],[-74.590933,45.728664],[-74.590965,45.728695],[-74.590987,45.728724],[-74.591064,45.728793],[-74.591143,45.728843],[-74.59122,45.728883],[-74.59126,45.7289],[-74.591324,45.728899],[-74.591366,45.728883],[-74.5914,45.728853],[-74.591417,45.728836],[-74.591479,45.728804],[-74.59153,45.728779],[-74.591599,45.728752],[-74.591654,45.728729],[-74.591667,45.728721],[-74.591667,45.729404],[-74.59166,45.729411],[-74.591616,45.729475],[-74.591603,45.729518],[-74.591601,45.729577],[-74.591611,45.729627],[-74.591622,45.729671],[-74.591667,45.729642],[-74.591667,45.733333],[-74.590393,45.733333],[-74.590402,45.733325],[-74.590455,45.733289],[-74.590487,45.733254],[-74.590497,45.733214],[-74.59048,45.73317],[-74.590429,45.733143],[-74.590313,45.733121],[-74.590204,45.733126],[-74.590109,45.733124],[-74.59003,45.733109],[-74.58997,45.733071],[-74.58994,45.733025],[-74.589928,45.732977],[-74.589937,45.732917],[-74.589983,45.732835],[-74.590053,45.732723],[-74.590066,45.732681],[-74.590083,45.732611],[-74.590082,45.732551],[-74.590086,45.732479],[-74.590093,45.732422],[-74.590121,45.732352],[-74.590157,45.732303],[-74.590206,45.732269],[-74.590288,45.732238],[-74.590378,45.732231],[-74.590476,45.732244],[-74.590558,45.732282],[-74.590615,45.732352],[-74.590625,45.732411],[-74.590633,45.732471],[-74.590663,45.732556],[-74.590724,45.73262],[-74.590783,45.732647],[-74.590828,45.732641],[-74.590858,45.732597],[-74.590857,45.732527],[-74.590849,45.732438],[-74.590809,45.732272],[-74.59078,45.732205],[-74.590738,45.732125],[-74.590679,45.732068],[-74.590614,45.732023],[-74.590526,45.731966],[-74.590477,45.731921],[-74.590433,45.731848],[-74.590405,45.731774],[-74.59036,45.731731],[-74.590308,45.731709],[-74.590228,45.731716],[-74.590145,45.731751],[-74.590096,45.731777],[-74.590027,45.731787],[-74.58996,45.731767],[-74.589913,45.73172],[-74.589898,45.731668],[-74.589904,45.731605],[-74.589942,45.73152],[-74.590027,45.731349],[-74.590074,45.731299],[-74.590152,45.731231],[-74.590216,45.731172],[-74.59033,45.731114],[-74.590431,45.731078],[-74.590501,45.731034],[-74.590529,45.730984],[-74.590523,45.730919],[-74.590473,45.730861],[-74.590385,45.730823],[-74.590298,45.730807],[-74.590213,45.730793],[-74.590115,45.730758],[-74.589962,45.730663],[-74.589902,45.730636],[-74.58985,45.73063],[-74.589785,45.730644],[-74.589745,45.730694],[-74.589746,45.730739],[-74.589791,45.730789],[-74.589856,45.730836],[-74.589907,45.730895],[-74.589957,45.730962],[-74.589963,45.731021],[-74.589947,45.731066],[-74.589907,45.731124],[-74.58985,45.731184],[-74.589791,45.73123],[-74.589734,45.731309],[-74.589698,45.731387],[-74.58966,45.731458],[-74.589622,45.731529],[-74.589567,45.731604],[-74.589497,45.731673],[-74.589415,45.731723],[-74.589306,45.731778],[-74.589235,45.731822],[-74.589176,45.731872],[-74.589113,45.731932],[-74.589045,45.731979],[-74.588969,45.732003],[-74.588861,45.732012],[-74.588754,45.732009],[-74.588611,45.73199],[-74.588529,45.731976],[-74.588416,45.731943],[-74.588307,45.731902],[-74.588229,45.731876],[-74.588119,45.731834],[-74.588086,45.731832],[-74.58805,45.731849],[-74.588059,45.731886],[-74.588123,45.731931],[-74.5882,45.731962],[-74.588306,45.731994],[-74.588443,45.732074],[-74.588471,45.732113],[-74.588478,45.732172],[-74.588455,45.732226],[-74.588398,45.732285],[-74.588276,45.732371],[-74.588211,45.732426],[-74.588177,45.732481],[-74.588157,45.732555],[-74.588164,45.732601],[-74.588167,45.732639],[-74.588152,45.732669],[-74.588105,45.732696],[-74.588022,45.73271],[-74.587945,45.732712],[-74.587859,45.732691],[-74.587767,45.732661],[-74.587635,45.732655],[-74.587546,45.732674],[-74.587425,45.732711],[-74.587361,45.732741],[-74.5873,45.732787],[-74.587245,45.732842],[-74.587209,45.732886],[-74.587135,45.732974],[-74.58712,45.733027],[-74.587133,45.733102],[-74.58718,45.733203],[-74.587306,45.733333],[-74.58463,45.733333],[-74.584629,45.733317],[-74.584602,45.733263],[-74.584578,45.733214],[-74.584571,45.733164],[-74.584597,45.733086],[-74.584636,45.733032],[-74.584688,45.732984],[-74.584708,45.732946],[-74.584716,45.732892],[-74.584703,45.732827],[-74.584662,45.732754],[-74.584613,45.732678],[-74.584569,45.732609],[-74.584505,45.73253],[-74.584404,45.73235],[-74.584361,45.732292],[-74.584309,45.732218],[-74.584262,45.732141],[-74.584236,45.732092],[-74.584223,45.731983],[-74.584229,45.73192],[-74.584247,45.731855],[-74.584294,45.731781],[-74.584351,45.731692],[-74.584387,45.731598],[-74.584515,45.731387],[-74.584558,45.731315],[-74.584594,45.73125],[-74.58463,45.731167],[-74.584672,45.731096],[-74.584678,45.731086],[-74.584777,45.730961],[-74.584843,45.730887],[-74.58492,45.730818],[-74.585006,45.73076],[-74.585132,45.730687],[-74.585238,45.730628],[-74.585369,45.730582],[-74.585627,45.730508],[-74.585721,45.730484],[-74.585759,45.730474],[-74.585866,45.730446],[-74.585925,45.730415],[-74.585973,45.730378],[-74.586062,45.730306],[-74.586123,45.730258],[-74.586153,45.730214],[-74.58618,45.730149],[-74.586201,45.730084],[-74.586202,45.730015],[-74.586178,45.729914],[-74.586152,45.729853],[-74.586141,45.729811],[-74.586153,45.729761],[-74.586202,45.729705],[-74.586265,45.729655],[-74.586324,45.729613],[-74.586412,45.729542],[-74.58652,45.729473],[-74.586599,45.729419],[-74.586719,45.729362],[-74.586811,45.729325],[-74.58684,45.729319],[-74.586937,45.729262],[-74.587253,45.728881],[-74.58761,45.728442],[-74.587878,45.728084],[-74.587884,45.728032],[-74.587895,45.727986],[-74.58789,45.727939],[-74.587859,45.727906],[-74.587796,45.727879],[-74.587684,45.727874],[-74.587591,45.727881],[-74.587492,45.727891],[-74.587398,45.727886],[-74.587261,45.727876],[-74.587132,45.727877],[-74.58702,45.727872],[-74.586749,45.727848],[-74.586553,45.72782],[-74.586449,45.727794],[-74.586341,45.727758],[-74.58623,45.727687],[-74.586112,45.727645],[-74.585972,45.727611],[-74.585839,45.727584],[-74.585678,45.727534],[-74.585606,45.727523],[-74.585497,45.727521],[-74.585411,45.727528],[-74.585264,45.727552],[-74.585181,45.727571],[-74.585109,45.72757],[-74.585066,45.727563],[-74.584997,45.727543],[-74.584942,45.727495],[-74.584919,45.727441],[-74.58489,45.727384],[-74.584813,45.72731],[-74.584706,45.727244],[-74.584606,45.727188],[-74.584519,45.727155],[-74.58441,45.727138],[-74.58434,45.727145],[-74.584311,45.727171],[-74.584293,45.727236],[-74.584249,45.727256],[-74.584182,45.727264],[-74.584114,45.72726],[-74.584039,45.727246],[-74.583927,45.727198],[-74.583859,45.727153],[-74.583783,45.727093],[-74.583716,45.727022],[-74.583569,45.72684],[-74.58352,45.726759],[-74.583402,45.726574],[-74.583351,45.726508],[-74.583333,45.726472],[-74.583333,45.725]]]}},{"type":"Feature","properties":{"nom":"31G10 X 0028 0050 9","designation":"31G10 X 0028 0050 9","statut":"demande","lomiko":false,"centre":[-74.58439,45.72834]},"geometry":{"type":"Polygon","coordinates":[[[-74.583333,45.727006],[-74.583337,45.727007],[-74.583407,45.727063],[-74.58345,45.727122],[-74.583474,45.727172],[-74.583498,45.727211],[-74.583524,45.727241],[-74.58356,45.72727],[-74.583581,45.7273],[-74.58359,45.727339],[-74.583579,45.727378],[-74.583567,45.727423],[-74.58357,45.727464],[-74.583596,45.727517],[-74.583626,45.727565],[-74.58368,45.72763],[-74.58375,45.727697],[-74.583846,45.727778],[-74.583894,45.727794],[-74.583941,45.727806],[-74.58401,45.727811],[-74.584089,45.727812],[-74.584166,45.7278],[-74.584216,45.727786],[-74.584259,45.727772],[-74.58433,45.727763],[-74.584405,45.727771],[-74.584472,45.7278],[-74.584524,45.727833],[-74.584594,45.727869],[-74.584636,45.727882],[-74.584695,45.727895],[-74.584816,45.727888],[-74.584938,45.727902],[-74.585014,45.72794],[-74.585058,45.727993],[-74.585076,45.728051],[-74.585058,45.72815],[-74.585033,45.728215],[-74.584996,45.728281],[-74.584957,45.72836],[-74.584878,45.728433],[-74.584803,45.728489],[-74.584766,45.728531],[-74.584734,45.728584],[-74.584733,45.728654],[-74.584773,45.728688],[-74.584848,45.728719],[-74.584906,45.728733],[-74.584989,45.728748],[-74.585077,45.728771],[-74.58517,45.728839],[-74.585189,45.728888],[-74.585195,45.728943],[-74.585191,45.729009],[-74.585192,45.729059],[-74.585141,45.729143],[-74.585083,45.729199],[-74.585052,45.729249],[-74.585035,45.72929],[-74.585015,45.729344],[-74.584984,45.729416],[-74.584968,45.729482],[-74.584959,45.729543],[-74.584925,45.729591],[-74.584869,45.729632],[-74.584795,45.729669],[-74.584651,45.729688],[-74.584531,45.729692],[-74.584443,45.729678],[-74.584314,45.729637],[-74.584209,45.729592],[-74.5841,45.729552],[-74.584017,45.729537],[-74.583973,45.729542],[-74.584091,45.729293],[-74.584064,45.729084],[-74.58371,45.728142],[-74.583333,45.72785],[-74.583333,45.727006]]]}},{"type":"Feature","properties":{"nom":"31G10 X 0028 0050 11","designation":"31G10 X 0028 0050 11","statut":"demande","lomiko":false,"centre":[-74.58359,45.73088]},"geometry":{"type":"Polygon","coordinates":[[[-74.583565,45.730546],[-74.583594,45.730569],[-74.583635,45.730589],[-74.5837,45.730625],[-74.583745,45.730649],[-74.583785,45.730699],[-74.583815,45.730775],[-74.583797,45.730848],[-74.583738,45.730914],[-74.583688,45.730959],[-74.583626,45.731063],[-74.583606,45.731102],[-74.583568,45.731123],[-74.583507,45.731131],[-74.583445,45.731136],[-74.58339,45.731132],[-74.583347,45.731114],[-74.583333,45.731101],[-74.583333,45.730953],[-74.583565,45.730546]]]}},{"type":"Feature","properties":{"nom":"31G15 X 0028 0006 0","designation":"31G15 X 0028 0006 0","statut":"demande","lomiko":false,"centre":[-74.95333,45.97833]},"geometry":{"type":"Polygon","coordinates":[[[-74.95,45.975],[-74.958333,45.975],[-74.958333,45.983333],[-74.95,45.983333],[-74.95,45.975]]]}},{"type":"Feature","properties":{"nom":"31G15 X 0028 0007 0","designation":"31G15 X 0028 0007 0","statut":"demande","lomiko":false,"centre":[-74.945,45.97833]},"geometry":{"type":"Polygon","coordinates":[[[-74.941667,45.975],[-74.95,45.975],[-74.95,45.983333],[-74.941667,45.983333],[-74.941667,45.975]]]}},{"type":"Feature","properties":{"nom":"31G15 X 0029 0006 0","designation":"31G15 X 0029 0006 0","statut":"demande","lomiko":false,"centre":[-74.95333,45.98667]},"geometry":{"type":"Polygon","coordinates":[[[-74.95,45.983333],[-74.958333,45.983333],[-74.958333,45.991667],[-74.95,45.991667],[-74.95,45.983333]]]}},{"type":"Feature","properties":{"nom":"31G15 X 0029 0007 0","designation":"31G15 X 0029 0007 0","statut":"demande","lomiko":false,"centre":[-74.945,45.98667]},"geometry":{"type":"Polygon","coordinates":[[[-74.941667,45.983333],[-74.95,45.983333],[-74.95,45.991667],[-74.941667,45.991667],[-74.941667,45.983333]]]}},{"type":"Feature","properties":{"nom":"31G15 X 0028 0008 0","designation":"31G15 X 0028 0008 0","statut":"demande","lomiko":false,"centre":[-74.93667,45.97833]},"geometry":{"type":"Polygon","coordinates":[[[-74.933333,45.975],[-74.941667,45.975],[-74.941667,45.983333],[-74.933333,45.983333],[-74.933333,45.975]]]}},{"type":"Feature","properties":{"nom":"31G15 X 0028 0009 0","designation":"31G15 X 0028 0009 0","statut":"demande","lomiko":false,"centre":[-74.92833,45.97833]},"geometry":{"type":"Polygon","coordinates":[[[-74.925,45.975],[-74.933333,45.975],[-74.933333,45.983333],[-74.925,45.983333],[-74.925,45.975]]]}},{"type":"Feature","properties":{"nom":"31G15 X 0029 0008 0","designation":"31G15 X 0029 0008 0","statut":"demande","lomiko":false,"centre":[-74.93667,45.98667]},"geometry":{"type":"Polygon","coordinates":[[[-74.933333,45.983333],[-74.941667,45.983333],[-74.941667,45.991667],[-74.933333,45.991667],[-74.933333,45.983333]]]}},{"type":"Feature","properties":{"nom":"31G15 X 0029 0009 0","designation":"31G15 X 0029 0009 0","statut":"demande","lomiko":false,"centre":[-74.92833,45.98667]},"geometry":{"type":"Polygon","coordinates":[[[-74.925,45.983333],[-74.933333,45.983333],[-74.933333,45.991667],[-74.925,45.991667],[-74.925,45.983333]]]}},{"type":"Feature","properties":{"nom":"31J02 X 0004 0031 0","designation":"31J02 X 0004 0031 0","statut":"demande","lomiko":false,"centre":[-74.745,46.02833]},"geometry":{"type":"Polygon","coordinates":[[[-74.741667,46.025],[-74.75,46.025],[-74.75,46.033333],[-74.741667,46.033333],[-74.741667,46.025]]]}},{"type":"Feature","properties":{"nom":"31J02 X 0004 0032 0","designation":"31J02 X 0004 0032 0","statut":"demande","lomiko":false,"centre":[-74.73667,46.02833]},"geometry":{"type":"Polygon","coordinates":[[[-74.733334,46.025],[-74.741667,46.025],[-74.741667,46.033333],[-74.733334,46.033333],[-74.733334,46.025]]]}},{"type":"Feature","properties":{"nom":"31J02 X 0005 0031 0","designation":"31J02 X 0005 0031 0","statut":"demande","lomiko":false,"centre":[-74.745,46.03667]},"geometry":{"type":"Polygon","coordinates":[[[-74.741667,46.033333],[-74.75,46.033333],[-74.75,46.041667],[-74.741667,46.041667],[-74.741667,46.033333]]]}},{"type":"Feature","properties":{"nom":"31J02 X 0005 0032 0","designation":"31J02 X 0005 0032 0","statut":"demande","lomiko":false,"centre":[-74.73667,46.03667]},"geometry":{"type":"Polygon","coordinates":[[[-74.733334,46.033333],[-74.741667,46.033333],[-74.741667,46.041667],[-74.733334,46.041667],[-74.733334,46.033333]]]}},{"type":"Feature","properties":{"nom":"31J06 X 0019 0053 0","designation":"31J06 X 0019 0053 0","statut":"demande","lomiko":false,"centre":[-75.06167,46.40333]},"geometry":{"type":"Polygon","coordinates":[[[-75.058333,46.4],[-75.066667,46.4],[-75.066667,46.408333],[-75.058333,46.408333],[-75.058333,46.4]]]}},{"type":"Feature","properties":{"nom":"31J06 X 0019 0054 0","designation":"31J06 X 0019 0054 0","statut":"demande","lomiko":false,"centre":[-75.05333,46.40333]},"geometry":{"type":"Polygon","coordinates":[[[-75.05,46.4],[-75.058333,46.4],[-75.058333,46.408333],[-75.05,46.408333],[-75.05,46.4]]]}},{"type":"Feature","properties":{"nom":"31J06 X 0020 0052 0","designation":"31J06 X 0020 0052 0","statut":"demande","lomiko":false,"centre":[-75.07,46.41167]},"geometry":{"type":"Polygon","coordinates":[[[-75.066667,46.408333],[-75.075,46.408333],[-75.075,46.416667],[-75.066667,46.416667],[-75.066667,46.408333]]]}},{"type":"Feature","properties":{"nom":"31J06 X 0020 0053 0","designation":"31J06 X 0020 0053 0","statut":"demande","lomiko":false,"centre":[-75.06167,46.41167]},"geometry":{"type":"Polygon","coordinates":[[[-75.058333,46.408333],[-75.066667,46.408333],[-75.066667,46.416667],[-75.058333,46.416667],[-75.058333,46.408333]]]}},{"type":"Feature","properties":{"nom":"31J06 X 0020 0054 4","designation":"31J06 X 0020 0054 4","statut":"demande","lomiko":false,"centre":[-75.05572,46.41195]},"geometry":{"type":"Polygon","coordinates":[[[-75.05,46.408333],[-75.054357,46.408333],[-75.054002,46.408554],[-75.054334,46.408812],[-75.05457,46.408986],[-75.054933,46.409252],[-75.055207,46.409454],[-75.055934,46.408987],[-75.056374,46.408704],[-75.056761,46.408988],[-75.057463,46.409503],[-75.056295,46.410258],[-75.056644,46.410515],[-75.056646,46.410518],[-75.056649,46.41052],[-75.056651,46.410521],[-75.05674,46.410595],[-75.056742,46.410596],[-75.056744,46.410598],[-75.056746,46.410599],[-75.056962,46.410791],[-75.056963,46.410792],[-75.056965,46.410793],[-75.056966,46.410794],[-75.057169,46.410986],[-75.05717,46.410987],[-75.057172,46.410988],[-75.057173,46.41099],[-75.057363,46.411181],[-75.057366,46.411184],[-75.057369,46.411187],[-75.057371,46.41119],[-75.057548,46.4114],[-75.057551,46.411403],[-75.057553,46.411406],[-75.057555,46.411408],[-75.057626,46.411506],[-75.057856,46.411826],[-75.057858,46.411829],[-75.05786,46.411831],[-75.057861,46.411833],[-75.057998,46.412051],[-75.058001,46.412055],[-75.058003,46.412059],[-75.058005,46.412063],[-75.058116,46.412289],[-75.058227,46.412516],[-75.058229,46.412519],[-75.058231,46.412523],[-75.058232,46.412526],[-75.058317,46.412752],[-75.058318,46.412754],[-75.058318,46.412756],[-75.058319,46.412758],[-75.058333,46.412803],[-75.058333,46.416667],[-75.05,46.416667],[-75.05,46.416341],[-75.050389,46.416338],[-75.051094,46.416331],[-75.051255,46.416181],[-75.051328,46.416112],[-75.051242,46.416075],[-75.05097,46.415956],[-75.050789,46.41587],[-75.050623,46.415776],[-75.050468,46.415673],[-75.050461,46.415668],[-75.05,46.41533],[-75.05,46.408333]]]}},{"type":"Feature","properties":{"nom":"31J06 X 0020 0054 4","designation":"31J06 X 0020 0054 4","statut":"demande","lomiko":false,"centre":[-75.05541,46.41117]},"geometry":{"type":"Polygon","coordinates":[[[-75.052918,46.408477],[-75.053234,46.408986],[-75.053675,46.409695],[-75.053752,46.409836],[-75.053812,46.409979],[-75.053854,46.410125],[-75.053878,46.410273],[-75.053885,46.410421],[-75.053874,46.41057],[-75.053846,46.410715],[-75.053419,46.412385],[-75.053481,46.412632],[-75.054031,46.413034],[-75.056344,46.414038],[-75.05649,46.41404],[-75.056378,46.413301],[-75.057756,46.413153],[-75.057721,46.413024],[-75.057674,46.412873],[-75.057586,46.412653],[-75.057553,46.412569],[-75.057481,46.412419],[-75.057429,46.41233],[-75.057363,46.412218],[-75.057333,46.412168],[-75.057246,46.412032],[-75.057159,46.411897],[-75.05706,46.411753],[-75.056962,46.41162],[-75.056876,46.411525],[-75.056736,46.411368],[-75.056611,46.411233],[-75.056486,46.411107],[-75.05648,46.411101],[-75.0561,46.41153],[-75.055973,46.411673],[-75.05525,46.412488],[-75.054417,46.412041],[-75.054861,46.411549],[-75.055155,46.411223],[-75.055781,46.41053],[-75.055768,46.410519],[-75.05559,46.410392],[-75.055373,46.410236],[-75.055142,46.410061],[-75.054862,46.409851],[-75.054097,46.409293],[-75.053678,46.408985],[-75.0536,46.408927],[-75.05341,46.408791],[-75.053208,46.408655],[-75.052918,46.408477]]]}},{"type":"Feature","properties":{"nom":"31J06 X 0021 0052 0","designation":"31J06 X 0021 0052 0","statut":"demande","lomiko":false,"centre":[-75.07,46.42]},"geometry":{"type":"Polygon","coordinates":[[[-75.066667,46.416667],[-75.075,46.416667],[-75.075,46.425],[-75.066667,46.425],[-75.066667,46.416667]]]}},{"type":"Feature","properties":{"nom":"31J06 X 0021 0054 4","designation":"31J06 X 0021 0054 4","statut":"demande","lomiko":false,"centre":[-75.05426,46.42211]},"geometry":{"type":"Polygon","coordinates":[[[-75.05,46.416667],[-75.058333,46.416667],[-75.058333,46.424195],[-75.058321,46.424197],[-75.058224,46.424215],[-75.058062,46.424237],[-75.057898,46.424252],[-75.057733,46.424261],[-75.057568,46.424263],[-75.057403,46.424257],[-75.057238,46.424246],[-75.057076,46.424227],[-75.056601,46.424132],[-75.056595,46.42413],[-75.056536,46.424105],[-75.055825,46.423806],[-75.055774,46.423776],[-75.055657,46.423698],[-75.055613,46.423664],[-75.055296,46.42345],[-75.055145,46.42334],[-75.055011,46.423224],[-75.054891,46.4231],[-75.05482,46.423012],[-75.054786,46.42297],[-75.054697,46.422835],[-75.054625,46.422695],[-75.05457,46.422551],[-75.054546,46.422468],[-75.054148,46.42087],[-75.05316,46.420413],[-75.052846,46.420268],[-75.052818,46.420299],[-75.052803,46.420353],[-75.052789,46.420407],[-75.052787,46.420461],[-75.052786,46.420524],[-75.052784,46.420578],[-75.052757,46.420631],[-75.052678,46.420657],[-75.052613,46.420648],[-75.052509,46.420655],[-75.052466,46.420672],[-75.052443,46.420681],[-75.05239,46.420717],[-75.052337,46.420761],[-75.052283,46.420814],[-75.05223,46.420859],[-75.052165,46.420885],[-75.052073,46.420902],[-75.051996,46.420916],[-75.051997,46.421006],[-75.052005,46.422988],[-75.052007,46.423177],[-75.052017,46.425],[-75.05,46.425],[-75.05,46.416667]]]}},{"type":"Feature","properties":{"nom":"31J06 X 0021 0054 4","designation":"31J06 X 0021 0054 4","statut":"demande","lomiko":false,"centre":[-75.05747,46.4172]},"geometry":{"type":"Polygon","coordinates":[[[-75.057206,46.416676],[-75.057194,46.416688],[-75.056294,46.41753],[-75.057619,46.418143],[-75.057637,46.418108],[-75.057654,46.417937],[-75.057713,46.417202],[-75.057718,46.416978],[-75.057718,46.416977],[-75.057718,46.416976],[-75.057719,46.416975],[-75.057751,46.416683],[-75.057206,46.416676]]]}},{"type":"Feature","properties":{"nom":"31J06 X 0021 0054 4","designation":"31J06 X 0021 0054 4","statut":"demande","lomiko":false,"centre":[-75.0523,46.42011]},"geometry":{"type":"Polygon","coordinates":[[[-75.052016,46.419879],[-75.052015,46.420094],[-75.052081,46.42011],[-75.052158,46.420138],[-75.052236,46.420166],[-75.052313,46.420194],[-75.052378,46.420204],[-75.052469,46.420205],[-75.052534,46.420215],[-75.052598,46.420225],[-75.052676,46.420226],[-75.052727,46.420212],[-75.052204,46.419971],[-75.052121,46.419932],[-75.052016,46.419879]]]}},{"type":"Feature","properties":{"nom":"Entreprises Minières Globex Inc","designation":"Entreprises Minières Globex Inc (702) 100 % (responsable)","statut":"actif","lomiko":false,"centre":[-75.90903,45.61641]},"geometry":{"type":"Polygon","coordinates":[[[-75.910402,45.616667],[-75.910316,45.61672],[-75.910078,45.616947],[-75.909931,45.617197],[-75.909241,45.617518],[-75.909834,45.617905],[-75.909584,45.618059],[-75.909278,45.618326],[-75.909244,45.618417],[-75.909433,45.618451],[-75.909761,45.618993],[-75.909837,45.61912],[-75.910472,45.619687],[-75.910552,45.619706],[-75.911621,45.619973],[-75.911954,45.620127],[-75.912807,45.620521],[-75.908908,45.620798],[-75.908571,45.620822],[-75.908333,45.620839],[-75.908235,45.620845],[-75.907666,45.620886],[-75.907562,45.620893],[-75.906417,45.620974],[-75.906244,45.620987],[-75.906053,45.621],[-75.905273,45.621056],[-75.904442,45.621115],[-75.903696,45.621172],[-75.902949,45.621229],[-75.902042,45.619766],[-75.900785,45.61774],[-75.900119,45.616667],[-75.9,45.616474],[-75.9,45.615085],[-75.903903,45.614857],[-75.903174,45.611361],[-75.902947,45.610272],[-75.904023,45.610258],[-75.905248,45.609963],[-75.905224,45.609578],[-75.904877,45.609285],[-75.904616,45.608999],[-75.904445,45.608646],[-75.904438,45.608333],[-75.908333,45.608333],[-75.916667,45.608333],[-75.916667,45.614718],[-75.916628,45.614718],[-75.916551,45.614727],[-75.916345,45.614753],[-75.91614,45.614779],[-75.915909,45.614813],[-75.915742,45.614849],[-75.915737,45.614781],[-75.914902,45.614817],[-75.914511,45.614833],[-75.914472,45.614835],[-75.913601,45.614878],[-75.913754,45.615414],[-75.914098,45.616618],[-75.914199,45.616667],[-75.910402,45.616667]]]}},{"type":"Feature","properties":{"nom":"Entreprises Minières Globex Inc","designation":"Entreprises Minières Globex Inc (702) 100 % (responsable)","statut":"actif","lomiko":false,"centre":[-75.85076,46.09167]},"geometry":{"type":"Polygon","coordinates":[[[-75.85,46.091667],[-75.858333,46.091667],[-75.858333,46.1],[-75.85,46.1],[-75.841667,46.1],[-75.841667,46.091667],[-75.841667,46.083333],[-75.85,46.083333],[-75.858333,46.083333],[-75.858333,46.091667],[-75.85,46.091667]]]}},{"type":"Feature","properties":{"nom":"Entreprises Minières Globex Inc","designation":"Entreprises Minières Globex Inc (702) 100 % (responsable)","statut":"actif","lomiko":false,"centre":[-75.84824,46.08613]},"geometry":{"type":"Polygon","coordinates":[[[-75.847637,46.085902],[-75.847535,46.086255],[-75.84914,46.086478],[-75.849241,46.086125],[-75.847637,46.085902]]]}},{"type":"Feature","properties":{"nom":"Entreprises Minières Globex Inc","designation":"Entreprises Minières Globex Inc (702) 100 % (responsable)","statut":"actif","lomiko":false,"centre":[-75.76009,46.30395]},"geometry":{"type":"Polygon","coordinates":[[[-75.775,46.316667],[-75.775,46.325],[-75.766667,46.325],[-75.758333,46.325],[-75.758333,46.316667],[-75.75,46.316667],[-75.75,46.308333],[-75.741667,46.308333],[-75.741667,46.3],[-75.741667,46.291667],[-75.741667,46.283333],[-75.75,46.283333],[-75.758333,46.283333],[-75.766667,46.283333],[-75.766667,46.291667],[-75.775,46.291667],[-75.775,46.3],[-75.775,46.308333],[-75.775,46.316667]]]}},{"type":"Feature","properties":{"nom":"Exploration Midland inc.","designation":"Exploration Midland inc. (82741) 100 % (responsable)","statut":"actif","lomiko":false,"centre":[-75.97339,46.2664]},"geometry":{"type":"Polygon","coordinates":[[[-75.983333,46.275],[-75.991667,46.275],[-75.991667,46.283333],[-75.983333,46.283333],[-75.975,46.283333],[-75.966667,46.283333],[-75.958333,46.283333],[-75.95,46.283333],[-75.941667,46.283333],[-75.941667,46.275],[-75.933333,46.275],[-75.933333,46.266667],[-75.933333,46.258333],[-75.933333,46.25],[-75.941667,46.25],[-75.95,46.25],[-75.958333,46.25],[-75.966667,46.25],[-75.975,46.25],[-75.983333,46.25],[-75.991667,46.25],[-76.0,46.25],[-76.008333,46.25],[-76.008333,46.258333],[-76.008333,46.266667],[-76.008333,46.275],[-76.0,46.275],[-76.0,46.266667],[-75.991667,46.266667],[-75.983333,46.266667],[-75.983333,46.275]]]}},{"type":"Feature","properties":{"nom":"Gregory Hryniw","designation":"Gregory Hryniw (5900) 100 % (responsable)","statut":"actif","lomiko":false,"centre":[-75.36667,45.5869]},"geometry":{"type":"Polygon","coordinates":[[[-75.383333,45.591667],[-75.383333,45.6],[-75.383333,45.608333],[-75.375,45.608333],[-75.366667,45.608333],[-75.358333,45.608333],[-75.358333,45.6],[-75.35,45.6],[-75.35,45.591667],[-75.35,45.583333],[-75.358333,45.583333],[-75.358333,45.575],[-75.35,45.575],[-75.35,45.566667],[-75.358333,45.566667],[-75.366667,45.566667],[-75.375,45.566667],[-75.375,45.575],[-75.383333,45.575],[-75.383333,45.583333],[-75.383333,45.591667]]]}},{"type":"Feature","properties":{"nom":"Gregory Hryniw","designation":"Gregory Hryniw (5900) 100 % (responsable)","statut":"actif","lomiko":false,"centre":[-75.37,45.58]},"geometry":{"type":"Polygon","coordinates":[[[-75.366667,45.583333],[-75.375,45.583333],[-75.375,45.575],[-75.366667,45.575],[-75.366667,45.583333]]]}},{"type":"Feature","properties":{"nom":"Gregory Hryniw","designation":"Gregory Hryniw (5900) 100 % (responsable)","statut":"actif","lomiko":false,"centre":[-75.52753,45.62778]},"geometry":{"type":"Polygon","coordinates":[[[-75.541667,45.65],[-75.541667,45.658333],[-75.533333,45.658333],[-75.525,45.658333],[-75.516667,45.658333],[-75.508333,45.658333],[-75.508333,45.65],[-75.508333,45.641667],[-75.516667,45.641667],[-75.525,45.641667],[-75.533333,45.641667],[-75.533333,45.633333],[-75.533333,45.625],[-75.533333,45.616667],[-75.525,45.616667],[-75.516667,45.616667],[-75.508333,45.616667],[-75.5,45.616667],[-75.5,45.608333],[-75.5,45.6],[-75.508333,45.6],[-75.516667,45.6],[-75.525,45.6],[-75.533333,45.6],[-75.541667,45.6],[-75.55,45.6],[-75.55,45.608333],[-75.55,45.616667],[-75.55,45.625],[-75.55,45.633333],[-75.541667,45.633333],[-75.541667,45.641667],[-75.541667,45.65]]]}},{"type":"Feature","properties":{"nom":"Gregory Hryniw","designation":"Gregory Hryniw (5900) 100 % (responsable)","statut":"actif","lomiko":false,"centre":[-75.46184,45.66667]},"geometry":{"type":"Polygon","coordinates":[[[-75.458333,45.675],[-75.458333,45.683333],[-75.45,45.683333],[-75.441667,45.683333],[-75.441667,45.675],[-75.441667,45.666667],[-75.441667,45.658333],[-75.45,45.658333],[-75.458333,45.658333],[-75.458333,45.65],[-75.466667,45.65],[-75.475,45.65],[-75.483333,45.65],[-75.483333,45.658333],[-75.483333,45.666667],[-75.483333,45.675],[-75.475,45.675],[-75.466667,45.675],[-75.458333,45.675]]]}},{"type":"Feature","properties":{"nom":"Gregory Hryniw","designation":"Gregory Hryniw (5900) 100 % (responsable)","statut":"actif","lomiko":false,"centre":[-75.32197,45.65]},"geometry":{"type":"Polygon","coordinates":[[[-75.333333,45.65],[-75.333333,45.658333],[-75.325,45.658333],[-75.316667,45.658333],[-75.308333,45.658333],[-75.308333,45.65],[-75.308333,45.641667],[-75.316667,45.641667],[-75.325,45.641667],[-75.333333,45.641667],[-75.333333,45.65]]]}},{"type":"Feature","properties":{"nom":"Fayz Yacoub","designation":"Fayz Yacoub (19217) 100 % (responsable)","statut":"actif","lomiko":false,"centre":[-76.26987,45.81675]},"geometry":{"type":"Polygon","coordinates":[[[-76.275,45.816667],[-76.275,45.822687],[-76.273707,45.822699],[-76.273705,45.822699],[-76.2737,45.822699],[-76.273446,45.822702],[-76.270922,45.822726],[-76.270074,45.822735],[-76.267473,45.82276],[-76.266703,45.822767],[-76.266667,45.822768],[-76.266667,45.821257],[-76.265023,45.822103],[-76.258786,45.82418],[-76.258333,45.823932],[-76.258333,45.816667],[-76.258333,45.808333],[-76.258333,45.8],[-76.266667,45.8],[-76.275,45.8],[-76.283333,45.8],[-76.283333,45.808333],[-76.283333,45.816667],[-76.275,45.816667]]]}},{"type":"Feature","properties":{"nom":"Fayz Yacoub","designation":"Fayz Yacoub (19217) 100 % (responsable)","statut":"actif","lomiko":false,"centre":[-74.89539,46.60625]},"geometry":{"type":"Polygon","coordinates":[[[-74.891667,46.633333],[-74.883333,46.633333],[-74.883333,46.625],[-74.875,46.625],[-74.866667,46.625],[-74.866667,46.616667],[-74.875,46.616667],[-74.883333,46.616667],[-74.883333,46.608333],[-74.883333,46.6],[-74.891667,46.6],[-74.892687,46.6],[-74.892692,46.600003],[-74.892918,46.600124],[-74.893009,46.600169],[-74.89301,46.600167],[-74.893022,46.600139],[-74.893045,46.600082],[-74.893084,46.600005],[-74.893086,46.6],[-74.899237,46.6],[-74.899239,46.600005],[-74.899262,46.600049],[-74.899306,46.600151],[-74.899313,46.600167],[-74.899315,46.600173],[-74.899356,46.600293],[-74.899367,46.600333],[-74.899375,46.600358],[-74.899379,46.600382],[-74.899388,46.600417],[-74.89941,46.600542],[-74.899411,46.600546],[-74.899412,46.600553],[-74.899413,46.600575],[-74.899422,46.600668],[-74.899423,46.600721],[-74.899424,46.600749],[-74.899423,46.600768],[-74.899423,46.600795],[-74.899415,46.600921],[-74.899413,46.600933],[-74.899412,46.600945],[-74.899407,46.600973],[-74.899395,46.601046],[-74.899394,46.601053],[-74.899428,46.601047],[-74.899705,46.600998],[-74.899979,46.600942],[-74.9,46.600937],[-74.9,46.608333],[-74.908333,46.608333],[-74.916667,46.608333],[-74.916667,46.616667],[-74.908333,46.616667],[-74.9,46.616667],[-74.891667,46.616667],[-74.891667,46.625],[-74.891667,46.633333]]]}},{"type":"Feature","properties":{"nom":"Fayz Yacoub","designation":"Fayz Yacoub (19217) 100 % (responsable)","statut":"actif","lomiko":false,"centre":[-75.27384,46.295]},"geometry":{"type":"Polygon","coordinates":[[[-75.3,46.3],[-75.3,46.308333],[-75.291667,46.308333],[-75.283333,46.308333],[-75.275,46.308333],[-75.266667,46.308333],[-75.258333,46.308333],[-75.256908,46.308333],[-75.25,46.308333],[-75.241667,46.308333],[-75.233333,46.308333],[-75.233333,46.3],[-75.233333,46.291667],[-75.241667,46.291667],[-75.25,46.291667],[-75.25,46.283333],[-75.258333,46.283333],[-75.266667,46.283333],[-75.266667,46.291667],[-75.275,46.291667],[-75.283333,46.291667],[-75.283333,46.283333],[-75.291667,46.283333],[-75.291667,46.275],[-75.3,46.275],[-75.308333,46.275],[-75.308333,46.283333],[-75.308333,46.291667],[-75.308333,46.3],[-75.3,46.3]]]}},{"type":"Feature","properties":{"nom":"Fayz Yacoub","designation":"Fayz Yacoub (19217) 100 % (responsable)","statut":"actif","lomiko":false,"centre":[-76.06759,45.875]},"geometry":{"type":"Polygon","coordinates":[[[-76.075,45.875],[-76.075,45.883333],[-76.066667,45.883333],[-76.058333,45.883333],[-76.058333,45.875],[-76.058333,45.866667],[-76.066667,45.866667],[-76.075,45.866667],[-76.075,45.875]]]}},{"type":"Feature","properties":{"nom":"Excavation R.B. Gauthier inc.","designation":"Excavation R.B. Gauthier inc. (19074) 100 % (responsable)","statut":"actif","lomiko":false,"centre":[-74.84964,46.36168]},"geometry":{"type":"Polygon","coordinates":[[[-74.841667,46.365698],[-74.841428,46.365473],[-74.840996,46.365068],[-74.840679,46.36477],[-74.840628,46.364756],[-74.840435,46.364727],[-74.83754,46.361823],[-74.837397,46.361689],[-74.835938,46.360318],[-74.835382,46.359796],[-74.834735,46.358978],[-74.834512,46.358803],[-74.833915,46.358333],[-74.841667,46.358333],[-74.842393,46.358333],[-74.842619,46.358502],[-74.842972,46.358758],[-74.843336,46.359028],[-74.843351,46.359038],[-74.843399,46.359072],[-74.843576,46.359199],[-74.843599,46.359216],[-74.843795,46.359398],[-74.843854,46.35945],[-74.843872,46.359465],[-74.843922,46.359507],[-74.844011,46.359577],[-74.844085,46.359636],[-74.84427,46.359782],[-74.844322,46.359822],[-74.844712,46.360108],[-74.844732,46.360123],[-74.845129,46.3604],[-74.845228,46.360463],[-74.845272,46.360491],[-74.845402,46.360562],[-74.845537,46.360627],[-74.845678,46.360686],[-74.845824,46.360739],[-74.845975,46.360785],[-74.84613,46.360825],[-74.846288,46.360857],[-74.846409,46.360883],[-74.846434,46.360888],[-74.846503,46.361017],[-74.846576,46.36112],[-74.846658,46.361219],[-74.846748,46.361314],[-74.846847,46.361405],[-74.846955,46.361492],[-74.84707,46.361574],[-74.847192,46.36165],[-74.847321,46.361721],[-74.847457,46.361786],[-74.847598,46.361846],[-74.847744,46.361898],[-74.847895,46.361945],[-74.848049,46.361984],[-74.848207,46.362017],[-74.848368,46.362043],[-74.848531,46.362061],[-74.848695,46.362073],[-74.848837,46.362076],[-74.848882,46.362077],[-74.848914,46.362076],[-74.848997,46.362074],[-74.849382,46.362065],[-74.849545,46.362068],[-74.849685,46.362068],[-74.849764,46.362065],[-74.849855,46.362063],[-74.85,46.362063],[-74.85002,46.362063],[-74.85129,46.362056],[-74.852811,46.362048],[-74.852933,46.362045],[-74.853097,46.362035],[-74.85326,46.362017],[-74.853421,46.361993],[-74.85358,46.361961],[-74.853735,46.361923],[-74.853886,46.361877],[-74.854033,46.361826],[-74.854175,46.361767],[-74.854312,46.361703],[-74.854324,46.361697],[-74.854442,46.361633],[-74.854565,46.361557],[-74.854681,46.361476],[-74.85479,46.36139],[-74.85489,46.3613],[-74.854982,46.361205],[-74.855066,46.361107],[-74.85514,46.361005],[-74.855167,46.36096],[-74.855204,46.3609],[-74.855259,46.360792],[-74.855303,46.360682],[-74.855338,46.36057],[-74.855362,46.360457],[-74.855376,46.360344],[-74.85538,46.36023],[-74.855372,46.360115],[-74.855355,46.360002],[-74.855327,46.359889],[-74.855289,46.359778],[-74.855238,46.359664],[-74.855093,46.359373],[-74.854971,46.359126],[-74.854956,46.35902],[-74.854932,46.358914],[-74.854899,46.35881],[-74.854813,46.358574],[-74.854777,46.358487],[-74.854735,46.358402],[-74.854719,46.358374],[-74.854695,46.358333],[-74.854687,46.358319],[-74.854633,46.358237],[-74.854383,46.357883],[-74.854368,46.357862],[-74.854365,46.357832],[-74.854712,46.35783],[-74.858013,46.357813],[-74.85824,46.357811],[-74.85824,46.357854],[-74.85824,46.357854],[-74.858243,46.358333],[-74.858247,46.359019],[-74.858254,46.3602],[-74.858254,46.360247],[-74.858268,46.362586],[-74.858268,46.362588],[-74.858278,46.364129],[-74.858287,46.365597],[-74.858293,46.366667],[-74.858297,46.367255],[-74.858297,46.367302],[-74.858297,46.367365],[-74.858104,46.367366],[-74.857859,46.367367],[-74.855007,46.367382],[-74.8529,46.367395],[-74.852901,46.367394],[-74.851833,46.367399],[-74.851825,46.367399],[-74.851738,46.3674],[-74.850272,46.367408],[-74.85,46.367409],[-74.843783,46.367442],[-74.843679,46.367443],[-74.843526,46.367443],[-74.843444,46.367366],[-74.843443,46.367366],[-74.842699,46.366667],[-74.842456,46.366439],[-74.842442,46.366425],[-74.841787,46.36581],[-74.841667,46.365698]]]}},{"type":"Feature","properties":{"nom":"Excavation R.B. Gauthier inc.","designation":"Excavation R.B. Gauthier inc. (19074) 100 % (responsable)","statut":"actif","lomiko":false,"centre":[-74.73237,46.2968]},"geometry":{"type":"Polygon","coordinates":[[[-74.726894,46.294831],[-74.739702,46.29475],[-74.739699,46.297103],[-74.739696,46.299457],[-74.726864,46.29947],[-74.726875,46.297184],[-74.726894,46.294831]]]}},{"type":"Feature","properties":{"nom":"Excavation R.B. Gauthier inc.","designation":"Excavation R.B. Gauthier inc. (19074) 100 % (responsable)","statut":"actif","lomiko":false,"centre":[-74.64278,46.09803]},"geometry":{"type":"Polygon","coordinates":[[[-74.641667,46.096249],[-74.642504,46.096375],[-74.64459,46.096682],[-74.644271,46.09691],[-74.644263,46.096916],[-74.643921,46.097177],[-74.643604,46.097453],[-74.643315,46.097743],[-74.643053,46.098046],[-74.642869,46.09829],[-74.642451,46.098879],[-74.642442,46.098891],[-74.642436,46.098899],[-74.642305,46.099055],[-74.642121,46.099299],[-74.641825,46.099717],[-74.641776,46.099787],[-74.641667,46.099961],[-74.641667,46.096249]]]}},{"type":"Feature","properties":{"nom":"Excavation R.B. Gauthier inc.","designation":"Excavation R.B. Gauthier inc. (19074) 100 % (responsable)","statut":"actif","lomiko":false,"centre":[-74.65399,46.09206]},"geometry":{"type":"Polygon","coordinates":[[[-74.658334,46.091667],[-74.658966,46.091667],[-74.659099,46.091763],[-74.659121,46.091778],[-74.659239,46.091857],[-74.659825,46.092227],[-74.659783,46.09249],[-74.659744,46.092816],[-74.659735,46.093122],[-74.659733,46.093138],[-74.659717,46.093302],[-74.659708,46.093656],[-74.659732,46.094008],[-74.659784,46.094333],[-74.659873,46.094774],[-74.659879,46.094801],[-74.659908,46.094927],[-74.659808,46.094917],[-74.659578,46.094731],[-74.659226,46.094477],[-74.659217,46.094471],[-74.658868,46.094236],[-74.658501,46.094004],[-74.658334,46.093912],[-74.658104,46.093784],[-74.657687,46.093583],[-74.657252,46.093401],[-74.656883,46.093266],[-74.656828,46.093248],[-74.656746,46.09322],[-74.65628,46.093079],[-74.655803,46.092959],[-74.655315,46.092862],[-74.654819,46.092786],[-74.654514,46.092752],[-74.65445,46.092745],[-74.654252,46.092727],[-74.653746,46.092698],[-74.653238,46.092691],[-74.652731,46.092708],[-74.652227,46.092748],[-74.65203,46.09277],[-74.651795,46.092798],[-74.651492,46.092839],[-74.650999,46.092924],[-74.650516,46.093031],[-74.650366,46.093069],[-74.650334,46.093078],[-74.65,46.093171],[-74.649957,46.093183],[-74.649498,46.093333],[-74.649416,46.093363],[-74.649006,46.093513],[-74.648643,46.093654],[-74.648216,46.093845],[-74.647808,46.094055],[-74.64742,46.094283],[-74.647063,46.094522],[-74.646626,46.094834],[-74.646617,46.09484],[-74.646349,46.095045],[-74.646821,46.093269],[-74.647246,46.091667],[-74.647679,46.090035],[-74.64772,46.089807],[-74.647779,46.089546],[-74.64785,46.089191],[-74.648135,46.089113],[-74.648595,46.088963],[-74.648675,46.088934],[-74.648938,46.088838],[-74.649302,46.088696],[-74.649729,46.088505],[-74.65,46.088365],[-74.650137,46.088295],[-74.650525,46.088067],[-74.650689,46.087957],[-74.65178,46.088102],[-74.653463,46.088305],[-74.653688,46.088343],[-74.654383,46.08842],[-74.654896,46.088494],[-74.656003,46.088633],[-74.656245,46.088991],[-74.656316,46.089086],[-74.656575,46.089429],[-74.656914,46.089849],[-74.657371,46.090345],[-74.657874,46.090818],[-74.658334,46.0912],[-74.658334,46.091667]]]}},{"type":"Feature","properties":{"nom":"Construction Norascon inc.","designation":"Construction Norascon inc. (5901) 100 % (responsable)","statut":"actif","lomiko":false,"centre":[-75.65219,46.52009]},"geometry":{"type":"Polygon","coordinates":[[[-75.647807,46.514277],[-75.654419,46.514266],[-75.654486,46.519866],[-75.656373,46.519856],[-75.656484,46.529019],[-75.647983,46.529067],[-75.647807,46.514277]]]}},{"type":"Feature","properties":{"nom":"Société Minière Gerdin inc.","designation":"Société Minière Gerdin inc. (7727) 100 % (responsable)","statut":"actif","lomiko":false,"centre":[-74.74327,45.98388]},"geometry":{"type":"Polygon","coordinates":[[[-74.753403,45.979299],[-74.7534,45.979434],[-74.753338,45.981657],[-74.753334,45.981796],[-74.753273,45.984015],[-74.745932,45.98403],[-74.745259,45.986427],[-74.753056,45.991887],[-74.753013,45.993437],[-74.753009,45.993599],[-74.752948,45.995795],[-74.752943,45.995962],[-74.752883,45.998149],[-74.752878,45.99832],[-74.752813,46.000682],[-74.752805,46.000979],[-74.74558,46.000954],[-74.738118,45.989309],[-74.738075,45.984045],[-74.73185,45.984056],[-74.731833,45.981707],[-74.731817,45.979358],[-74.7318,45.977013],[-74.725,45.977],[-74.725,45.975],[-74.725,45.974651],[-74.725,45.972224],[-74.72602,45.972239],[-74.729406,45.972283],[-74.729911,45.972288],[-74.731766,45.972306],[-74.753589,45.972567],[-74.753468,45.976945],[-74.753465,45.977071],[-74.753403,45.979299]]]}},{"type":"Feature","properties":{"nom":"Ramy Yacoub","designation":"Ramy Yacoub (82374) 100 % (responsable)","statut":"actif","lomiko":false,"centre":[-75.26167,46.31167]},"geometry":{"type":"Polygon","coordinates":[[[-75.258333,46.308333],[-75.266667,46.308333],[-75.266667,46.316667],[-75.258333,46.316667],[-75.258333,46.308333]]]}},{"type":"Feature","properties":{"nom":"Ramy Yacoub","designation":"Ramy Yacoub (82374) 100 % (responsable)","statut":"actif","lomiko":false,"centre":[-75.26167,46.33667]},"geometry":{"type":"Polygon","coordinates":[[[-75.258333,46.333333],[-75.266667,46.333333],[-75.266667,46.341667],[-75.258333,46.341667],[-75.258333,46.333333]]]}},{"type":"Feature","properties":{"nom":"Ramy Yacoub","designation":"Ramy Yacoub (82374) 100 % (responsable)","statut":"actif","lomiko":false,"centre":[-75.255,46.33]},"geometry":{"type":"Polygon","coordinates":[[[-75.258333,46.333333],[-75.25,46.333333],[-75.25,46.325],[-75.258333,46.325],[-75.258333,46.333333]]]}},{"type":"Feature","properties":{"nom":"Canada Carbon Inc.","designation":"Canada Carbon Inc. (91295) 100 % (responsable)","statut":"actif","lomiko":false,"centre":[-75.53606,46.16242]},"geometry":{"type":"Polygon","coordinates":[[[-75.55,46.175],[-75.55,46.183333],[-75.541667,46.183333],[-75.533333,46.183333],[-75.525,46.183333],[-75.516667,46.183333],[-75.508333,46.183333],[-75.508333,46.175],[-75.508333,46.166667],[-75.516667,46.166667],[-75.516667,46.164745],[-75.518988,46.164741],[-75.519115,46.164741],[-75.525,46.164733],[-75.52756,46.164729],[-75.533118,46.16472],[-75.533229,46.16472],[-75.533333,46.164717],[-75.533396,46.164716],[-75.533559,46.164705],[-75.533721,46.164686],[-75.533882,46.164661],[-75.534039,46.164628],[-75.534193,46.164589],[-75.534344,46.164542],[-75.534489,46.16449],[-75.53463,46.164431],[-75.534765,46.164366],[-75.53489,46.164297],[-75.535016,46.164218],[-75.535131,46.164137],[-75.535238,46.16405],[-75.535337,46.163959],[-75.535427,46.163864],[-75.535509,46.163764],[-75.535581,46.163662],[-75.535644,46.163556],[-75.535698,46.163448],[-75.535741,46.163338],[-75.535774,46.163226],[-75.535797,46.163113],[-75.535809,46.162999],[-75.535824,46.162755],[-75.535969,46.160435],[-75.5361,46.158333],[-75.533333,46.158333],[-75.525,46.158333],[-75.525,46.15],[-75.533333,46.15],[-75.541667,46.15],[-75.541667,46.141667],[-75.541667,46.133333],[-75.55,46.133333],[-75.558333,46.133333],[-75.566667,46.133333],[-75.566667,46.141667],[-75.566667,46.15],[-75.566667,46.158333],[-75.558333,46.158333],[-75.55,46.158333],[-75.55,46.166667],[-75.55,46.175]]]}},{"type":"Feature","properties":{"nom":"Canada Carbon Inc.","designation":"Canada Carbon Inc. (91295) 100 % (responsable)","statut":"actif","lomiko":false,"centre":[-74.61524,45.67786]},"geometry":{"type":"Polygon","coordinates":[[[-74.616667,45.7],[-74.616667,45.708333],[-74.608333,45.708333],[-74.6,45.708333],[-74.6,45.7],[-74.591667,45.7],[-74.583333,45.7],[-74.583333,45.691667],[-74.575,45.691667],[-74.575,45.683333],[-74.575,45.675],[-74.575,45.666667],[-74.575,45.658333],[-74.575,45.65],[-74.583333,45.65],[-74.591667,45.65],[-74.6,45.65],[-74.608333,45.65],[-74.616667,45.65],[-74.625,45.65],[-74.633333,45.65],[-74.641667,45.65],[-74.641667,45.658333],[-74.65,45.658333],[-74.65,45.666667],[-74.658333,45.666667],[-74.658333,45.675],[-74.658333,45.683333],[-74.65,45.683333],[-74.65,45.691667],[-74.65,45.7],[-74.641667,45.7],[-74.633333,45.7],[-74.625,45.7],[-74.616667,45.7]]]}},{"type":"Feature","properties":{"nom":"Canada Carbon Inc.","designation":"Canada Carbon Inc. (91295) 100 % (responsable)","statut":"actif","lomiko":false,"centre":[-74.64667,45.68]},"geometry":{"type":"Polygon","coordinates":[[[-74.65,45.683333],[-74.65,45.675],[-74.641667,45.675],[-74.641667,45.683333],[-74.65,45.683333]]]}},{"type":"Feature","properties":{"nom":"Canada Carbon Inc.","designation":"Canada Carbon Inc. (91295) 100 % (responsable)","statut":"actif","lomiko":false,"centre":[-74.62833,45.68833]},"geometry":{"type":"Polygon","coordinates":[[[-74.625,45.691667],[-74.633333,45.691667],[-74.633333,45.683333],[-74.625,45.683333],[-74.625,45.691667]]]}},{"type":"Feature","properties":{"nom":"Canada Carbon Inc.","designation":"Canada Carbon Inc. (91295) 100 % (responsable)","statut":"actif","lomiko":false,"centre":[-74.72763,45.70439]},"geometry":{"type":"Polygon","coordinates":[[[-74.733333,45.716667],[-74.733333,45.725],[-74.725,45.725],[-74.716667,45.725],[-74.716667,45.716667],[-74.716667,45.708333],[-74.725,45.708333],[-74.725,45.7],[-74.716667,45.7],[-74.716667,45.691667],[-74.716667,45.683333],[-74.725,45.683333],[-74.733333,45.683333],[-74.733333,45.691667],[-74.741667,45.691667],[-74.741667,45.7],[-74.741667,45.708333],[-74.733333,45.708333],[-74.733333,45.716667]]]}},{"type":"Feature","properties":{"nom":"Canada Carbon Inc.","designation":"Canada Carbon Inc. (91295) 100 % (responsable)","statut":"actif","lomiko":false,"centre":[-74.66691,45.69909]},"geometry":{"type":"Polygon","coordinates":[[[-74.666667,45.698674],[-74.666674,45.698701],[-74.666747,45.698776],[-74.666814,45.698832],[-74.666864,45.698881],[-74.666935,45.698973],[-74.666982,45.699029],[-74.667018,45.699072],[-74.667056,45.699127],[-74.667083,45.69917],[-74.667139,45.699227],[-74.667177,45.699285],[-74.667189,45.699345],[-74.667122,45.699341],[-74.66704,45.699319],[-74.666964,45.699309],[-74.666872,45.699302],[-74.666774,45.699305],[-74.666685,45.699297],[-74.666667,45.699298],[-74.666667,45.698674]]]}},{"type":"Feature","properties":{"nom":"Canada Carbon Inc.","designation":"Canada Carbon Inc. (91295) 100 % (responsable)","statut":"actif","lomiko":false,"centre":[-74.66934,45.69717]},"geometry":{"type":"Polygon","coordinates":[[[-74.666667,45.696185],[-74.666712,45.696194],[-74.666815,45.696214],[-74.666872,45.696228],[-74.666933,45.696246],[-74.666975,45.696271],[-74.667018,45.696294],[-74.667066,45.696332],[-74.667082,45.696342],[-74.667104,45.696355],[-74.667118,45.696368],[-74.667135,45.696382],[-74.667157,45.6964],[-74.667214,45.696406],[-74.667249,45.696411],[-74.667307,45.696414],[-74.667345,45.696415],[-74.667387,45.69642],[-74.667417,45.696412],[-74.667444,45.696388],[-74.667475,45.69637],[-74.6675,45.696348],[-74.667568,45.696259],[-74.667568,45.696259],[-74.667617,45.696238],[-74.667651,45.696259],[-74.66766,45.696286],[-74.667667,45.696308],[-74.667675,45.696336],[-74.667687,45.696375],[-74.667698,45.696396],[-74.667703,45.696421],[-74.667729,45.696443],[-74.667769,45.696448],[-74.667808,45.696452],[-74.667855,45.696454],[-74.667891,45.696458],[-74.667952,45.696457],[-74.66801,45.696444],[-74.668074,45.696439],[-74.668137,45.696433],[-74.668179,45.696404],[-74.66825,45.696369],[-74.668276,45.696357],[-74.668346,45.696315],[-74.668416,45.6963],[-74.668483,45.696301],[-74.668546,45.696326],[-74.668605,45.69635],[-74.668657,45.696378],[-74.668696,45.696407],[-74.668767,45.696427],[-74.668854,45.696428],[-74.668916,45.696459],[-74.668942,45.696504],[-74.668948,45.696565],[-74.668976,45.696617],[-74.669007,45.696659],[-74.669046,45.696704],[-74.669082,45.696754],[-74.669134,45.696785],[-74.66918,45.696809],[-74.669263,45.696813],[-74.669328,45.696818],[-74.669398,45.696829],[-74.669469,45.696837],[-74.669529,45.696871],[-74.669589,45.696881],[-74.669675,45.696881],[-74.66976,45.69686],[-74.669846,45.696846],[-74.669943,45.696837],[-74.670008,45.696842],[-74.670092,45.696832],[-74.670199,45.696842],[-74.670291,45.69687],[-74.670388,45.696861],[-74.670463,45.696865],[-74.670554,45.69687],[-74.670668,45.696879],[-74.670766,45.696898],[-74.670858,45.696918],[-74.670929,45.696939],[-74.670994,45.696964],[-74.671049,45.696994],[-74.671095,45.697033],[-74.671156,45.697047],[-74.671229,45.697055],[-74.671323,45.697068],[-74.671387,45.69708],[-74.671425,45.697084],[-74.671453,45.697101],[-74.671454,45.697124],[-74.671441,45.697146],[-74.671431,45.697173],[-74.671426,45.697203],[-74.67143,45.697231],[-74.671438,45.697256],[-74.671438,45.697281],[-74.671441,45.697321],[-74.671438,45.697353],[-74.671451,45.69737],[-74.671505,45.697392],[-74.671549,45.697421],[-74.671616,45.697445],[-74.671684,45.697501],[-74.671736,45.697532],[-74.671777,45.697555],[-74.671819,45.697587],[-74.671844,45.697627],[-74.671899,45.697659],[-74.671964,45.697696],[-74.67206,45.697754],[-74.672218,45.697831],[-74.672382,45.697906],[-74.672434,45.697948],[-74.672155,45.697946],[-74.67194,45.697981],[-74.671797,45.697969],[-74.671742,45.69795],[-74.671685,45.697934],[-74.671627,45.697913],[-74.671577,45.697884],[-74.67152,45.697823],[-74.67144,45.697797],[-74.671374,45.697765],[-74.671291,45.697754],[-74.671194,45.697761],[-74.671084,45.697779],[-74.670982,45.697816],[-74.670884,45.697847],[-74.670774,45.697908],[-74.670703,45.697996],[-74.670632,45.698047],[-74.670579,45.69803],[-74.670529,45.697997],[-74.670484,45.697957],[-74.670436,45.697901],[-74.670398,45.697799],[-74.670285,45.697834],[-74.670184,45.697823],[-74.670045,45.697805],[-74.66991,45.697784],[-74.669797,45.697766],[-74.669623,45.697771],[-74.669459,45.697797],[-74.669301,45.697878],[-74.669183,45.697928],[-74.669059,45.697973],[-74.66896,45.697969],[-74.668876,45.697951],[-74.668776,45.697956],[-74.668674,45.697927],[-74.668573,45.697954],[-74.668447,45.697993],[-74.668353,45.698031],[-74.668221,45.698103],[-74.66814,45.698144],[-74.668043,45.698158],[-74.667963,45.698161],[-74.667889,45.698135],[-74.667813,45.698105],[-74.667716,45.698093],[-74.6676,45.698104],[-74.667469,45.698132],[-74.667354,45.698173],[-74.667221,45.69822],[-74.667085,45.698266],[-74.666948,45.698322],[-74.666845,45.698384],[-74.66676,45.698447],[-74.666702,45.698516],[-74.666668,45.698564],[-74.666667,45.698569],[-74.666667,45.696185]]]}},{"type":"Feature","properties":{"nom":"Canada Carbon Inc.","designation":"Canada Carbon Inc. (91295) 100 % (responsable)","statut":"actif","lomiko":false,"centre":[-74.74167,45.67143]},"geometry":{"type":"Polygon","coordinates":[[[-74.741667,45.675],[-74.733333,45.675],[-74.733333,45.666667],[-74.741667,45.666667],[-74.75,45.666667],[-74.75,45.675],[-74.741667,45.675]]]}},{"type":"Feature","properties":{"nom":"Richard Lacasse","designation":"Richard Lacasse (92544) 100 % (responsable)","statut":"actif","lomiko":false,"centre":[-74.97032,46.57979]},"geometry":{"type":"Polygon","coordinates":[[[-74.958333,46.608333],[-74.958333,46.616667],[-74.95,46.616667],[-74.941667,46.616667],[-74.941667,46.608333],[-74.941667,46.6],[-74.95,46.6],[-74.95,46.591667],[-74.95,46.583333],[-74.95,46.575],[-74.956402,46.575],[-74.956407,46.575005],[-74.956408,46.575012],[-74.956415,46.575012],[-74.956628,46.575215],[-74.957208,46.575559],[-74.957209,46.575564],[-74.957216,46.575564],[-74.957341,46.575638],[-74.957341,46.575652],[-74.957365,46.575652],[-74.957466,46.575712],[-74.957474,46.575718],[-74.957474,46.575741],[-74.957505,46.57574],[-74.957607,46.575813],[-74.957607,46.575829],[-74.957628,46.575829],[-74.957655,46.575848],[-74.957654,46.575828],[-74.957661,46.575828],[-74.95772,46.575863],[-74.957718,46.575863],[-74.957819,46.575926],[-74.958013,46.576049],[-74.958063,46.576105],[-74.958315,46.576411],[-74.958333,46.576428],[-74.95844,46.576525],[-74.958558,46.576657],[-74.958806,46.576865],[-74.959027,46.577074],[-74.959047,46.57708],[-74.959223,46.577241],[-74.959225,46.577242],[-74.959232,46.577258],[-74.959239,46.577253],[-74.959273,46.577284],[-74.95939,46.577354],[-74.959403,46.577364],[-74.959663,46.577518],[-74.959781,46.577614],[-74.959787,46.577629],[-74.959794,46.577625],[-74.959818,46.577644],[-74.959817,46.577634],[-74.959828,46.577642],[-74.959827,46.577636],[-74.959835,46.577642],[-74.959834,46.577633],[-74.959848,46.577644],[-74.959844,46.577626],[-74.959959,46.577694],[-74.96112,46.578409],[-74.961164,46.578341],[-74.961282,46.578405],[-74.961923,46.5787],[-74.961923,46.578703],[-74.961961,46.578718],[-74.961982,46.578727],[-74.962004,46.578798],[-74.962005,46.578799],[-74.962005,46.578844],[-74.962484,46.578985],[-74.962707,46.579071],[-74.962751,46.57909],[-74.963375,46.579246],[-74.963438,46.579265],[-74.963437,46.579265],[-74.963445,46.579267],[-74.963798,46.57937],[-74.963994,46.579402],[-74.964064,46.57942],[-74.964078,46.579422],[-74.964103,46.579429],[-74.964629,46.579506],[-74.964902,46.57955],[-74.965074,46.579572],[-74.965883,46.579694],[-74.965892,46.579706],[-74.965898,46.579682],[-74.965992,46.579696],[-74.966009,46.57967],[-74.966353,46.579724],[-74.966667,46.57975],[-74.966669,46.57975],[-74.966985,46.579777],[-74.967041,46.579782],[-74.967273,46.5798],[-74.967285,46.579817],[-74.967289,46.579801],[-74.967369,46.579808],[-74.967382,46.579824],[-74.967385,46.579809],[-74.967606,46.579827],[-74.968202,46.579875],[-74.968708,46.579901],[-74.968767,46.57996],[-74.969346,46.579961],[-74.969497,46.579985],[-74.969529,46.579984],[-74.969716,46.580021],[-74.969948,46.580008],[-74.970091,46.580032],[-74.970829,46.579968],[-74.970926,46.579969],[-74.970984,46.579963],[-74.971051,46.579963],[-74.971288,46.579937],[-74.971951,46.579919],[-74.972333,46.579838],[-74.972419,46.57983],[-74.97255,46.579799],[-74.972679,46.579785],[-74.972703,46.579778],[-74.972722,46.579776],[-74.972728,46.579775],[-74.972729,46.579775],[-74.972803,46.579755],[-74.972852,46.579742],[-74.973298,46.579669],[-74.973266,46.579639],[-74.973755,46.579534],[-74.973797,46.579518],[-74.973821,46.579517],[-74.973944,46.579467],[-74.974142,46.57942],[-74.974303,46.579351],[-74.974371,46.579333],[-74.974416,46.579303],[-74.974449,46.579289],[-74.974505,46.579275],[-74.974496,46.579269],[-74.974682,46.579189],[-74.975,46.579071],[-74.975188,46.579002],[-74.975319,46.578918],[-74.975473,46.578852],[-74.975636,46.57874],[-74.975845,46.57866],[-74.975827,46.578654],[-74.976045,46.578472],[-74.976103,46.578443],[-74.976086,46.578438],[-74.976143,46.578391],[-74.976148,46.578387],[-74.976654,46.578064],[-74.976656,46.578063],[-74.976655,46.578063],[-74.976861,46.577932],[-74.976853,46.577916],[-74.97686,46.577912],[-74.976825,46.577872],[-74.976745,46.577801],[-74.976705,46.577747],[-74.976664,46.577685],[-74.976636,46.57764],[-74.976609,46.577587],[-74.976595,46.577542],[-74.976567,46.577497],[-74.976527,46.577453],[-74.976474,46.577426],[-74.976774,46.577414],[-74.976813,46.577337],[-74.975657,46.577334],[-74.975052,46.577332],[-74.975,46.577311],[-74.97399,46.576899],[-74.972277,46.575941],[-74.972318,46.575919],[-74.972442,46.575843],[-74.972559,46.575762],[-74.972668,46.575676],[-74.972768,46.575585],[-74.97286,46.57549],[-74.972944,46.575392],[-74.972987,46.575332],[-74.973051,46.575338],[-74.973143,46.575337],[-74.973234,46.575336],[-74.973417,46.575352],[-74.973586,46.57534],[-74.973664,46.575331],[-74.973729,46.575311],[-74.973793,46.575275],[-74.973844,46.575229],[-74.973908,46.575192],[-74.973986,46.575173],[-74.974052,46.57519],[-74.974067,46.575244],[-74.974081,46.575298],[-74.97407,46.575361],[-74.974058,46.575397],[-74.974071,46.575415],[-74.974097,46.575415],[-74.974136,46.575396],[-74.974173,46.575342],[-74.974237,46.575296],[-74.974315,46.575286],[-74.974407,46.575294],[-74.974486,46.575302],[-74.974551,46.575319],[-74.974642,46.575327],[-74.974734,46.575326],[-74.974851,46.575324],[-74.974982,46.575322],[-74.975,46.575322],[-74.975086,46.575321],[-74.975191,46.575329],[-74.97527,46.575364],[-74.975297,46.575417],[-74.975312,46.57548],[-74.975301,46.575543],[-74.975276,46.575589],[-74.975251,46.575634],[-74.975278,46.575651],[-74.97533,46.575651],[-74.975421,46.575641],[-74.975433,46.575595],[-74.975431,46.575524],[-74.975508,46.575505],[-74.975588,46.57554],[-74.975628,46.575557],[-74.975653,46.575548],[-74.975678,46.575502],[-74.97569,46.575439],[-74.975675,46.575386],[-74.975609,46.57535],[-74.975607,46.575287],[-74.975605,46.575224],[-74.975578,46.57518],[-74.975525,46.575145],[-74.975472,46.575109],[-74.975457,46.575055],[-74.975508,46.57501],[-74.975522,46.575],[-74.983333,46.575],[-74.991667,46.575],[-74.991667,46.583333],[-75.0,46.583333],[-75.0,46.586189],[-74.999995,46.586189],[-74.999993,46.586193],[-74.999832,46.586193],[-74.999891,46.586365],[-74.999868,46.586425],[-74.999988,46.586653],[-74.999993,46.586666],[-75.0,46.586675],[-75.0,46.591667],[-75.0,46.6],[-75.008333,46.6],[-75.008333,46.608333],[-75.0,46.608333],[-74.991667,46.608333],[-74.983333,46.608333],[-74.975,46.608333],[-74.966733,46.608333],[-74.966667,46.608333],[-74.958333,46.608333]]]}},{"type":"Feature","properties":{"nom":"9228-6202 Québec inc","designation":"9228-6202 Québec inc (86305) 100 % (responsable)","statut":"actif","lomiko":false,"centre":[-75.54027,46.32924]},"geometry":{"type":"Polygon","coordinates":[[[-75.541667,46.328971],[-75.541504,46.328878],[-75.541449,46.328903],[-75.540804,46.328618],[-75.53964,46.328273],[-75.539542,46.328256],[-75.53952,46.328253],[-75.538951,46.328155],[-75.538931,46.328152],[-75.538938,46.328146],[-75.538908,46.328144],[-75.53896,46.328097],[-75.538944,46.328096],[-75.538952,46.328087],[-75.538878,46.328082],[-75.538628,46.328064],[-75.538688,46.328057],[-75.538483,46.328052],[-75.538481,46.328051],[-75.538514,46.328044],[-75.537851,46.328009],[-75.53761,46.327992],[-75.537612,46.327987],[-75.537355,46.327983],[-75.536892,46.327959],[-75.536907,46.32797],[-75.536681,46.327963],[-75.536684,46.327973],[-75.536293,46.327968],[-75.536287,46.327995],[-75.536161,46.327995],[-75.536131,46.327995],[-75.536064,46.327999],[-75.535692,46.327988],[-75.535319,46.328041],[-75.534946,46.328032],[-75.534914,46.328065],[-75.534892,46.328066],[-75.533848,46.328244],[-75.533685,46.328272],[-75.533488,46.32833],[-75.533333,46.328375],[-75.533333,46.325],[-75.541667,46.325],[-75.55,46.325],[-75.55,46.333333],[-75.544934,46.333333],[-75.544933,46.333315],[-75.544927,46.333168],[-75.544923,46.333057],[-75.544922,46.333045],[-75.544912,46.332803],[-75.544672,46.331942],[-75.544606,46.331817],[-75.544625,46.331821],[-75.544583,46.331722],[-75.544606,46.33172],[-75.544415,46.331298],[-75.544408,46.331255],[-75.544401,46.331246],[-75.544385,46.331171],[-75.54433,46.33111],[-75.544317,46.33108],[-75.543666,46.330357],[-75.543635,46.33032],[-75.543632,46.33032],[-75.543618,46.330304],[-75.543602,46.330301],[-75.543118,46.329887],[-75.542807,46.32962],[-75.542711,46.329565],[-75.541667,46.328971]]]}},{"type":"Feature","properties":{"nom":"9228-6202 Québec inc","designation":"9228-6202 Québec inc (86305) 100 % (responsable)","statut":"actif","lomiko":false,"centre":[-74.69414,46.26716]},"geometry":{"type":"Polygon","coordinates":[[[-74.692578,46.266667],[-74.695315,46.266667],[-74.695281,46.26675],[-74.695101,46.267325],[-74.694975,46.267907],[-74.694974,46.267912],[-74.694554,46.26763],[-74.694186,46.267398],[-74.693787,46.267179],[-74.693369,46.266977],[-74.692933,46.266795],[-74.692578,46.266667]]]}},{"type":"Feature","properties":{"nom":"9228-6202 Québec inc","designation":"9228-6202 Québec inc (86305) 100 % (responsable)","statut":"actif","lomiko":false,"centre":[-74.69382,46.25327]},"geometry":{"type":"Polygon","coordinates":[[[-74.698417,46.25],[-74.698415,46.252194],[-74.698459,46.254506],[-74.698461,46.254623],[-74.698497,46.256535],[-74.698503,46.256881],[-74.698504,46.256926],[-74.698531,46.258333],[-74.691667,46.258333],[-74.69013,46.258333],[-74.69031,46.258095],[-74.69032,46.258081],[-74.690321,46.25808],[-74.690522,46.2579],[-74.690812,46.25761],[-74.691075,46.257308],[-74.691259,46.257063],[-74.691516,46.256702],[-74.691565,46.256632],[-74.691667,46.256469],[-74.691768,46.256308],[-74.691877,46.256106],[-74.691902,46.256057],[-74.691979,46.2559],[-74.692119,46.255561],[-74.692162,46.255436],[-74.692306,46.255201],[-74.692478,46.254869],[-74.692619,46.254529],[-74.692727,46.254184],[-74.692776,46.253977],[-74.692783,46.253939],[-74.69281,46.253797],[-74.692852,46.253445],[-74.692861,46.253091],[-74.692837,46.252739],[-74.69278,46.252388],[-74.692747,46.252245],[-74.692628,46.251775],[-74.69271,46.251709],[-74.693027,46.251432],[-74.693318,46.251142],[-74.69358,46.25084],[-74.693765,46.250596],[-74.693792,46.250556],[-74.693841,46.250486],[-74.694044,46.250162],[-74.694128,46.25],[-74.694216,46.24983],[-74.694357,46.24949],[-74.694465,46.249145],[-74.694514,46.248939],[-74.69452,46.248908],[-74.694547,46.248766],[-74.694589,46.248414],[-74.694598,46.24806],[-74.694574,46.247708],[-74.694549,46.247555],[-74.698353,46.247552],[-74.698411,46.24963],[-74.698417,46.2499],[-74.698417,46.25]]]}},{"type":"Feature","properties":{"nom":"9228-6202 Québec inc","designation":"9228-6202 Québec inc (86305) 100 % (responsable)","statut":"actif","lomiko":false,"centre":[-74.69368,46.24403]},"geometry":{"type":"Polygon","coordinates":[[[-74.691667,46.241667],[-74.7,46.241667],[-74.7,46.245286],[-74.698265,46.245306],[-74.693577,46.245354],[-74.6935,46.245241],[-74.693497,46.245236],[-74.693449,46.245172],[-74.693242,46.244902],[-74.693047,46.244661],[-74.692772,46.244364],[-74.692469,46.24408],[-74.69214,46.243811],[-74.691787,46.243557],[-74.691777,46.24355],[-74.691738,46.243524],[-74.691667,46.243479],[-74.691667,46.241667]]]}},{"type":"Feature","properties":{"nom":"9228-6202 Québec inc","designation":"9228-6202 Québec inc (86305) 100 % (responsable)","statut":"actif","lomiko":false,"centre":[-75.6381,46.16667]},"geometry":{"type":"Polygon","coordinates":[[[-75.641667,46.166667],[-75.641667,46.175],[-75.633333,46.175],[-75.633333,46.166667],[-75.633333,46.158333],[-75.641667,46.158333],[-75.641667,46.166667]]]}},{"type":"Feature","properties":{"nom":"9228-6202 Québec inc","designation":"9228-6202 Québec inc (86305) 100 % (responsable)","statut":"actif","lomiko":false,"centre":[-74.7991,46.13479]},"geometry":{"type":"Polygon","coordinates":[[[-74.806866,46.141667],[-74.806787,46.141718],[-74.806777,46.141724],[-74.806558,46.141812],[-74.806131,46.142004],[-74.805723,46.142214],[-74.805694,46.142231],[-74.805336,46.142443],[-74.804979,46.142682],[-74.804939,46.142711],[-74.80493,46.142718],[-74.804589,46.142979],[-74.804273,46.143256],[-74.803983,46.143546],[-74.803722,46.143849],[-74.803539,46.144094],[-74.803517,46.144124],[-74.803469,46.144194],[-74.803267,46.144518],[-74.803096,46.14485],[-74.802956,46.14519],[-74.802849,46.145535],[-74.802801,46.145742],[-74.802788,46.145801],[-74.802762,46.145944],[-74.802721,46.146296],[-74.802712,46.146649],[-74.802737,46.147002],[-74.802759,46.147161],[-74.802643,46.147729],[-74.802617,46.147872],[-74.802575,46.148224],[-74.802567,46.148577],[-74.802592,46.14893],[-74.80265,46.149281],[-74.802683,46.149423],[-74.802691,46.149454],[-74.802749,46.149659],[-74.802871,46.15],[-74.8,46.15],[-74.792007,46.15],[-74.791977,46.149989],[-74.791667,46.149884],[-74.791667,46.141667],[-74.783334,46.141667],[-74.783334,46.133333],[-74.783334,46.125],[-74.785379,46.125],[-74.785425,46.125165],[-74.785549,46.125507],[-74.785704,46.125843],[-74.785891,46.126172],[-74.786108,46.126491],[-74.78616,46.12656],[-74.786182,46.12659],[-74.786377,46.12683],[-74.786652,46.127127],[-74.786955,46.12741],[-74.787284,46.12768],[-74.787637,46.127934],[-74.787646,46.12794],[-74.787685,46.127966],[-74.788053,46.128197],[-74.788451,46.128417],[-74.788868,46.128618],[-74.789304,46.1288],[-74.789673,46.128934],[-74.7902,46.129112],[-74.790282,46.12914],[-74.790749,46.12928],[-74.790879,46.129315],[-74.790945,46.129332],[-74.791009,46.12935],[-74.791051,46.129362],[-74.791529,46.129481],[-74.791667,46.129508],[-74.792018,46.129578],[-74.792514,46.129652],[-74.792819,46.129687],[-74.793301,46.129734],[-74.793499,46.129752],[-74.794005,46.129781],[-74.794513,46.129786],[-74.795021,46.129769],[-74.795525,46.129729],[-74.795722,46.129707],[-74.795913,46.129683],[-74.796216,46.129642],[-74.796708,46.129557],[-74.797192,46.129449],[-74.797665,46.129319],[-74.798124,46.129168],[-74.798205,46.129138],[-74.798654,46.128973],[-74.799017,46.128831],[-74.799444,46.12864],[-74.799852,46.128429],[-74.8,46.128342],[-74.800239,46.128201],[-74.800596,46.127961],[-74.800634,46.127934],[-74.800642,46.127928],[-74.800984,46.127666],[-74.801299,46.12739],[-74.801588,46.127099],[-74.80185,46.126796],[-74.801856,46.126788],[-74.801861,46.126818],[-74.801894,46.12696],[-74.801988,46.127334],[-74.802046,46.127539],[-74.80217,46.127882],[-74.802325,46.128218],[-74.802512,46.128547],[-74.802729,46.128866],[-74.802781,46.128935],[-74.802997,46.129217],[-74.803192,46.129457],[-74.803467,46.129754],[-74.803662,46.129941],[-74.803783,46.130146],[-74.804,46.130466],[-74.804052,46.130535],[-74.804278,46.130829],[-74.804473,46.131069],[-74.804748,46.131366],[-74.805051,46.13165],[-74.805379,46.131919],[-74.805733,46.132173],[-74.805742,46.132179],[-74.805781,46.132206],[-74.806149,46.132436],[-74.806547,46.132656],[-74.806964,46.132857],[-74.8074,46.133039],[-74.80777,46.133172],[-74.807973,46.133241],[-74.808055,46.133269],[-74.808269,46.133333],[-74.808334,46.133353],[-74.808334,46.140906],[-74.808285,46.140925],[-74.807858,46.141116],[-74.80745,46.141327],[-74.807403,46.141353],[-74.807299,46.141409],[-74.806912,46.141638],[-74.806866,46.141667]]]}},{"type":"Feature","properties":{"nom":"9228-6202 Québec inc","designation":"9228-6202 Québec inc (86305) 100 % (responsable)","statut":"actif","lomiko":false,"centre":[-74.795,46.13833]},"geometry":{"type":"Polygon","coordinates":[[[-74.791667,46.141667],[-74.8,46.141667],[-74.8,46.133333],[-74.791667,46.133333],[-74.791667,46.141667]]]}},{"type":"Feature","properties":{"nom":"9228-6202 Québec inc","designation":"9228-6202 Québec inc (86305) 100 % (responsable)","statut":"actif","lomiko":false,"centre":[-74.97042,46.03952]},"geometry":{"type":"Polygon","coordinates":[[[-74.975001,46.03911],[-74.974763,46.039015],[-74.974502,46.03891],[-74.974372,46.038885],[-74.974321,46.038894],[-74.974243,46.038895],[-74.974258,46.038958],[-74.974298,46.039003],[-74.974456,46.039109],[-74.974613,46.039206],[-74.972399,46.039495],[-74.972019,46.03932],[-74.971693,46.039207],[-74.971355,46.039104],[-74.970861,46.038993],[-74.970367,46.038882],[-74.969963,46.038753],[-74.969572,46.038623],[-74.969285,46.038509],[-74.969154,46.038448],[-74.969089,46.038431],[-74.969011,46.038414],[-74.96896,46.038433],[-74.968935,46.038469],[-74.968975,46.038531],[-74.969041,46.038576],[-74.969411,46.038895],[-74.96957,46.039055],[-74.969743,46.039214],[-74.969811,46.039348],[-74.969812,46.039393],[-74.96984,46.039456],[-74.969841,46.039501],[-74.969855,46.039537],[-74.969856,46.039609],[-74.969897,46.039689],[-74.969977,46.039769],[-74.969991,46.039796],[-74.97007,46.039858],[-74.970109,46.039875],[-74.970148,46.039884],[-74.970187,46.03991],[-74.970214,46.039937],[-74.970241,46.039964],[-74.970242,46.04],[-74.970191,46.040036],[-74.970113,46.040037],[-74.970062,46.040047],[-74.969933,46.040076],[-74.969895,46.040094],[-74.96978,46.040123],[-74.969639,46.040178],[-74.969511,46.040207],[-74.969305,46.040264],[-74.969114,46.040338],[-74.96896,46.040412],[-74.968821,46.040522],[-74.968783,46.040549],[-74.968745,46.040568],[-74.968707,46.040595],[-74.968668,46.040605],[-74.968554,46.04066],[-74.968502,46.04067],[-74.968347,46.040672],[-74.968296,46.040673],[-74.968243,46.040646],[-74.968152,46.040629],[-74.968101,46.04063],[-74.968062,46.040622],[-74.96801,46.040622],[-74.967919,46.040596],[-74.967866,46.04057],[-74.967762,46.040535],[-74.967605,46.040457],[-74.967553,46.040439],[-74.967449,46.040405],[-74.967409,46.040378],[-74.967357,46.040361],[-74.967305,46.040334],[-74.967253,46.040326],[-74.967162,46.0403],[-74.967005,46.040248],[-74.966914,46.040204],[-74.966667,46.040141],[-74.966667,46.033333],[-74.975001,46.033333],[-74.983334,46.033333],[-74.983334,46.039916],[-74.980472,46.039858],[-74.977804,46.039529],[-74.975024,46.039119],[-74.975001,46.03911]]]}},{"type":"Feature","properties":{"nom":"9228-6202 Québec inc","designation":"9228-6202 Québec inc (86305) 100 % (responsable)","statut":"actif","lomiko":false,"centre":[-74.945,46.03667]},"geometry":{"type":"Polygon","coordinates":[[[-74.941667,46.033333],[-74.950001,46.033333],[-74.950001,46.041667],[-74.941667,46.041667],[-74.941667,46.033333]]]}},{"type":"Feature","properties":{"nom":"9228-6202 Québec inc","designation":"9228-6202 Québec inc (86305) 100 % (responsable)","statut":"actif","lomiko":false,"centre":[-74.69253,46.007]},"geometry":{"type":"Polygon","coordinates":[[[-74.687967,46.008333],[-74.687559,46.008467],[-74.687478,46.008497],[-74.687424,46.008517],[-74.687061,46.008658],[-74.686635,46.008849],[-74.686227,46.009059],[-74.68584,46.009287],[-74.685484,46.009527],[-74.685446,46.009554],[-74.685437,46.00956],[-74.685096,46.009821],[-74.684781,46.010098],[-74.684491,46.010388],[-74.68423,46.010691],[-74.684047,46.010935],[-74.684025,46.010965],[-74.683977,46.011035],[-74.683774,46.011359],[-74.683603,46.011691],[-74.683463,46.01203],[-74.683355,46.012376],[-74.683334,46.012467],[-74.683334,46.008333],[-74.683334,46.0],[-74.683333,46.0],[-74.683333,45.991667],[-74.691667,45.991667],[-74.7,45.991667],[-74.708333,45.991667],[-74.716667,45.991667],[-74.716667,46.0],[-74.716667,46.0],[-74.716667,46.008333],[-74.708334,46.008333],[-74.700426,46.008333],[-74.70021,46.008229],[-74.7,46.008141],[-74.699775,46.008047],[-74.699407,46.007913],[-74.699231,46.007853],[-74.699149,46.007825],[-74.698684,46.007684],[-74.698207,46.007565],[-74.69772,46.007467],[-74.697224,46.007392],[-74.69692,46.007358],[-74.696856,46.007351],[-74.696658,46.007334],[-74.696153,46.007304],[-74.695646,46.007298],[-74.69514,46.007315],[-74.694636,46.007355],[-74.694439,46.007377],[-74.693993,46.007431],[-74.693691,46.007472],[-74.693199,46.007557],[-74.693004,46.007597],[-74.692983,46.007602],[-74.69258,46.007693],[-74.692531,46.007706],[-74.692523,46.007707],[-74.691667,46.00781],[-74.691417,46.00784],[-74.691409,46.007841],[-74.69125,46.007842],[-74.690744,46.007859],[-74.69024,46.007898],[-74.690044,46.00792],[-74.689767,46.007954],[-74.689464,46.007995],[-74.688972,46.00808],[-74.688489,46.008188],[-74.688017,46.008317],[-74.687967,46.008333]]]}},{"type":"Feature","properties":{"nom":"9228-6202 Québec inc","designation":"9228-6202 Québec inc (86305) 100 % (responsable)","statut":"actif","lomiko":false,"centre":[-76.11759,45.85833]},"geometry":{"type":"Polygon","coordinates":[[[-76.125,45.858333],[-76.125,45.866667],[-76.116667,45.866667],[-76.108333,45.866667],[-76.108333,45.858333],[-76.108333,45.85],[-76.116667,45.85],[-76.125,45.85],[-76.125,45.858333]]]}},{"type":"Feature","properties":{"nom":"9228-6202 Québec inc","designation":"9228-6202 Québec inc (86305) 100 % (responsable)","statut":"actif","lomiko":false,"centre":[-75.54324,45.80476]},"geometry":{"type":"Polygon","coordinates":[[[-75.541667,45.808333],[-75.539581,45.808333],[-75.538106,45.8],[-75.541667,45.8],[-75.55,45.8],[-75.55,45.808333],[-75.541667,45.808333]]]}},{"type":"Feature","properties":{"nom":"9228-6202 Québec inc","designation":"9228-6202 Québec inc (86305) 100 % (responsable)","statut":"actif","lomiko":false,"centre":[-75.5631,45.78333]},"geometry":{"type":"Polygon","coordinates":[[[-75.566667,45.783333],[-75.566667,45.791667],[-75.558333,45.791667],[-75.558333,45.783333],[-75.558333,45.775],[-75.566667,45.775],[-75.566667,45.783333]]]}},{"type":"Feature","properties":{"nom":"9228-6202 Québec inc","designation":"9228-6202 Québec inc (86305) 100 % (responsable)","statut":"actif","lomiko":false,"centre":[-75.54318,45.77879]},"geometry":{"type":"Polygon","coordinates":[[[-75.55,45.783333],[-75.55,45.791667],[-75.541667,45.791667],[-75.541667,45.783333],[-75.533333,45.783333],[-75.533333,45.775],[-75.533333,45.766667],[-75.541667,45.766667],[-75.55,45.766667],[-75.55,45.775],[-75.55,45.783333]]]}},{"type":"Feature","properties":{"nom":"9228-6202 Québec inc","designation":"9228-6202 Québec inc (86305) 100 % (responsable)","statut":"actif","lomiko":false,"centre":[-76.30741,45.70926]},"geometry":{"type":"Polygon","coordinates":[[[-76.308333,45.708333],[-76.316667,45.708333],[-76.316667,45.716667],[-76.308333,45.716667],[-76.3,45.716667],[-76.3,45.708333],[-76.3,45.7],[-76.308333,45.7],[-76.308333,45.708333]]]}},{"type":"Feature","properties":{"nom":"9228-6202 Québec inc","designation":"9228-6202 Québec inc (86305) 100 % (responsable)","statut":"actif","lomiko":false,"centre":[-75.46667,45.75476]},"geometry":{"type":"Polygon","coordinates":[[[-75.466667,45.758333],[-75.458333,45.758333],[-75.458333,45.75],[-75.466667,45.75],[-75.475,45.75],[-75.475,45.758333],[-75.466667,45.758333]]]}},{"type":"Feature","properties":{"nom":"9228-6202 Québec inc","designation":"9228-6202 Québec inc (86305) 100 % (responsable)","statut":"actif","lomiko":false,"centre":[-75.73333,45.6631]},"geometry":{"type":"Polygon","coordinates":[[[-75.733333,45.666667],[-75.725,45.666667],[-75.725,45.658333],[-75.733333,45.658333],[-75.741667,45.658333],[-75.741667,45.666667],[-75.733333,45.666667]]]}},{"type":"Feature","properties":{"nom":"9228-6202 Québec inc","designation":"9228-6202 Québec inc (86305) 100 % (responsable)","statut":"actif","lomiko":false,"centre":[-75.70333,45.65333]},"geometry":{"type":"Polygon","coordinates":[[[-75.7,45.65],[-75.708333,45.65],[-75.708333,45.658333],[-75.7,45.658333],[-75.7,45.65]]]}},{"type":"Feature","properties":{"nom":"9228-6202 Québec inc","designation":"9228-6202 Québec inc (86305) 100 % (responsable)","statut":"actif","lomiko":false,"centre":[-75.35952,45.67024]},"geometry":{"type":"Polygon","coordinates":[[[-75.366667,45.666667],[-75.366667,45.675],[-75.358333,45.675],[-75.35,45.675],[-75.35,45.666667],[-75.358333,45.666667],[-75.366667,45.666667]]]}},{"type":"Feature","properties":{"nom":"9228-6202 Québec inc","designation":"9228-6202 Québec inc (86305) 100 % (responsable)","statut":"actif","lomiko":false,"centre":[-75.3713,45.65463]},"geometry":{"type":"Polygon","coordinates":[[[-75.375,45.658333],[-75.375,45.666667],[-75.366667,45.666667],[-75.366667,45.658333],[-75.366667,45.65],[-75.366667,45.641667],[-75.375,45.641667],[-75.375,45.65],[-75.375,45.658333]]]}},{"type":"Feature","properties":{"nom":"9228-6202 Québec inc","designation":"9228-6202 Québec inc (86305) 100 % (responsable)","statut":"actif","lomiko":false,"centre":[-76.25091,45.57192]},"geometry":{"type":"Polygon","coordinates":[[[-76.25,45.574115],[-76.249079,45.574311],[-76.248303,45.571378],[-76.247721,45.571422],[-76.247647,45.571014],[-76.24823,45.57097],[-76.248928,45.570917],[-76.249772,45.570856],[-76.249746,45.570722],[-76.249917,45.570642],[-76.25,45.570638],[-76.250014,45.570637],[-76.25371,45.570399],[-76.256773,45.570189],[-76.258333,45.570081],[-76.258333,45.575],[-76.250535,45.575],[-76.250325,45.574045],[-76.25,45.574115]]]}},{"type":"Feature","properties":{"nom":"9228-6202 Québec inc","designation":"9228-6202 Québec inc (86305) 100 % (responsable)","statut":"actif","lomiko":false,"centre":[-75.49222,45.625]},"geometry":{"type":"Polygon","coordinates":[[[-75.5,45.633333],[-75.5,45.641667],[-75.491667,45.641667],[-75.483333,45.641667],[-75.483333,45.633333],[-75.483333,45.625],[-75.483333,45.616667],[-75.483333,45.608333],[-75.491667,45.608333],[-75.5,45.608333],[-75.5,45.616667],[-75.491667,45.616667],[-75.491667,45.625],[-75.5,45.625],[-75.5,45.633333]]]}},{"type":"Feature","properties":{"nom":"9228-6202 Québec inc","designation":"9228-6202 Québec inc (86305) 100 % (responsable)","statut":"actif","lomiko":false,"centre":[-75.82179,45.61028]},"geometry":{"type":"Polygon","coordinates":[[[-75.816667,45.608333],[-75.823278,45.608333],[-75.823289,45.60834],[-75.823695,45.608548],[-75.824121,45.608737],[-75.824562,45.608906],[-75.825,45.609049],[-75.825,45.613621],[-75.824713,45.613646],[-75.824625,45.613349],[-75.824542,45.613099],[-75.8244,45.61276],[-75.824226,45.612428],[-75.824022,45.612105],[-75.823789,45.611792],[-75.823527,45.611491],[-75.823237,45.611202],[-75.822921,45.610927],[-75.82258,45.610667],[-75.822215,45.610423],[-75.821829,45.610197],[-75.821422,45.609989],[-75.820997,45.6098],[-75.820555,45.60963],[-75.820099,45.609482],[-75.819629,45.609355],[-75.819149,45.609249],[-75.818659,45.609166],[-75.818163,45.609106],[-75.817663,45.609068],[-75.81716,45.609053],[-75.816667,45.609062],[-75.816667,45.608333]]]}},{"type":"Feature","properties":{"nom":"9228-6202 Québec inc","designation":"9228-6202 Québec inc (86305) 100 % (responsable)","statut":"actif","lomiko":false,"centre":[-75.45595,45.62183]},"geometry":{"type":"Polygon","coordinates":[[[-75.45,45.633333],[-75.458333,45.633333],[-75.458333,45.641667],[-75.45,45.641667],[-75.441667,45.641667],[-75.441667,45.633333],[-75.441667,45.625],[-75.441667,45.616667],[-75.45,45.616667],[-75.45,45.608333],[-75.45,45.6],[-75.458333,45.6],[-75.466667,45.6],[-75.466667,45.608333],[-75.475,45.608333],[-75.475,45.616667],[-75.475,45.625],[-75.466667,45.625],[-75.458333,45.625],[-75.45,45.625],[-75.45,45.633333]]]}},{"type":"Feature","properties":{"nom":"9228-6202 Québec inc","designation":"9228-6202 Québec inc (86305) 100 % (responsable)","statut":"actif","lomiko":false,"centre":[-75.41093,45.63007]},"geometry":{"type":"Polygon","coordinates":[[[-75.408333,45.625],[-75.416667,45.625],[-75.416667,45.630889],[-75.41232,45.631113],[-75.411983,45.631136],[-75.411486,45.631189],[-75.410994,45.631264],[-75.41051,45.631362],[-75.410036,45.631482],[-75.409575,45.631623],[-75.409128,45.631786],[-75.408696,45.631968],[-75.408333,45.632145],[-75.408333,45.625]]]}},{"type":"Feature","properties":{"nom":"9228-6202 Québec inc","designation":"9228-6202 Québec inc (86305) 100 % (responsable)","statut":"actif","lomiko":false,"centre":[-75.35952,45.62976]},"geometry":{"type":"Polygon","coordinates":[[[-75.366667,45.633333],[-75.358333,45.633333],[-75.35,45.633333],[-75.35,45.625],[-75.358333,45.625],[-75.366667,45.625],[-75.366667,45.633333]]]}},{"type":"Feature","properties":{"nom":"9228-6202 Québec inc","designation":"9228-6202 Québec inc (86305) 100 % (responsable)","statut":"actif","lomiko":false,"centre":[-75.36922,45.63716]},"geometry":{"type":"Polygon","coordinates":[[[-75.366667,45.633333],[-75.372239,45.633333],[-75.372999,45.638927],[-75.372325,45.638942],[-75.36965,45.639062],[-75.368582,45.63911],[-75.367225,45.639171],[-75.366667,45.639196],[-75.366667,45.633333]]]}},{"type":"Feature","properties":{"nom":"9228-6202 Québec inc","designation":"9228-6202 Québec inc (86305) 100 % (responsable)","statut":"actif","lomiko":false,"centre":[-75.80489,45.5977]},"geometry":{"type":"Polygon","coordinates":[[[-75.816667,45.608333],[-75.808348,45.608333],[-75.808333,45.608245],[-75.808333,45.6],[-75.800957,45.6],[-75.801033,45.599695],[-75.801086,45.599344],[-75.801107,45.598991],[-75.801095,45.598637],[-75.801072,45.598421],[-75.800969,45.597684],[-75.800948,45.597549],[-75.800871,45.597199],[-75.800761,45.596855],[-75.800619,45.596516],[-75.800446,45.596184],[-75.800242,45.595861],[-75.800009,45.595548],[-75.8,45.595538],[-75.8,45.592473],[-75.805326,45.592442],[-75.806391,45.592436],[-75.80627,45.591792],[-75.80627,45.591792],[-75.806246,45.591667],[-75.808333,45.591667],[-75.816667,45.591667],[-75.816667,45.6],[-75.816667,45.608333]]]}},{"type":"Feature","properties":{"nom":"9228-6202 Québec inc","designation":"9228-6202 Québec inc (86305) 100 % (responsable)","statut":"actif","lomiko":false,"centre":[-75.48,45.605]},"geometry":{"type":"Polygon","coordinates":[[[-75.483333,45.608333],[-75.475,45.608333],[-75.475,45.6],[-75.483333,45.6],[-75.483333,45.608333]]]}},{"type":"Feature","properties":{"nom":"9228-6202 Québec inc","designation":"9228-6202 Québec inc (86305) 100 % (responsable)","statut":"actif","lomiko":false,"centre":[-75.36167,45.61167]},"geometry":{"type":"Polygon","coordinates":[[[-75.358333,45.608333],[-75.366667,45.608333],[-75.366667,45.616667],[-75.358333,45.616667],[-75.358333,45.608333]]]}},{"type":"Feature","properties":{"nom":"9228-6202 Québec inc","designation":"9228-6202 Québec inc (86305) 100 % (responsable)","statut":"actif","lomiko":false,"centre":[-75.63667,45.58667]},"geometry":{"type":"Polygon","coordinates":[[[-75.633333,45.583333],[-75.641667,45.583333],[-75.641667,45.591667],[-75.633333,45.591667],[-75.633333,45.583333]]]}},{"type":"Feature","properties":{"nom":"9228-6202 Québec inc","designation":"9228-6202 Québec inc (86305) 100 % (responsable)","statut":"actif","lomiko":false,"centre":[-75.63333,45.57143]},"geometry":{"type":"Polygon","coordinates":[[[-75.633333,45.575],[-75.625,45.575],[-75.625,45.566667],[-75.633333,45.566667],[-75.641667,45.566667],[-75.641667,45.575],[-75.633333,45.575]]]}},{"type":"Feature","properties":{"nom":"9228-6202 Québec inc","designation":"9228-6202 Québec inc (86305) 100 % (responsable)","statut":"actif","lomiko":false,"centre":[-75.82,45.55333]},"geometry":{"type":"Polygon","coordinates":[[[-75.816667,45.55],[-75.825,45.55],[-75.825,45.558333],[-75.816667,45.558333],[-75.816667,45.55]]]}},{"type":"Feature","properties":{"nom":"9228-6202 Québec inc","designation":"9228-6202 Québec inc (86305) 100 % (responsable)","statut":"actif","lomiko":false,"centre":[-75.36429,45.56627]},"geometry":{"type":"Polygon","coordinates":[[[-75.391667,45.566667],[-75.391667,45.575],[-75.383333,45.575],[-75.375,45.575],[-75.375,45.566667],[-75.366667,45.566667],[-75.358333,45.566667],[-75.35,45.566667],[-75.35,45.575],[-75.341667,45.575],[-75.333333,45.575],[-75.333333,45.566667],[-75.341667,45.566667],[-75.341667,45.558333],[-75.35,45.558333],[-75.358333,45.558333],[-75.366667,45.558333],[-75.375,45.558333],[-75.383333,45.558333],[-75.391667,45.558333],[-75.391667,45.566667]]]}},{"type":"Feature","properties":{"nom":"9228-6202 Québec inc","designation":"9228-6202 Québec inc (86305) 100 % (responsable)","statut":"actif","lomiko":false,"centre":[-75.595,45.56167]},"geometry":{"type":"Polygon","coordinates":[[[-75.591667,45.558333],[-75.6,45.558333],[-75.6,45.566667],[-75.591667,45.566667],[-75.591667,45.558333]]]}},{"type":"Feature","properties":{"nom":"9228-6202 Québec inc","designation":"9228-6202 Québec inc (86305) 100 % (responsable)","statut":"actif","lomiko":false,"centre":[-75.82833,45.53667]},"geometry":{"type":"Polygon","coordinates":[[[-75.825,45.533333],[-75.833333,45.533333],[-75.833333,45.541667],[-75.825,45.541667],[-75.825,45.533333]]]}},{"type":"Feature","properties":{"nom":"9228-6202 Québec inc","designation":"9228-6202 Québec inc (86305) 100 % (responsable)","statut":"actif","lomiko":false,"centre":[-75.58921,45.55662]},"geometry":{"type":"Polygon","coordinates":[[[-75.591667,45.558333],[-75.590713,45.558333],[-75.59068,45.558088],[-75.590122,45.558188],[-75.589483,45.558302],[-75.589415,45.558333],[-75.583333,45.558333],[-75.583333,45.55],[-75.591667,45.55],[-75.591667,45.558333]]]}},{"type":"Feature","properties":{"nom":"9228-6202 Québec inc","designation":"9228-6202 Québec inc (86305) 100 % (responsable)","statut":"actif","lomiko":false,"centre":[-75.75833,45.5381]},"geometry":{"type":"Polygon","coordinates":[[[-75.758333,45.541667],[-75.75,45.541667],[-75.75,45.533333],[-75.758333,45.533333],[-75.766667,45.533333],[-75.766667,45.541667],[-75.758333,45.541667]]]}},{"type":"Feature","properties":{"nom":"9212-2290 Québec inc.","designation":"9212-2290 Québec inc. (84510) 100 % (responsable)","statut":"actif","lomiko":false,"centre":[-74.72323,46.0657]},"geometry":{"type":"Polygon","coordinates":[[[-74.726053,46.061094],[-74.726584,46.066109],[-74.726395,46.067737],[-74.726261,46.068727],[-74.722464,46.067674],[-74.718248,46.067952],[-74.716098,46.066074],[-74.720927,46.064835],[-74.726053,46.061094]]]}},{"type":"Feature","properties":{"nom":"Roger Ouellet","designation":"Roger Ouellet (8521) 100 % (responsable)","statut":"actif","lomiko":false,"centre":[-76.12,46.47]},"geometry":{"type":"Polygon","coordinates":[[[-76.116667,46.466667],[-76.125,46.466667],[-76.125,46.475],[-76.116667,46.475],[-76.116667,46.466667]]]}},{"type":"Feature","properties":{"nom":"Roger Ouellet","designation":"Roger Ouellet (8521) 100 % (responsable)","statut":"actif","lomiko":false,"centre":[-76.17833,46.47]},"geometry":{"type":"Polygon","coordinates":[[[-76.175,46.466667],[-76.183333,46.466667],[-76.183333,46.475],[-76.175,46.475],[-76.175,46.466667]]]}},{"type":"Feature","properties":{"nom":"3087-8060 Québec inc.","designation":"3087-8060 Québec inc. (11604) 100 % (responsable)","statut":"actif","lomiko":false,"centre":[-74.66693,46.43729]},"geometry":{"type":"Polygon","coordinates":[[[-74.666667,46.440208],[-74.658333,46.434532],[-74.658333,46.433333],[-74.666667,46.433333],[-74.675,46.433333],[-74.675,46.441667],[-74.668808,46.441667],[-74.666667,46.440208]]]}},{"type":"Feature","properties":{"nom":"3087-8060 Québec inc.","designation":"3087-8060 Québec inc. (11604) 100 % (responsable)","statut":"actif","lomiko":false,"centre":[-74.90185,46.41574]},"geometry":{"type":"Polygon","coordinates":[[[-74.908333,46.416667],[-74.908333,46.425],[-74.9,46.425],[-74.9,46.416667],[-74.891667,46.416667],[-74.891667,46.408333],[-74.9,46.408333],[-74.908333,46.408333],[-74.908333,46.416667]]]}},{"type":"Feature","properties":{"nom":"3087-8060 Québec inc.","designation":"3087-8060 Québec inc. (11604) 100 % (responsable)","statut":"actif","lomiko":false,"centre":[-74.68684,46.43439]},"geometry":{"type":"Polygon","coordinates":[[[-74.683825,46.433333],[-74.683817,46.43338],[-74.683808,46.433494],[-74.68381,46.433608],[-74.683821,46.433722],[-74.683844,46.433835],[-74.683876,46.433947],[-74.683919,46.434057],[-74.683972,46.434165],[-74.684035,46.434271],[-74.684107,46.434373],[-74.684189,46.434473],[-74.684279,46.434568],[-74.68432,46.434605],[-74.684378,46.43466],[-74.684486,46.434746],[-74.684565,46.434804],[-74.68554,46.435482],[-74.685626,46.435542],[-74.685727,46.435611],[-74.687416,46.436775],[-74.687552,46.436862],[-74.687681,46.436933],[-74.687817,46.436998],[-74.687958,46.437058],[-74.688104,46.437111],[-74.688255,46.437157],[-74.68841,46.437197],[-74.688568,46.43723],[-74.688728,46.437256],[-74.688891,46.437275],[-74.689056,46.437286],[-74.689221,46.437291],[-74.689303,46.437289],[-74.689386,46.437288],[-74.68955,46.437278],[-74.689713,46.437261],[-74.689875,46.437236],[-74.690033,46.437205],[-74.690189,46.437167],[-74.690341,46.437122],[-74.690488,46.43707],[-74.69063,46.437012],[-74.690767,46.436948],[-74.690849,46.436904],[-74.691585,46.437408],[-74.691667,46.437464],[-74.691667,46.441667],[-74.683333,46.441667],[-74.683333,46.433333],[-74.683333,46.425],[-74.691667,46.425],[-74.691667,46.427321],[-74.691312,46.427567],[-74.690546,46.428099],[-74.690183,46.428352],[-74.690134,46.428386],[-74.689332,46.428944],[-74.686944,46.430609],[-74.685833,46.431383],[-74.6848,46.432103],[-74.68462,46.432228],[-74.684561,46.432269],[-74.684455,46.432347],[-74.68435,46.432436],[-74.684253,46.432528],[-74.684165,46.432625],[-74.684086,46.432725],[-74.684017,46.432828],[-74.683957,46.432935],[-74.683907,46.433043],[-74.683866,46.433154],[-74.683837,46.433266],[-74.683825,46.433333]]]}},{"type":"Feature","properties":{"nom":"3087-8060 Québec inc.","designation":"3087-8060 Québec inc. (11604) 100 % (responsable)","statut":"actif","lomiko":false,"centre":[-75.48409,46.31288]},"geometry":{"type":"Polygon","coordinates":[[[-75.491667,46.316667],[-75.491667,46.325],[-75.483333,46.325],[-75.483333,46.316667],[-75.475,46.316667],[-75.475,46.308333],[-75.475,46.3],[-75.483333,46.3],[-75.483333,46.308333],[-75.491667,46.308333],[-75.491667,46.316667]]]}},{"type":"Feature","properties":{"nom":"3087-8060 Québec inc.","designation":"3087-8060 Québec inc. (11604) 100 % (responsable)","statut":"actif","lomiko":false,"centre":[-74.725,46.20476]},"geometry":{"type":"Polygon","coordinates":[[[-74.725,46.208333],[-74.716667,46.208333],[-74.716667,46.2],[-74.725,46.2],[-74.733334,46.2],[-74.733334,46.208333],[-74.725,46.208333]]]}},{"type":"Feature","properties":{"nom":"Wayne E Holmstead","designation":"Wayne E Holmstead (86462) 100 % (responsable)","statut":"actif","lomiko":false,"centre":[-75.5,45.6598]},"geometry":{"type":"Polygon","coordinates":[[[-75.516667,45.666667],[-75.516667,45.675],[-75.508333,45.675],[-75.5,45.675],[-75.491667,45.675],[-75.483333,45.675],[-75.483333,45.666667],[-75.483333,45.658333],[-75.483333,45.65],[-75.483333,45.641667],[-75.491667,45.641667],[-75.5,45.641667],[-75.508333,45.641667],[-75.508333,45.65],[-75.508333,45.658333],[-75.516667,45.658333],[-75.516667,45.666667]]]}},{"type":"Feature","properties":{"nom":"Gregory Hryniw","designation":"Gregory Hryniw (5900) 33,5 %; Mayne Minerals inc. (100840) 66,5 % (responsable)","statut":"actif","lomiko":false,"centre":[-75.35333,45.60333]},"geometry":{"type":"Polygon","coordinates":[[[-75.35,45.6],[-75.358333,45.6],[-75.358333,45.608333],[-75.35,45.608333],[-75.35,45.6]]]}},{"type":"Feature","properties":{"nom":"Gregory Hryniw","designation":"Gregory Hryniw (5900) 33,5 %; Mayne Minerals inc. (100840) 66,5 % (responsable)","statut":"actif","lomiko":false,"centre":[-75.37,45.57833]},"geometry":{"type":"Polygon","coordinates":[[[-75.366667,45.575],[-75.375,45.575],[-75.375,45.583333],[-75.366667,45.583333],[-75.366667,45.575]]]}},{"type":"Feature","properties":{"nom":"Gregory Hryniw","designation":"Gregory Hryniw (5900) 33,5 %; Mayne Minerals inc. (100840) 66,5 % (responsable)","statut":"actif","lomiko":false,"centre":[-75.35333,45.57833]},"geometry":{"type":"Polygon","coordinates":[[[-75.35,45.575],[-75.358333,45.575],[-75.358333,45.583333],[-75.35,45.583333],[-75.35,45.575]]]}},{"type":"Feature","properties":{"nom":"Municipalité de Kiamika","designation":"Municipalité de Kiamika (85239) 100 % (responsable)","statut":"actif","lomiko":false,"centre":[-75.37747,46.36939]},"geometry":{"type":"Polygon","coordinates":[[[-75.377916,46.368616],[-75.377843,46.369228],[-75.377547,46.369715],[-75.377614,46.369994],[-75.376821,46.370087],[-75.376661,46.369457],[-75.377916,46.368616]]]}},{"type":"Feature","properties":{"nom":"Afzaal Pirzada","designation":"Afzaal Pirzada (90960) 100 % (responsable)","statut":"actif","lomiko":false,"centre":[-75.57939,46.44123]},"geometry":{"type":"Polygon","coordinates":[[[-75.583333,46.45],[-75.583333,46.458333],[-75.575,46.458333],[-75.566667,46.458333],[-75.566667,46.45],[-75.558333,46.45],[-75.558333,46.441667],[-75.558333,46.433333],[-75.566667,46.433333],[-75.575,46.433333],[-75.575,46.425],[-75.583333,46.425],[-75.591667,46.425],[-75.6,46.425],[-75.6,46.433333],[-75.6,46.441667],[-75.591667,46.441667],[-75.591667,46.45],[-75.583333,46.45]]]}},{"type":"Feature","properties":{"nom":"Afzaal Pirzada","designation":"Afzaal Pirzada (90960) 100 % (responsable)","statut":"actif","lomiko":false,"centre":[-75.67667,46.41633]},"geometry":{"type":"Polygon","coordinates":[[[-75.675,46.433333],[-75.683333,46.433333],[-75.683333,46.441667],[-75.675,46.441667],[-75.666667,46.441667],[-75.658333,46.441667],[-75.658333,46.433333],[-75.658333,46.425],[-75.658333,46.416667],[-75.658333,46.408333],[-75.658333,46.4],[-75.658333,46.391667],[-75.666667,46.391667],[-75.675,46.391667],[-75.683333,46.391667],[-75.691667,46.391667],[-75.7,46.391667],[-75.7,46.4],[-75.7,46.408333],[-75.7,46.416667],[-75.691667,46.416667],[-75.683333,46.416667],[-75.683333,46.425],[-75.675,46.425],[-75.675,46.433333]]]}},{"type":"Feature","properties":{"nom":"Afzaal Pirzada","designation":"Afzaal Pirzada (90960) 100 % (responsable)","statut":"actif","lomiko":false,"centre":[-75.56026,46.4244]},"geometry":{"type":"Polygon","coordinates":[[[-75.557546,46.423761],[-75.566667,46.42366],[-75.566667,46.425],[-75.558333,46.425],[-75.557547,46.425],[-75.557541,46.424638],[-75.557546,46.423761]]]}},{"type":"Feature","properties":{"nom":"Afzaal Pirzada","designation":"Afzaal Pirzada (90960) 100 % (responsable)","statut":"actif","lomiko":false,"centre":[-75.55782,46.39595]},"geometry":{"type":"Polygon","coordinates":[[[-75.6,46.408333],[-75.6,46.416667],[-75.591667,46.416667],[-75.583333,46.416667],[-75.575,46.416667],[-75.566667,46.416667],[-75.566667,46.416616],[-75.562139,46.416667],[-75.558333,46.416667],[-75.557467,46.416667],[-75.557475,46.41644],[-75.55,46.416432],[-75.541667,46.416423],[-75.535976,46.416417],[-75.535976,46.416138],[-75.535981,46.413763],[-75.535986,46.411435],[-75.535988,46.41045],[-75.53599,46.409914],[-75.535995,46.409392],[-75.535995,46.409298],[-75.535997,46.409086],[-75.535999,46.408861],[-75.535995,46.408333],[-75.535993,46.408087],[-75.535989,46.407799],[-75.536006,46.407583],[-75.535998,46.407039],[-75.535995,46.406895],[-75.53599,46.406535],[-75.535986,46.405964],[-75.536025,46.405032],[-75.536008,46.40469],[-75.535995,46.404398],[-75.535981,46.404065],[-75.535996,46.403628],[-75.535961,46.402535],[-75.535941,46.402337],[-75.535927,46.402202],[-75.535913,46.402063],[-75.535902,46.401964],[-75.535891,46.401163],[-75.535888,46.400938],[-75.53587,46.4],[-75.53587,46.399984],[-75.535867,46.39975],[-75.535866,46.39969],[-75.535873,46.399246],[-75.535868,46.398247],[-75.535846,46.397936],[-75.535842,46.397631],[-75.535842,46.397631],[-75.535842,46.39763],[-75.541667,46.397645],[-75.55,46.397666],[-75.552046,46.39767],[-75.552162,46.39767],[-75.55758,46.397684],[-75.557572,46.396604],[-75.557581,46.395997],[-75.557589,46.395466],[-75.557592,46.395308],[-75.557627,46.393089],[-75.557629,46.392968],[-75.55765,46.391667],[-75.557666,46.390713],[-75.557662,46.390623],[-75.557662,46.390591],[-75.557638,46.389971],[-75.557684,46.389586],[-75.557657,46.388283],[-75.557489,46.385869],[-75.557422,46.38506],[-75.557269,46.383835],[-75.557255,46.383601],[-75.55725,46.383507],[-75.55724,46.383333],[-75.557123,46.381302],[-75.557113,46.38114],[-75.557102,46.38087],[-75.557056,46.3798],[-75.55705,46.379638],[-75.557042,46.379453],[-75.557014,46.378796],[-75.556965,46.377645],[-75.556935,46.376934],[-75.556919,46.376556],[-75.556914,46.376448],[-75.556922,46.375917],[-75.556933,46.375179],[-75.556936,46.375],[-75.558333,46.375],[-75.558333,46.366667],[-75.566667,46.366667],[-75.575,46.366667],[-75.575,46.375],[-75.575,46.383333],[-75.583333,46.383333],[-75.591667,46.383333],[-75.6,46.383333],[-75.6,46.375],[-75.608333,46.375],[-75.616667,46.375],[-75.625,46.375],[-75.625,46.383333],[-75.625,46.391667],[-75.616667,46.391667],[-75.608333,46.391667],[-75.608333,46.4],[-75.608333,46.408333],[-75.6,46.408333]]]}},{"type":"Feature","properties":{"nom":"Glenn Griesbach","designation":"Glenn Griesbach (1126) 100 % (responsable)","statut":"actif","lomiko":false,"centre":[-76.34209,45.91303]},"geometry":{"type":"Polygon","coordinates":[[[-76.333333,45.925],[-76.333333,45.933333],[-76.325,45.933333],[-76.316667,45.933333],[-76.308333,45.933333],[-76.3,45.933333],[-76.291667,45.933333],[-76.291667,45.925],[-76.3,45.925],[-76.3,45.916667],[-76.308333,45.916667],[-76.316667,45.916667],[-76.325,45.916667],[-76.325,45.908333],[-76.333333,45.908333],[-76.333333,45.9],[-76.341667,45.9],[-76.341667,45.891667],[-76.35,45.891667],[-76.358333,45.891667],[-76.366667,45.891667],[-76.375,45.891667],[-76.383333,45.891667],[-76.383333,45.9],[-76.383333,45.908333],[-76.383333,45.916667],[-76.383333,45.925],[-76.375,45.925],[-76.366667,45.925],[-76.366667,45.916667],[-76.366667,45.908333],[-76.366667,45.9],[-76.358333,45.9],[-76.35,45.9],[-76.35,45.908333],[-76.341667,45.908333],[-76.341667,45.916667],[-76.333333,45.916667],[-76.333333,45.925]]]}},{"type":"Feature","properties":{"nom":"Phillip Terrence Coyle","designation":"Phillip Terrence Coyle (12388) 100 % (responsable)","statut":"actif","lomiko":false,"centre":[-75.97,46.195]},"geometry":{"type":"Polygon","coordinates":[[[-75.966667,46.191667],[-75.975,46.191667],[-75.975,46.2],[-75.966667,46.2],[-75.966667,46.191667]]]}},{"type":"Feature","properties":{"nom":"Phillip Terrence Coyle","designation":"Phillip Terrence Coyle (12388) 100 % (responsable)","statut":"actif","lomiko":false,"centre":[-75.88667,46.21167]},"geometry":{"type":"Polygon","coordinates":[[[-75.883333,46.208333],[-75.891667,46.208333],[-75.891667,46.216667],[-75.883333,46.216667],[-75.883333,46.208333]]]}},{"type":"Feature","properties":{"nom":"Phillip Terrence Coyle","designation":"Phillip Terrence Coyle (12388) 100 % (responsable)","statut":"actif","lomiko":false,"centre":[-75.91167,46.22833]},"geometry":{"type":"Polygon","coordinates":[[[-75.908333,46.225],[-75.916667,46.225],[-75.916667,46.233333],[-75.908333,46.233333],[-75.908333,46.225]]]}},{"type":"Feature","properties":{"nom":"9066-2198 Québec inc. (Les Pierres Naturelles Durand)","designation":"9066-2198 Québec inc. (Les Pierres Naturelles Durand) (96136) 100 % (responsable)","statut":"actif","lomiko":false,"centre":[-74.73218,46.30672]},"geometry":{"type":"Polygon","coordinates":[[[-74.726043,46.299452],[-74.73328,46.29945],[-74.733486,46.300767],[-74.733432,46.301271],[-74.733466,46.301631],[-74.733583,46.302214],[-74.733576,46.304221],[-74.73372,46.304822],[-74.733662,46.305713],[-74.733732,46.305955],[-74.733489,46.30899],[-74.733516,46.310204],[-74.733351,46.312114],[-74.733034,46.313017],[-74.732931,46.313657],[-74.732648,46.314361],[-74.732425,46.315232],[-74.725964,46.315238],[-74.726043,46.299452]]]}},{"type":"Feature","properties":{"nom":"Rocherche S.E.N.C.","designation":"Rocherche S.E.N.C. (96790) 100 % (responsable)","statut":"actif","lomiko":false,"centre":[-76.13667,46.46167]},"geometry":{"type":"Polygon","coordinates":[[[-76.133333,46.458333],[-76.141667,46.458333],[-76.141667,46.466667],[-76.133333,46.466667],[-76.133333,46.458333]]]}},{"type":"Feature","properties":{"nom":"Rocherche S.E.N.C.","designation":"Rocherche S.E.N.C. (96790) 100 % (responsable)","statut":"actif","lomiko":false,"centre":[-76.21167,46.445]},"geometry":{"type":"Polygon","coordinates":[[[-76.208333,46.441667],[-76.216667,46.441667],[-76.216667,46.45],[-76.208333,46.45],[-76.208333,46.441667]]]}},{"type":"Feature","properties":{"nom":"Mathieu Stephens","designation":"Mathieu Stephens (86406) 100 % (responsable)","statut":"actif","lomiko":false,"centre":[-76.29394,45.89015]},"geometry":{"type":"Polygon","coordinates":[[[-76.291667,45.891667],[-76.291667,45.9],[-76.283333,45.9],[-76.283333,45.891667],[-76.283333,45.883333],[-76.291667,45.883333],[-76.3,45.883333],[-76.308333,45.883333],[-76.308333,45.891667],[-76.3,45.891667],[-76.291667,45.891667]]]}},{"type":"Feature","properties":{"nom":"Saint-Jean Carbon inc.","designation":"Saint-Jean Carbon inc. (93251) 100 % (responsable)","statut":"actif","lomiko":false,"centre":[-75.31742,45.67121]},"geometry":{"type":"Polygon","coordinates":[[[-75.325,45.675],[-75.325,45.683333],[-75.316667,45.683333],[-75.308333,45.683333],[-75.308333,45.675],[-75.308333,45.666667],[-75.308333,45.658333],[-75.316667,45.658333],[-75.325,45.658333],[-75.325,45.666667],[-75.325,45.675]]]}},{"type":"Feature","properties":{"nom":"RAVENCLAN LTD.","designation":"RAVENCLAN LTD. (98045) 100 % (responsable)","statut":"actif","lomiko":false,"centre":[-74.64637,46.04448]},"geometry":{"type":"Polygon","coordinates":[[[-74.658334,46.05],[-74.658334,46.058333],[-74.65,46.058333],[-74.641667,46.058333],[-74.641667,46.05],[-74.644746,46.05],[-74.644775,46.049755],[-74.644785,46.049402],[-74.644761,46.049049],[-74.644704,46.048698],[-74.644671,46.048557],[-74.644664,46.048526],[-74.644606,46.04832],[-74.644484,46.047978],[-74.64433,46.047641],[-74.644144,46.047312],[-74.643928,46.046993],[-74.643877,46.046924],[-74.643855,46.046894],[-74.643661,46.046654],[-74.643386,46.046357],[-74.643085,46.046073],[-74.642758,46.045803],[-74.642406,46.045549],[-74.642397,46.045543],[-74.642357,46.045516],[-74.641991,46.045284],[-74.641667,46.045105],[-74.641667,46.041667],[-74.641667,46.033333],[-74.644137,46.033333],[-74.643666,46.034521],[-74.642786,46.034392],[-74.641968,46.036263],[-74.642928,46.036402],[-74.64238,46.037792],[-74.641873,46.039075],[-74.646013,46.039634],[-74.64612,46.039648],[-74.649471,46.0401],[-74.65,46.040171],[-74.652825,46.040552],[-74.652903,46.040563],[-74.656139,46.040999],[-74.657959,46.035792],[-74.658334,46.036045],[-74.658334,46.041667],[-74.658334,46.05]]]}},{"type":"Feature","properties":{"nom":"RAVENCLAN LTD.","designation":"RAVENCLAN LTD. (98045) 100 % (responsable)","statut":"actif","lomiko":false,"centre":[-74.64583,46.03575]},"geometry":{"type":"Polygon","coordinates":[[[-74.646914,46.033333],[-74.647355,46.033333],[-74.647468,46.033421],[-74.647613,46.033573],[-74.647822,46.033697],[-74.647966,46.033767],[-74.64816,46.033798],[-74.648341,46.033826],[-74.648499,46.033924],[-74.648644,46.034111],[-74.648865,46.034793],[-74.648895,46.034973],[-74.648606,46.035389],[-74.648339,46.035572],[-74.648044,46.035701],[-74.647467,46.035887],[-74.647373,46.035936],[-74.646892,46.036189],[-74.646302,46.036393],[-74.646073,46.036558],[-74.645273,46.037267],[-74.645056,46.03736],[-74.64476,46.037425],[-74.644416,46.037663],[-74.644354,46.037771],[-74.644334,46.03806],[-74.644374,46.038149],[-74.644285,46.038186],[-74.644065,46.038179],[-74.644038,46.038126],[-74.644036,46.038045],[-74.644072,46.037918],[-74.644083,46.037801],[-74.643951,46.037677],[-74.643947,46.037488],[-74.643972,46.036822],[-74.644045,46.036578],[-74.644029,46.036425],[-74.643982,46.036066],[-74.643965,46.035859],[-74.644013,46.035687],[-74.644087,46.035516],[-74.644164,46.035452],[-74.644291,46.035379],[-74.644586,46.035259],[-74.64489,46.034995],[-74.645311,46.03473],[-74.645574,46.034313],[-74.645864,46.033968],[-74.646106,46.033786],[-74.646846,46.033356],[-74.646914,46.033333]]]}},{"type":"Feature","properties":{"nom":"Champs d&apos;Or de la Beauce inc.","designation":"Champs d&apos;Or de la Beauce inc. (98274) 100 % (responsable)","statut":"actif","lomiko":false,"centre":[-76.061,46.17052]},"geometry":{"type":"Polygon","coordinates":[[[-76.058333,46.169541],[-76.057748,46.169552],[-76.057702,46.169552],[-76.056349,46.169577],[-76.056273,46.169578],[-76.056289,46.169571],[-76.05616,46.169574],[-76.056157,46.169575],[-76.054755,46.169611],[-76.05474,46.169602],[-76.054154,46.169619],[-76.054151,46.169619],[-76.053514,46.169637],[-76.053315,46.169635],[-76.052865,46.169642],[-76.052852,46.169643],[-76.052371,46.169651],[-76.052292,46.169652],[-76.052294,46.169656],[-76.052187,46.169658],[-76.050544,46.169689],[-76.05006,46.169699],[-76.05,46.1697],[-76.05,46.166667],[-76.058333,46.166667],[-76.066667,46.166667],[-76.066667,46.175],[-76.06375,46.175],[-76.063871,46.174859],[-76.063873,46.174698],[-76.063822,46.174508],[-76.063824,46.174274],[-76.063747,46.174247],[-76.063501,46.174201],[-76.063372,46.174093],[-76.063386,46.173994],[-76.063464,46.173931],[-76.063685,46.173869],[-76.063789,46.173779],[-76.063816,46.173699],[-76.063845,46.17333],[-76.064031,46.172746],[-76.064135,46.172602],[-76.064226,46.172549],[-76.064228,46.172351],[-76.064268,46.172225],[-76.064347,46.172072],[-76.064427,46.171686],[-76.064467,46.171605],[-76.064597,46.171479],[-76.0646,46.171472],[-76.064624,46.171398],[-76.064602,46.17127],[-76.064599,46.171254],[-76.064575,46.171074],[-76.064435,46.170768],[-76.064435,46.170678],[-76.064436,46.170642],[-76.06449,46.170264],[-76.064504,46.170237],[-76.064615,46.170067],[-76.064674,46.169977],[-76.064895,46.169816],[-76.064896,46.169762],[-76.064897,46.169672],[-76.064794,46.16951],[-76.064623,46.169338],[-76.064486,46.1692],[-76.063735,46.169261],[-76.063734,46.169344],[-76.063656,46.169343],[-76.063604,46.169343],[-76.063552,46.169343],[-76.063501,46.169343],[-76.063462,46.169343],[-76.063255,46.169342],[-76.06319,46.16935],[-76.063125,46.16935],[-76.06306,46.16935],[-76.063008,46.16935],[-76.062879,46.169358],[-76.062762,46.169367],[-76.062697,46.169376],[-76.062645,46.169393],[-76.062594,46.169402],[-76.062529,46.169411],[-76.06236,46.169437],[-76.062308,46.169446],[-76.062269,46.169455],[-76.062225,46.169384],[-76.060635,46.169514],[-76.060635,46.1695],[-76.060529,46.169501],[-76.059033,46.169526],[-76.058963,46.169527],[-76.058965,46.169529],[-76.058924,46.16953],[-76.058551,46.169537],[-76.058543,46.169537],[-76.058333,46.169541]]]}},{"type":"Feature","properties":{"nom":"Champs d&apos;Or de la Beauce inc.","designation":"Champs d&apos;Or de la Beauce inc. (98274) 100 % (responsable)","statut":"actif","lomiko":false,"centre":[-75.65358,45.53594]},"geometry":{"type":"Polygon","coordinates":[[[-75.6,45.55],[-75.6,45.558333],[-75.591667,45.558333],[-75.591667,45.55],[-75.591667,45.541667],[-75.583333,45.541667],[-75.583333,45.533333],[-75.591667,45.533333],[-75.6,45.533333],[-75.608333,45.533333],[-75.616667,45.533333],[-75.625,45.533333],[-75.633333,45.533333],[-75.641667,45.533333],[-75.641667,45.525],[-75.65,45.525],[-75.658333,45.525],[-75.666667,45.525],[-75.666667,45.516667],[-75.675,45.516667],[-75.675,45.508333],[-75.683333,45.508333],[-75.691667,45.508333],[-75.7,45.508333],[-75.708333,45.508333],[-75.716667,45.508333],[-75.716667,45.516667],[-75.716667,45.525],[-75.716667,45.533333],[-75.716667,45.541667],[-75.708333,45.541667],[-75.7,45.541667],[-75.691667,45.541667],[-75.691667,45.549706],[-75.69016,45.549876],[-75.689555,45.549934],[-75.689174,45.549971],[-75.688866,45.55],[-75.683333,45.55],[-75.675,45.55],[-75.666667,45.55],[-75.658333,45.55],[-75.658333,45.541667],[-75.65,45.541667],[-75.641667,45.541667],[-75.633333,45.541667],[-75.625,45.541667],[-75.616667,45.541667],[-75.608333,45.541667],[-75.608333,45.55],[-75.6,45.55]]]}},{"type":"Feature","properties":{"nom":"Champs d&apos;Or de la Beauce inc.","designation":"Champs d&apos;Or de la Beauce inc. (98274) 100 % (responsable)","statut":"actif","lomiko":false,"centre":[-75.70076,45.98788]},"geometry":{"type":"Polygon","coordinates":[[[-75.708333,45.991667],[-75.708333,46.0],[-75.7,46.0],[-75.691667,46.0],[-75.691667,45.991667],[-75.691667,45.983333],[-75.691667,45.975],[-75.7,45.975],[-75.708333,45.975],[-75.708333,45.983333],[-75.708333,45.991667]]]}},{"type":"Feature","properties":{"nom":"Champs d&apos;Or de la Beauce inc.","designation":"Champs d&apos;Or de la Beauce inc. (98274) 100 % (responsable)","statut":"actif","lomiko":false,"centre":[-75.58765,45.98203]},"geometry":{"type":"Polygon","coordinates":[[[-75.591667,45.983333],[-75.591667,45.991667],[-75.584779,45.991667],[-75.584757,45.991654],[-75.58457,45.991558],[-75.584496,45.991521],[-75.58435,45.991457],[-75.584169,45.991383],[-75.583969,45.991302],[-75.583814,45.991236],[-75.58366,45.991176],[-75.583512,45.991127],[-75.583359,45.991085],[-75.583333,45.991079],[-75.583333,45.989331],[-75.586697,45.989331],[-75.586867,45.989327],[-75.58703,45.989315],[-75.587192,45.989297],[-75.587351,45.989271],[-75.587508,45.989238],[-75.587662,45.989199],[-75.587812,45.989153],[-75.587957,45.9891],[-75.588097,45.989041],[-75.588136,45.989022],[-75.588232,45.988976],[-75.58836,45.988905],[-75.588481,45.988828],[-75.588596,45.988746],[-75.588703,45.98866],[-75.588801,45.988569],[-75.588812,45.988557],[-75.588891,45.988473],[-75.588973,45.988374],[-75.589045,45.988272],[-75.589107,45.988166],[-75.58916,45.988058],[-75.589203,45.987948],[-75.589236,45.987836],[-75.589259,45.987723],[-75.589271,45.987609],[-75.589273,45.987532],[-75.589274,45.986556],[-75.589335,45.986522],[-75.589456,45.986445],[-75.589571,45.986364],[-75.589677,45.986277],[-75.589776,45.986186],[-75.589836,45.986123],[-75.589866,45.98609],[-75.589947,45.985991],[-75.590019,45.985889],[-75.590082,45.985783],[-75.590135,45.985675],[-75.590178,45.985565],[-75.590211,45.985453],[-75.590233,45.98534],[-75.590246,45.985226],[-75.590248,45.985149],[-75.590249,45.983333],[-75.590249,45.982787],[-75.590249,45.982768],[-75.59024,45.982636],[-75.590221,45.982522],[-75.590192,45.98241],[-75.590153,45.982299],[-75.590103,45.98219],[-75.590044,45.982084],[-75.589975,45.98198],[-75.589897,45.98188],[-75.58981,45.981783],[-75.589715,45.98169],[-75.589611,45.981602],[-75.589499,45.981518],[-75.58938,45.98144],[-75.589254,45.981367],[-75.589122,45.9813],[-75.588984,45.981238],[-75.58884,45.981183],[-75.588692,45.981135],[-75.58854,45.981093],[-75.588384,45.981058],[-75.588225,45.981029],[-75.588064,45.981008],[-75.587902,45.980994],[-75.587704,45.980987],[-75.586592,45.980988],[-75.585539,45.980989],[-75.583333,45.980991],[-75.583333,45.97804],[-75.584486,45.97804],[-75.58532,45.97804],[-75.587659,45.978041],[-75.588055,45.978041],[-75.589666,45.978042],[-75.58967,45.978042],[-75.589809,45.978042],[-75.589809,45.978042],[-75.589808,45.977888],[-75.589805,45.97761],[-75.588882,45.977455],[-75.588691,45.977444],[-75.588712,45.977402],[-75.587721,45.977391],[-75.587671,45.977388],[-75.587473,45.977388],[-75.587402,45.977387],[-75.587403,45.977388],[-75.586361,45.977388],[-75.586309,45.977384],[-75.586985,45.97735],[-75.585796,45.977349],[-75.585772,45.977345],[-75.585774,45.977349],[-75.585321,45.977349],[-75.583333,45.977349],[-75.583333,45.975],[-75.583333,45.971451],[-75.58388,45.971456],[-75.584309,45.971462],[-75.584338,45.971409],[-75.584415,45.971252],[-75.584426,45.971228],[-75.584481,45.971121],[-75.584543,45.97111],[-75.58466,45.971102],[-75.584982,45.971132],[-75.585124,45.971124],[-75.585306,45.971026],[-75.585347,45.970918],[-75.585297,45.97081],[-75.58522,45.970756],[-75.584951,45.970672],[-75.58469,45.97065],[-75.584721,45.970564],[-75.584748,45.970475],[-75.588055,45.966667],[-75.591667,45.966667],[-75.591667,45.975],[-75.591667,45.983333]]]}},{"type":"Feature","properties":{"nom":"Champs d&apos;Or de la Beauce inc.","designation":"Champs d&apos;Or de la Beauce inc. (98274) 100 % (responsable)","statut":"actif","lomiko":false,"centre":[-75.64479,45.98525]},"geometry":{"type":"Polygon","coordinates":[[[-75.658333,45.983333],[-75.658333,45.991667],[-75.65,45.991667],[-75.641667,45.991667],[-75.641667,45.98691],[-75.641723,45.986814],[-75.641751,45.986697],[-75.641792,45.986571],[-75.641805,45.986536],[-75.641819,45.9865],[-75.641858,45.986473],[-75.641949,45.986402],[-75.642001,45.986384],[-75.642105,45.986367],[-75.642259,45.986368],[-75.642414,45.986378],[-75.642711,45.986407],[-75.642801,45.986426],[-75.642865,45.986436],[-75.642904,45.986445],[-75.643161,45.98651],[-75.643418,45.986575],[-75.643701,45.986649],[-75.643971,45.986723],[-75.644215,45.986806],[-75.644343,45.986869],[-75.644355,45.986888],[-75.644342,45.986932],[-75.644303,45.98695],[-75.644264,45.986959],[-75.644264,45.986977],[-75.644638,45.986998],[-75.644562,45.986889],[-75.644749,45.984812],[-75.644762,45.984812],[-75.644827,45.984759],[-75.644994,45.983977],[-75.645046,45.983932],[-75.645085,45.983924],[-75.645083,45.983333],[-75.645078,45.982263],[-75.645077,45.981944],[-75.642857,45.981946],[-75.642852,45.982237],[-75.642846,45.982629],[-75.641667,45.98263],[-75.641667,45.975],[-75.65,45.975],[-75.658333,45.975],[-75.658333,45.983333]]]}},{"type":"Feature","properties":{"nom":"Jean-Samuel Coderre","designation":"Jean-Samuel Coderre (98603) 100 % (responsable)","statut":"actif","lomiko":false,"centre":[-75.75636,45.72085]},"geometry":{"type":"Polygon","coordinates":[[[-75.766667,45.725],[-75.766667,45.733333],[-75.758333,45.733333],[-75.758333,45.725],[-75.758333,45.725236],[-75.751965,45.72565],[-75.751163,45.7257],[-75.75,45.725816],[-75.75,45.725816],[-75.744514,45.72636],[-75.744308,45.725],[-75.741667,45.725],[-75.741667,45.716667],[-75.741667,45.708333],[-75.75,45.708333],[-75.758333,45.708333],[-75.766667,45.708333],[-75.775,45.708333],[-75.775,45.716667],[-75.766667,45.716667],[-75.766667,45.725]]]}},{"type":"Feature","properties":{"nom":"Jean-Samuel Coderre","designation":"Jean-Samuel Coderre (98603) 100 % (responsable)","statut":"actif","lomiko":false,"centre":[-75.75828,45.71699]},"geometry":{"type":"Polygon","coordinates":[[[-75.758333,45.716667],[-75.75811,45.716667],[-75.758333,45.717951],[-75.758333,45.716667]]]}},{"type":"Feature","properties":{"nom":"Maria Christova","designation":"Maria Christova (96665) 100 % (responsable)","statut":"actif","lomiko":false,"centre":[-75.47719,45.58377]},"geometry":{"type":"Polygon","coordinates":[[[-75.491667,45.591667],[-75.491667,45.6],[-75.483333,45.6],[-75.475,45.6],[-75.466667,45.6],[-75.458333,45.6],[-75.458333,45.591667],[-75.458333,45.583333],[-75.466667,45.583333],[-75.466667,45.575],[-75.466667,45.566667],[-75.475,45.566667],[-75.475,45.575],[-75.483333,45.575],[-75.483333,45.566667],[-75.491667,45.566667],[-75.491667,45.575],[-75.491667,45.583333],[-75.491667,45.591667]]]}},{"type":"Feature","properties":{"nom":"CKR Carbon Corporation","designation":"CKR Carbon Corporation (96553) 100 % (responsable)","statut":"actif","lomiko":false,"centre":[-75.51795,45.63333]},"geometry":{"type":"Polygon","coordinates":[[[-75.533333,45.633333],[-75.533333,45.641667],[-75.525,45.641667],[-75.516667,45.641667],[-75.508333,45.641667],[-75.5,45.641667],[-75.5,45.633333],[-75.5,45.625],[-75.508333,45.625],[-75.516667,45.625],[-75.525,45.625],[-75.533333,45.625],[-75.533333,45.633333]]]}},{"type":"Feature","properties":{"nom":"Daniel St-Pierre","designation":"Daniel St-Pierre (2445) 100 % (responsable)","statut":"actif","lomiko":false,"centre":[-75.08007,46.51869]},"geometry":{"type":"Polygon","coordinates":[[[-75.116667,46.583333],[-75.116667,46.591667],[-75.108333,46.591667],[-75.1,46.591667],[-75.091667,46.591667],[-75.083333,46.591667],[-75.083333,46.583333],[-75.075,46.583333],[-75.075,46.575],[-75.075,46.566667],[-75.075,46.558333],[-75.075,46.551695],[-75.075103,46.551621],[-75.07516,46.551603],[-75.075292,46.55156],[-75.075345,46.551507],[-75.075385,46.551467],[-75.075434,46.5514],[-75.07546,46.551365],[-75.075554,46.550781],[-75.075612,46.550774],[-75.075641,46.55077],[-75.075674,46.550515],[-75.075674,46.550515],[-75.075768,46.550424],[-75.075748,46.550218],[-75.075755,46.550198],[-75.07578,46.550131],[-75.075751,46.550081],[-75.075704,46.55],[-75.075685,46.549968],[-75.075723,46.549732],[-75.075723,46.549732],[-75.075701,46.549712],[-75.075493,46.549531],[-75.075183,46.54939],[-75.075151,46.54925],[-75.075184,46.549157],[-75.07524,46.549127],[-75.075277,46.549106],[-75.075277,46.549106],[-75.075216,46.549005],[-75.075193,46.548769],[-75.075193,46.548769],[-75.075186,46.548741],[-75.075114,46.548449],[-75.075045,46.548369],[-75.075032,46.548354],[-75.075,46.548329],[-75.075,46.547895],[-75.075052,46.547873],[-75.075133,46.547878],[-75.075133,46.547878],[-75.075136,46.547838],[-75.075136,46.547838],[-75.075392,46.547731],[-75.075441,46.547742],[-75.075474,46.547697],[-75.075474,46.547697],[-75.075513,46.547681],[-75.075662,46.547618],[-75.075754,46.547594],[-75.075754,46.547594],[-75.075784,46.547573],[-75.075802,46.54756],[-75.075802,46.54756],[-75.075821,46.547552],[-75.076069,46.547449],[-75.076102,46.547484],[-75.076192,46.547579],[-75.076384,46.54764],[-75.076506,46.547636],[-75.076536,46.547635],[-75.076587,46.547655],[-75.076671,46.547709],[-75.07673,46.547711],[-75.076886,46.547775],[-75.076892,46.547801],[-75.076899,46.547829],[-75.076899,46.547829],[-75.076915,46.547834],[-75.077011,46.547867],[-75.077119,46.547947],[-75.077201,46.547934],[-75.077262,46.547925],[-75.077262,46.547925],[-75.077133,46.547783],[-75.077071,46.547714],[-75.077034,46.547563],[-75.077034,46.547562],[-75.077101,46.54748],[-75.077101,46.54748],[-75.076963,46.547492],[-75.076963,46.547492],[-75.076834,46.547454],[-75.076731,46.547341],[-75.076731,46.547341],[-75.076861,46.547199],[-75.076912,46.547178],[-75.076921,46.547174],[-75.076927,46.547127],[-75.076702,46.546986],[-75.076655,46.546957],[-75.076613,46.546903],[-75.076499,46.546847],[-75.076487,46.546841],[-75.076487,46.546841],[-75.076384,46.546753],[-75.076304,46.546632],[-75.076261,46.546516],[-75.076204,46.546467],[-75.076176,46.546442],[-75.075856,46.546408],[-75.075764,46.546398],[-75.075606,46.546299],[-75.075484,46.546223],[-75.075484,46.546223],[-75.075991,46.546006],[-75.076293,46.545876],[-75.076231,46.545736],[-75.076189,46.545645],[-75.076121,46.545629],[-75.076069,46.545616],[-75.076069,46.545616],[-75.076037,46.545574],[-75.075898,46.545393],[-75.075971,46.545371],[-75.076229,46.545294],[-75.076566,46.54521],[-75.076699,46.545345],[-75.076773,46.545393],[-75.077287,46.545846],[-75.077919,46.54595],[-75.077956,46.545922],[-75.077959,46.54592],[-75.078261,46.545953],[-75.078534,46.545841],[-75.078943,46.545673],[-75.078957,46.545613],[-75.07897,46.545558],[-75.078955,46.545499],[-75.078954,46.545494],[-75.078958,46.545431],[-75.07908,46.545326],[-75.07908,46.545326],[-75.079029,46.545062],[-75.07902,46.545043],[-75.078987,46.544971],[-75.079344,46.54488],[-75.079391,46.544889],[-75.079455,46.5449],[-75.079544,46.544845],[-75.07959,46.544817],[-75.07959,46.544817],[-75.079294,46.544325],[-75.079167,46.544293],[-75.079137,46.544286],[-75.07911,46.544286],[-75.078983,46.544286],[-75.078889,46.54432],[-75.078868,46.544328],[-75.078795,46.544344],[-75.07875,46.544354],[-75.078027,46.544383],[-75.078027,46.544383],[-75.077973,46.543777],[-75.077863,46.543696],[-75.07775,46.543612],[-75.077666,46.543596],[-75.077594,46.543553],[-75.0775,46.543497],[-75.077384,46.543485],[-75.077362,46.543483],[-75.077315,46.543538],[-75.077296,46.54356],[-75.077266,46.543576],[-75.07718,46.543623],[-75.077118,46.543612],[-75.077096,46.543608],[-75.077096,46.543608],[-75.077135,46.54371],[-75.077135,46.54371],[-75.076891,46.544046],[-75.076849,46.544104],[-75.076849,46.544104],[-75.07676,46.544281],[-75.07676,46.544281],[-75.076685,46.54428],[-75.076569,46.544278],[-75.076569,46.544278],[-75.076155,46.544272],[-75.076151,46.544272],[-75.07616,46.544265],[-75.07632,46.544153],[-75.076321,46.544153],[-75.076475,46.544106],[-75.076475,46.544106],[-75.076605,46.543969],[-75.076605,46.543969],[-75.076601,46.543968],[-75.076563,46.543963],[-75.076512,46.543955],[-75.076508,46.543954],[-75.076393,46.544007],[-75.076393,46.544007],[-75.07636,46.543997],[-75.076321,46.543986],[-75.076321,46.543986],[-75.07639,46.54387],[-75.076606,46.543508],[-75.076793,46.543193],[-75.077066,46.542738],[-75.077064,46.542737],[-75.077066,46.542734],[-75.076993,46.542694],[-75.076899,46.542637],[-75.076849,46.542538],[-75.076644,46.542605],[-75.076639,46.542607],[-75.076638,46.542607],[-75.07662,46.542609],[-75.076615,46.54261],[-75.076575,46.542613],[-75.076467,46.542587],[-75.07646,46.542585],[-75.076297,46.542542],[-75.076369,46.542506],[-75.076724,46.542331],[-75.076724,46.542331],[-75.076744,46.542333],[-75.076744,46.542333],[-75.076776,46.542339],[-75.076856,46.542295],[-75.076856,46.542292],[-75.076856,46.542292],[-75.076858,46.542291],[-75.076858,46.54229],[-75.076859,46.542208],[-75.076859,46.542202],[-75.076859,46.542202],[-75.076853,46.542175],[-75.076831,46.542087],[-75.076825,46.54206],[-75.076823,46.542051],[-75.076811,46.542036],[-75.076802,46.542024],[-75.076649,46.541821],[-75.076616,46.541731],[-75.076604,46.541696],[-75.076598,46.54168],[-75.076596,46.541667],[-75.083333,46.541667],[-75.083333,46.533333],[-75.083333,46.525],[-75.078919,46.525],[-75.078857,46.524881],[-75.078811,46.524793],[-75.07871,46.524732],[-75.078638,46.524787],[-75.078488,46.524851],[-75.078424,46.524883],[-75.078369,46.52491],[-75.078331,46.524904],[-75.0782,46.524881],[-75.078033,46.524875],[-75.078033,46.524875],[-75.077982,46.525],[-75.076815,46.525],[-75.076807,46.524928],[-75.076719,46.524849],[-75.076587,46.524856],[-75.076494,46.524861],[-75.076431,46.524864],[-75.076325,46.52485],[-75.076309,46.524842],[-75.076236,46.524805],[-75.076111,46.524903],[-75.07601,46.52495],[-75.07598,46.525],[-75.075,46.525],[-75.066667,46.525],[-75.058333,46.525],[-75.058333,46.516667],[-75.058333,46.508333],[-75.066667,46.508333],[-75.066667,46.5],[-75.075,46.5],[-75.076645,46.5],[-75.07663,46.500019],[-75.076611,46.500038],[-75.076569,46.50008],[-75.076518,46.500109],[-75.076466,46.500138],[-75.076378,46.500218],[-75.076341,46.500319],[-75.076279,46.500411],[-75.076253,46.500498],[-75.076224,46.500533],[-75.076195,46.500561],[-75.076087,46.500645],[-75.076087,46.50067],[-75.076087,46.500702],[-75.076026,46.500777],[-75.076026,46.500778],[-75.075978,46.500862],[-75.075995,46.500881],[-75.07609,46.500908],[-75.076156,46.500926],[-75.07619,46.501004],[-75.076202,46.501016],[-75.076215,46.501018],[-75.076226,46.501019],[-75.076281,46.501008],[-75.076324,46.501009],[-75.076374,46.50101],[-75.076374,46.50101],[-75.076404,46.501095],[-75.076422,46.501133],[-75.076453,46.501198],[-75.076442,46.501275],[-75.076448,46.501316],[-75.076499,46.501407],[-75.076518,46.501471],[-75.076613,46.501518],[-75.076613,46.501518],[-75.076603,46.501558],[-75.076618,46.501576],[-75.076652,46.501569],[-75.076665,46.501553],[-75.076688,46.501483],[-75.076702,46.501438],[-75.076717,46.501438],[-75.076827,46.501438],[-75.076865,46.501429],[-75.076929,46.501413],[-75.076998,46.501399],[-75.077052,46.501387],[-75.07709,46.501335],[-75.07709,46.501335],[-75.077045,46.501293],[-75.077029,46.501278],[-75.077015,46.501273],[-75.077015,46.501273],[-75.077004,46.501259],[-75.076974,46.501222],[-75.076931,46.501137],[-75.076929,46.501133],[-75.07694,46.501112],[-75.076956,46.501082],[-75.077038,46.501016],[-75.077039,46.501016],[-75.077106,46.501037],[-75.077128,46.501044],[-75.07715,46.501055],[-75.077219,46.50109],[-75.077212,46.501144],[-75.077208,46.501177],[-75.077209,46.501202],[-75.077265,46.501256],[-75.077279,46.501296],[-75.077295,46.501347],[-75.077367,46.501418],[-75.077376,46.501427],[-75.077353,46.501496],[-75.077301,46.50151],[-75.077279,46.501515],[-75.077242,46.501534],[-75.07721,46.501549],[-75.07718,46.50158],[-75.077165,46.501595],[-75.077166,46.501597],[-75.077187,46.501636],[-75.077256,46.501696],[-75.077312,46.501679],[-75.077359,46.501664],[-75.077371,46.501652],[-75.077431,46.501595],[-75.077559,46.501565],[-75.077593,46.501581],[-75.077659,46.501613],[-75.077685,46.501603],[-75.077707,46.501595],[-75.077757,46.501558],[-75.077769,46.50155],[-75.077902,46.501539],[-75.078069,46.501505],[-75.078125,46.501489],[-75.078161,46.501478],[-75.078269,46.50141],[-75.078324,46.501448],[-75.078342,46.501462],[-75.078343,46.501462],[-75.078362,46.501453],[-75.078388,46.501441],[-75.07841,46.50138],[-75.078431,46.50132],[-75.078455,46.501311],[-75.078484,46.501299],[-75.078495,46.501298],[-75.078516,46.501295],[-75.078516,46.501295],[-75.078522,46.5013],[-75.078532,46.501309],[-75.078532,46.501309],[-75.078551,46.501343],[-75.078577,46.50134],[-75.078606,46.501336],[-75.078614,46.501329],[-75.078663,46.501284],[-75.078669,46.501279],[-75.078725,46.501268],[-75.078726,46.501268],[-75.078739,46.501281],[-75.078757,46.501298],[-75.0788,46.501337],[-75.078835,46.501378],[-75.078833,46.501397],[-75.078827,46.501456],[-75.078822,46.501461],[-75.078817,46.501467],[-75.078819,46.501473],[-75.078822,46.501476],[-75.078825,46.501479],[-75.078828,46.501487],[-75.078828,46.501487],[-75.078827,46.501488],[-75.078824,46.50149],[-75.078808,46.501492],[-75.078807,46.501492],[-75.078801,46.501496],[-75.078745,46.501531],[-75.078745,46.501531],[-75.078737,46.501557],[-75.078713,46.501637],[-75.078786,46.501656],[-75.078787,46.501656],[-75.078931,46.501677],[-75.078978,46.501747],[-75.078995,46.501812],[-75.079002,46.501837],[-75.078982,46.501898],[-75.078977,46.501912],[-75.078977,46.501912],[-75.078976,46.501916],[-75.07895,46.501987],[-75.078914,46.502018],[-75.078894,46.502035],[-75.078818,46.502055],[-75.078735,46.502115],[-75.078678,46.502183],[-75.078659,46.502207],[-75.078629,46.502244],[-75.078594,46.502287],[-75.078594,46.502287],[-75.078597,46.502377],[-75.078597,46.502378],[-75.078651,46.502395],[-75.078693,46.502408],[-75.078721,46.502434],[-75.078756,46.502467],[-75.078811,46.502554],[-75.078811,46.502554],[-75.078866,46.502633],[-75.078936,46.502683],[-75.078987,46.502718],[-75.079002,46.502735],[-75.079051,46.502787],[-75.079082,46.502795],[-75.079166,46.502816],[-75.079173,46.50282],[-75.079196,46.502834],[-75.079196,46.502837],[-75.079197,46.502858],[-75.079182,46.502889],[-75.079167,46.502895],[-75.079142,46.502906],[-75.079139,46.502913],[-75.07913,46.502937],[-75.07913,46.502937],[-75.079143,46.502945],[-75.079149,46.502943],[-75.079152,46.502942],[-75.079167,46.502939],[-75.07923,46.502917],[-75.079244,46.502936],[-75.079239,46.502943],[-75.079233,46.502951],[-75.079227,46.502956],[-75.07922,46.502959],[-75.0792,46.50296],[-75.079165,46.502968],[-75.079107,46.502982],[-75.079019,46.502954],[-75.078908,46.503012],[-75.078869,46.503065],[-75.078869,46.503065],[-75.078876,46.503079],[-75.078906,46.503146],[-75.078904,46.503164],[-75.078884,46.503178],[-75.078845,46.503182],[-75.078845,46.503182],[-75.078842,46.503184],[-75.07883,46.503191],[-75.078771,46.503188],[-75.07865,46.503208],[-75.078586,46.503232],[-75.078583,46.503232],[-75.078567,46.503235],[-75.078448,46.503231],[-75.078406,46.503153],[-75.078361,46.503153],[-75.078354,46.503153],[-75.078283,46.503141],[-75.078268,46.503137],[-75.078204,46.503121],[-75.078099,46.503097],[-75.078079,46.503092],[-75.077963,46.503072],[-75.077923,46.503083],[-75.07789,46.503092],[-75.07789,46.503092],[-75.077826,46.503149],[-75.077793,46.503196],[-75.077739,46.503268],[-75.077691,46.503344],[-75.077655,46.503414],[-75.077636,46.503451],[-75.077628,46.503478],[-75.077614,46.50352],[-75.077599,46.50356],[-75.077589,46.503586],[-75.07758,46.503641],[-75.077554,46.503733],[-75.077533,46.503799],[-75.077538,46.503846],[-75.07754,46.503869],[-75.07751,46.503951],[-75.077436,46.503968],[-75.077306,46.503973],[-75.07721,46.503985],[-75.077161,46.503992],[-75.077158,46.503992],[-75.077158,46.503992],[-75.077086,46.503992],[-75.077052,46.503992],[-75.077052,46.503992],[-75.077025,46.503989],[-75.076978,46.503984],[-75.076978,46.503984],[-75.076899,46.503944],[-75.076823,46.503958],[-75.076799,46.503962],[-75.076752,46.503954],[-75.076682,46.503941],[-75.076727,46.504001],[-75.076727,46.504001],[-75.076827,46.50406],[-75.076762,46.504153],[-75.076695,46.504224],[-75.076767,46.504262],[-75.076806,46.504282],[-75.076874,46.504312],[-75.076915,46.50433],[-75.076915,46.50433],[-75.076888,46.504395],[-75.076879,46.504412],[-75.076843,46.504479],[-75.076861,46.504496],[-75.076937,46.504568],[-75.076866,46.504614],[-75.076854,46.504622],[-75.076837,46.504634],[-75.076766,46.50466],[-75.076765,46.50466],[-75.07674,46.504687],[-75.076717,46.504712],[-75.076607,46.504741],[-75.076503,46.504807],[-75.07648,46.504851],[-75.076457,46.504896],[-75.076495,46.504962],[-75.076519,46.505004],[-75.076519,46.505004],[-75.076508,46.505008],[-75.076418,46.505038],[-75.076406,46.50509],[-75.076402,46.505107],[-75.076395,46.50515],[-75.076393,46.505163],[-75.076271,46.505222],[-75.076271,46.505222],[-75.076253,46.505246],[-75.076199,46.505316],[-75.076151,46.505405],[-75.076176,46.505453],[-75.076185,46.505469],[-75.076194,46.505471],[-75.076207,46.505473],[-75.076248,46.505501],[-75.07628,46.505523],[-75.076296,46.505539],[-75.076313,46.505555],[-75.076317,46.5056],[-75.076319,46.505624],[-75.076293,46.505685],[-75.076211,46.505704],[-75.076192,46.505709],[-75.076129,46.505731],[-75.076076,46.50575],[-75.076076,46.50575],[-75.076084,46.505831],[-75.076076,46.505838],[-75.076013,46.505897],[-75.076006,46.505903],[-75.07595,46.505897],[-75.075906,46.505892],[-75.075838,46.505877],[-75.075838,46.505877],[-75.075778,46.505835],[-75.075757,46.505828],[-75.075726,46.505817],[-75.075725,46.505817],[-75.075706,46.505843],[-75.075677,46.505884],[-75.075654,46.505933],[-75.075647,46.505966],[-75.075642,46.505986],[-75.075649,46.506064],[-75.075674,46.506191],[-75.075666,46.506195],[-75.075625,46.506212],[-75.075489,46.506272],[-75.07539,46.506292],[-75.07538,46.506307],[-75.075341,46.506366],[-75.07526,46.506387],[-75.075186,46.506353],[-75.075194,46.506385],[-75.075197,46.5064],[-75.075183,46.506465],[-75.075183,46.506465],[-75.075108,46.506478],[-75.075005,46.506463],[-75.075,46.506467],[-75.074921,46.506523],[-75.074917,46.506537],[-75.0749,46.506599],[-75.074929,46.506666],[-75.074931,46.506675],[-75.074938,46.506718],[-75.074969,46.506792],[-75.074918,46.506833],[-75.074883,46.506857],[-75.074863,46.50687],[-75.074818,46.506908],[-75.074794,46.506929],[-75.074728,46.506941],[-75.07465,46.506939],[-75.07461,46.506938],[-75.07461,46.506938],[-75.074629,46.506978],[-75.074629,46.506978],[-75.07467,46.506998],[-75.074693,46.507009],[-75.074693,46.507009],[-75.074626,46.507098],[-75.074553,46.50715],[-75.074553,46.50715],[-75.074549,46.507165],[-75.074543,46.507193],[-75.07445,46.50726],[-75.074412,46.507276],[-75.074351,46.5073],[-75.074291,46.507379],[-75.074264,46.507423],[-75.074264,46.507424],[-75.074264,46.507424],[-75.074331,46.50745],[-75.074349,46.507441],[-75.074368,46.507432],[-75.074501,46.507438],[-75.074607,46.507462],[-75.074717,46.507526],[-75.074802,46.507535],[-75.074804,46.507535],[-75.074821,46.507537],[-75.074832,46.507543],[-75.074904,46.507583],[-75.074955,46.507605],[-75.075,46.507625],[-75.075005,46.507627],[-75.075111,46.507596],[-75.075133,46.50759],[-75.075192,46.507578],[-75.075193,46.507577],[-75.075211,46.50753],[-75.075193,46.507458],[-75.075196,46.507434],[-75.075223,46.507433],[-75.075223,46.507433],[-75.075216,46.507414],[-75.075217,46.507406],[-75.075219,46.507398],[-75.075239,46.507399],[-75.075241,46.507404],[-75.075242,46.507406],[-75.075242,46.507406],[-75.075264,46.507416],[-75.075349,46.507455],[-75.075429,46.507501],[-75.075501,46.507523],[-75.075557,46.50754],[-75.075641,46.507585],[-75.075643,46.507587],[-75.075655,46.507601],[-75.075708,46.507651],[-75.07576,46.507699],[-75.075856,46.507704],[-75.075986,46.507732],[-75.07609,46.50772],[-75.076163,46.507664],[-75.076208,46.507629],[-75.076229,46.50761],[-75.076253,46.507589],[-75.076345,46.507483],[-75.076433,46.507419],[-75.076521,46.507337],[-75.076545,46.507306],[-75.076549,46.507301],[-75.076607,46.507261],[-75.076637,46.50724],[-75.076705,46.507152],[-75.076778,46.507068],[-75.07681,46.50703],[-75.076903,46.506991],[-75.077066,46.506959],[-75.077187,46.50689],[-75.077275,46.506841],[-75.077351,46.506743],[-75.077379,46.50668],[-75.077398,46.506658],[-75.077427,46.506624],[-75.077459,46.506603],[-75.077486,46.506585],[-75.077515,46.506558],[-75.077529,46.506509],[-75.077584,46.506414],[-75.077593,46.506398],[-75.077634,46.506327],[-75.077651,46.50632],[-75.077749,46.506278],[-75.077834,46.506216],[-75.077857,46.506199],[-75.077914,46.506173],[-75.077946,46.506158],[-75.077999,46.506126],[-75.077999,46.506126],[-75.077994,46.506138],[-75.077994,46.506137],[-75.07802,46.506119],[-75.078042,46.5061],[-75.078042,46.5061],[-75.078044,46.506079],[-75.07802,46.506054],[-75.078009,46.506029],[-75.078,46.506011],[-75.078007,46.505922],[-75.078037,46.505841],[-75.078037,46.505841],[-75.078089,46.505815],[-75.078089,46.505815],[-75.078117,46.505768],[-75.07814,46.50573],[-75.078186,46.505662],[-75.078186,46.505636],[-75.078186,46.505585],[-75.078186,46.505585],[-75.078266,46.505502],[-75.078266,46.505502],[-75.07829,46.505416],[-75.078332,46.505363],[-75.078337,46.505365],[-75.078342,46.50536],[-75.078386,46.505311],[-75.078452,46.505269],[-75.078531,46.505218],[-75.078627,46.50513],[-75.078644,46.505115],[-75.0787,46.505069],[-75.07877,46.505013],[-75.07877,46.505013],[-75.078778,46.505014],[-75.078804,46.505019],[-75.078925,46.505027],[-75.078925,46.505027],[-75.078984,46.504985],[-75.079006,46.504969],[-75.079025,46.50493],[-75.079036,46.504906],[-75.079069,46.504862],[-75.079131,46.504777],[-75.079131,46.504777],[-75.079102,46.504725],[-75.079097,46.504698],[-75.079083,46.504628],[-75.079088,46.504516],[-75.079089,46.504501],[-75.079181,46.504441],[-75.079181,46.504441],[-75.079246,46.50443],[-75.07927,46.504426],[-75.07927,46.504426],[-75.079359,46.504451],[-75.079446,46.504482],[-75.079447,46.504481],[-75.079514,46.504433],[-75.079564,46.504382],[-75.079607,46.50434],[-75.079571,46.504269],[-75.079535,46.504178],[-75.079566,46.504125],[-75.079577,46.504106],[-75.079571,46.50402],[-75.079571,46.50402],[-75.079571,46.50402],[-75.07957,46.503974],[-75.07957,46.503974],[-75.079589,46.503957],[-75.07962,46.503929],[-75.079622,46.503927],[-75.079623,46.503927],[-75.079647,46.503906],[-75.079652,46.503882],[-75.079666,46.503805],[-75.079644,46.503724],[-75.079651,46.503719],[-75.07967,46.503707],[-75.079742,46.503674],[-75.079768,46.503662],[-75.079882,46.503645],[-75.079979,46.503588],[-75.079989,46.503493],[-75.079989,46.503486],[-75.07999,46.503479],[-75.07999,46.503478],[-75.080054,46.503483],[-75.080093,46.503486],[-75.080149,46.503506],[-75.080165,46.503512],[-75.080206,46.503514],[-75.080407,46.503496],[-75.080462,46.503394],[-75.080644,46.503328],[-75.080645,46.503328],[-75.080661,46.503326],[-75.08072,46.503321],[-75.08072,46.503321],[-75.080722,46.503292],[-75.080725,46.503262],[-75.080692,46.503241],[-75.080691,46.503239],[-75.080716,46.503211],[-75.080722,46.503204],[-75.080737,46.50319],[-75.080797,46.503132],[-75.080833,46.503139],[-75.080864,46.503145],[-75.080901,46.503187],[-75.080991,46.503286],[-75.081056,46.503312],[-75.081144,46.503355],[-75.081206,46.503368],[-75.081206,46.503368],[-75.081269,46.503341],[-75.081337,46.50329],[-75.081384,46.503253],[-75.081469,46.503233],[-75.081619,46.503197],[-75.081607,46.503051],[-75.081578,46.502901],[-75.081578,46.502901],[-75.081553,46.502895],[-75.081551,46.502894],[-75.081551,46.502894],[-75.081544,46.50289],[-75.081543,46.502887],[-75.081541,46.502882],[-75.08154,46.502864],[-75.08154,46.502862],[-75.081512,46.502769],[-75.081491,46.502677],[-75.081539,46.502601],[-75.081528,46.50253],[-75.081523,46.502492],[-75.081567,46.502459],[-75.081623,46.502417],[-75.081625,46.502389],[-75.081629,46.502337],[-75.081582,46.502304],[-75.081568,46.502294],[-75.081521,46.502158],[-75.081628,46.502062],[-75.081676,46.501989],[-75.081772,46.501876],[-75.081827,46.501859],[-75.081887,46.50184],[-75.081992,46.501771],[-75.08209,46.501697],[-75.082141,46.501609],[-75.082153,46.501588],[-75.082307,46.501475],[-75.08233,46.50145],[-75.082375,46.501402],[-75.082379,46.501323],[-75.082348,46.50124],[-75.082345,46.501177],[-75.082344,46.501154],[-75.08236,46.501114],[-75.082405,46.501045],[-75.082498,46.500961],[-75.082518,46.500944],[-75.082663,46.500883],[-75.082717,46.500876],[-75.082805,46.500864],[-75.082853,46.500812],[-75.082857,46.500808],[-75.082862,46.500804],[-75.082918,46.500749],[-75.08298,46.5007],[-75.083043,46.500656],[-75.083074,46.500603],[-75.083074,46.500603],[-75.083074,46.500586],[-75.083074,46.500558],[-75.083074,46.500558],[-75.083021,46.500478],[-75.08305,46.500407],[-75.083038,46.500328],[-75.083037,46.50032],[-75.083034,46.500293],[-75.083055,46.500239],[-75.083055,46.500239],[-75.083046,46.500194],[-75.083031,46.500089],[-75.083058,46.500059],[-75.083101,46.500012],[-75.083104,46.5],[-75.083333,46.5],[-75.083333,46.508333],[-75.083333,46.516667],[-75.091667,46.516667],[-75.1,46.516667],[-75.1,46.525],[-75.108333,46.525],[-75.108333,46.533333],[-75.108333,46.539825],[-75.108139,46.540165],[-75.107872,46.540997],[-75.107813,46.541667],[-75.107807,46.541738],[-75.107804,46.541771],[-75.108333,46.541775],[-75.113012,46.541812],[-75.113072,46.543963],[-75.113073,46.544029],[-75.11314,46.546441],[-75.113176,46.547748],[-75.113204,46.548739],[-75.113205,46.548805],[-75.113238,46.55],[-75.11324,46.550071],[-75.113247,46.550163],[-75.113262,46.550255],[-75.113284,46.550346],[-75.113313,46.550437],[-75.113289,46.550538],[-75.113272,46.55064],[-75.113263,46.550742],[-75.113261,46.550845],[-75.113269,46.551149],[-75.113284,46.551681],[-75.113333,46.553449],[-75.113396,46.555769],[-75.113397,46.555786],[-75.113406,46.556114],[-75.113464,46.558211],[-75.113467,46.558333],[-75.113527,46.560502],[-75.113592,46.562857],[-75.113657,46.565221],[-75.113697,46.566667],[-75.113723,46.567608],[-75.113737,46.567746],[-75.113755,46.567836],[-75.113794,46.567971],[-75.113838,46.568082],[-75.113892,46.56819],[-75.113955,46.568295],[-75.114029,46.568397],[-75.114111,46.568496],[-75.114203,46.568591],[-75.114303,46.568682],[-75.114411,46.568769],[-75.114527,46.56885],[-75.11465,46.568927],[-75.11478,46.568997],[-75.114916,46.569062],[-75.115058,46.569121],[-75.115205,46.569173],[-75.115356,46.569219],[-75.115512,46.569259],[-75.115671,46.569291],[-75.115832,46.569316],[-75.115864,46.56932],[-75.115893,46.570025],[-75.116667,46.570022],[-75.116667,46.575],[-75.116667,46.583333]]]}},{"type":"Feature","properties":{"nom":"Daniel St-Pierre","designation":"Daniel St-Pierre (2445) 100 % (responsable)","statut":"actif","lomiko":false,"centre":[-75.22197,46.54167]},"geometry":{"type":"Polygon","coordinates":[[[-75.233333,46.541667],[-75.233333,46.55],[-75.225,46.55],[-75.216667,46.55],[-75.208333,46.55],[-75.208333,46.541667],[-75.208333,46.533333],[-75.216667,46.533333],[-75.225,46.533333],[-75.233333,46.533333],[-75.233333,46.541667]]]}},{"type":"Feature","properties":{"nom":"Daniel St-Pierre","designation":"Daniel St-Pierre (2445) 100 % (responsable)","statut":"actif","lomiko":false,"centre":[-75.53984,46.31424]},"geometry":{"type":"Polygon","coordinates":[[[-75.55,46.316667],[-75.55,46.325],[-75.541667,46.325],[-75.533333,46.325],[-75.533333,46.316667],[-75.533333,46.308928],[-75.533475,46.30881],[-75.533589,46.308714],[-75.533645,46.308648],[-75.533911,46.308333],[-75.541667,46.308333],[-75.55,46.308333],[-75.55,46.316667]]]}},{"type":"Feature","properties":{"nom":"Daniel St-Pierre","designation":"Daniel St-Pierre (2445) 100 % (responsable)","statut":"actif","lomiko":false,"centre":[-75.63093,46.27198]},"geometry":{"type":"Polygon","coordinates":[[[-75.641667,46.266667],[-75.641667,46.269205],[-75.641655,46.269211],[-75.641654,46.269211],[-75.641606,46.269229],[-75.641211,46.269356],[-75.641137,46.269379],[-75.641119,46.269376],[-75.641122,46.269384],[-75.640908,46.269451],[-75.640907,46.26945],[-75.640906,46.269452],[-75.640775,46.269493],[-75.640747,46.269506],[-75.640663,46.269533],[-75.64046,46.269598],[-75.640458,46.269599],[-75.640486,46.273707],[-75.64046,46.273725],[-75.640434,46.273734],[-75.640408,46.273742],[-75.640356,46.273751],[-75.640303,46.27376],[-75.640252,46.273768],[-75.640199,46.273777],[-75.640148,46.273777],[-75.640096,46.273776],[-75.640044,46.273785],[-75.639991,46.273802],[-75.639952,46.27382],[-75.6399,46.273847],[-75.639861,46.273873],[-75.639821,46.2739],[-75.639782,46.273927],[-75.639716,46.273971],[-75.639677,46.273998],[-75.639638,46.274025],[-75.63962,46.274037],[-75.639598,46.274051],[-75.63957,46.274064],[-75.639559,46.274069],[-75.63952,46.274087],[-75.639468,46.274104],[-75.639416,46.274122],[-75.639363,46.274139],[-75.639311,46.274148],[-75.639259,46.274166],[-75.639207,46.274183],[-75.639155,46.274192],[-75.639103,46.274201],[-75.639051,46.274218],[-75.638999,46.274236],[-75.638946,46.274244],[-75.638894,46.274262],[-75.638842,46.27428],[-75.638777,46.274315],[-75.638711,46.27436],[-75.638691,46.27438],[-75.638658,46.274413],[-75.638616,46.274449],[-75.638606,46.274458],[-75.638553,46.274511],[-75.638513,46.274565],[-75.638474,46.274619],[-75.638447,46.274672],[-75.638433,46.274726],[-75.638432,46.274771],[-75.638419,46.274816],[-75.638418,46.274861],[-75.638404,46.274897],[-75.63839,46.274951],[-75.638401,46.275],[-75.638219,46.275],[-75.637989,46.274903],[-75.637813,46.274833],[-75.637671,46.274776],[-75.637347,46.274656],[-75.637308,46.274642],[-75.637257,46.274624],[-75.637105,46.274571],[-75.637096,46.2728],[-75.637094,46.272506],[-75.637089,46.271462],[-75.637066,46.271481],[-75.637043,46.271499],[-75.637016,46.271499],[-75.637016,46.27152],[-75.636928,46.271591],[-75.636889,46.271591],[-75.636891,46.271621],[-75.636692,46.271779],[-75.636548,46.271875],[-75.636458,46.271967],[-75.636361,46.272045],[-75.636332,46.272061],[-75.636329,46.27207],[-75.636264,46.272122],[-75.63602,46.272308],[-75.635999,46.272335],[-75.635986,46.272345],[-75.635948,46.272393],[-75.635905,46.272428],[-75.63589,46.272449],[-75.635857,46.272443],[-75.635871,46.272475],[-75.635776,46.272609],[-75.635757,46.272632],[-75.635665,46.272728],[-75.635608,46.272718],[-75.635629,46.272765],[-75.635506,46.272892],[-75.635381,46.273102],[-75.635286,46.273221],[-75.635281,46.27323],[-75.635262,46.273255],[-75.635122,46.273525],[-75.635118,46.27353],[-75.635105,46.273533],[-75.635113,46.273538],[-75.634994,46.273703],[-75.634955,46.27382],[-75.634867,46.273968],[-75.634834,46.273961],[-75.634479,46.273894],[-75.634392,46.273879],[-75.634122,46.273834],[-75.633763,46.273781],[-75.633734,46.273777],[-75.633402,46.273735],[-75.633333,46.273728],[-75.633207,46.273714],[-75.633116,46.273704],[-75.632948,46.273687],[-75.632584,46.273656],[-75.632218,46.273631],[-75.631852,46.273614],[-75.631485,46.273604],[-75.631118,46.273601],[-75.630949,46.273603],[-75.630751,46.273606],[-75.630384,46.273617],[-75.630361,46.273618],[-75.630136,46.27363],[-75.630018,46.273636],[-75.629653,46.273662],[-75.629484,46.273677],[-75.629393,46.273685],[-75.629331,46.273691],[-75.629198,46.273703],[-75.628835,46.273744],[-75.62853,46.273784],[-75.628474,46.273791],[-75.628147,46.273841],[-75.628095,46.273791],[-75.627973,46.273766],[-75.627903,46.273701],[-75.627866,46.273697],[-75.627718,46.27357],[-75.627667,46.273526],[-75.627607,46.273489],[-75.627627,46.273464],[-75.627373,46.273341],[-75.627246,46.27326],[-75.627236,46.273122],[-75.627001,46.273087],[-75.626955,46.273043],[-75.626934,46.273044],[-75.626908,46.273045],[-75.626649,46.272847],[-75.626623,46.272845],[-75.626527,46.272774],[-75.626424,46.272806],[-75.625858,46.272542],[-75.625052,46.272276],[-75.625007,46.272216],[-75.625,46.272214],[-75.624899,46.272192],[-75.623736,46.271907],[-75.622833,46.271732],[-75.622846,46.271722],[-75.62274,46.271704],[-75.622687,46.271694],[-75.622691,46.271704],[-75.622433,46.271654],[-75.622453,46.271639],[-75.622294,46.271612],[-75.622305,46.271636],[-75.621269,46.271544],[-75.620783,46.271373],[-75.620771,46.27136],[-75.620672,46.271333],[-75.620343,46.271217],[-75.620179,46.271168],[-75.620239,46.271146],[-75.620031,46.271125],[-75.619827,46.271064],[-75.619836,46.271058],[-75.619763,46.271045],[-75.619257,46.270896],[-75.619141,46.270883],[-75.619122,46.270854],[-75.619065,46.270874],[-75.61894,46.270861],[-75.618359,46.270719],[-75.618362,46.27074],[-75.618267,46.27072],[-75.618184,46.270705],[-75.618104,46.270477],[-75.618153,46.270494],[-75.61814,46.270469],[-75.618164,46.27047],[-75.618014,46.27022],[-75.618028,46.270209],[-75.618005,46.270205],[-75.617936,46.27009],[-75.617851,46.269931],[-75.61781,46.269879],[-75.617746,46.269772],[-75.617808,46.269726],[-75.617708,46.269709],[-75.617657,46.269623],[-75.617584,46.269542],[-75.617534,46.26942],[-75.617033,46.268917],[-75.617029,46.268926],[-75.616963,46.268853],[-75.61696,46.268851],[-75.61689,46.268774],[-75.616667,46.268598],[-75.616667,46.266667],[-75.611744,46.266667],[-75.611636,46.266651],[-75.610408,46.266612],[-75.610389,46.266611],[-75.609941,46.266647],[-75.609936,46.266647],[-75.609929,46.266648],[-75.609694,46.266667],[-75.608333,46.266667],[-75.608333,46.258333],[-75.616667,46.258333],[-75.625,46.258333],[-75.633333,46.258333],[-75.641667,46.258333],[-75.641667,46.266667]]]}},{"type":"Feature","properties":{"nom":"Daniel St-Pierre","designation":"Daniel St-Pierre (2445) 100 % (responsable)","statut":"actif","lomiko":false,"centre":[-75.49881,45.57857]},"geometry":{"type":"Polygon","coordinates":[[[-75.491667,45.575],[-75.5,45.575],[-75.508333,45.575],[-75.508333,45.583333],[-75.5,45.583333],[-75.491667,45.583333],[-75.491667,45.575]]]}},{"type":"Feature","properties":{"nom":"Steven Scott","designation":"Steven Scott (82054) 100 % (responsable)","statut":"actif","lomiko":false,"centre":[-76.22,46.41167]},"geometry":{"type":"Polygon","coordinates":[[[-76.216667,46.408333],[-76.225,46.408333],[-76.225,46.416667],[-76.216667,46.416667],[-76.216667,46.408333]]]}},{"type":"Feature","properties":{"nom":"Steven Scott","designation":"Steven Scott (82054) 100 % (responsable)","statut":"actif","lomiko":false,"centre":[-75.67833,46.42833]},"geometry":{"type":"Polygon","coordinates":[[[-75.675,46.425],[-75.683333,46.425],[-75.683333,46.433333],[-75.675,46.433333],[-75.675,46.425]]]}},{"type":"Feature","properties":{"nom":"Réjean Raymond","designation":"Réjean Raymond (81277) 100 % (responsable)","statut":"actif","lomiko":false,"centre":[-76.29643,45.70833]},"geometry":{"type":"Polygon","coordinates":[[[-76.3,45.708333],[-76.3,45.716667],[-76.291667,45.716667],[-76.291667,45.708333],[-76.291667,45.7],[-76.3,45.7],[-76.3,45.708333]]]}},{"type":"Feature","properties":{"nom":"Réjean Raymond","designation":"Réjean Raymond (81277) 100 % (responsable)","statut":"actif","lomiko":false,"centre":[-76.12833,46.47]},"geometry":{"type":"Polygon","coordinates":[[[-76.125,46.466667],[-76.133333,46.466667],[-76.133333,46.475],[-76.125,46.475],[-76.125,46.466667]]]}},{"type":"Feature","properties":{"nom":"Réjean Raymond","designation":"Réjean Raymond (81277) 100 % (responsable)","statut":"actif","lomiko":false,"centre":[-75.96167,46.12]},"geometry":{"type":"Polygon","coordinates":[[[-75.958333,46.116667],[-75.966667,46.116667],[-75.966667,46.125],[-75.958333,46.125],[-75.958333,46.116667]]]}},{"type":"Feature","properties":{"nom":"Réjean Raymond","designation":"Réjean Raymond (81277) 100 % (responsable)","statut":"actif","lomiko":false,"centre":[-75.955,46.11333]},"geometry":{"type":"Polygon","coordinates":[[[-75.958333,46.116667],[-75.95,46.116667],[-75.95,46.108333],[-75.958333,46.108333],[-75.958333,46.116667]]]}},{"type":"Feature","properties":{"nom":"Brunswick Exploration inc.","designation":"Brunswick Exploration inc. (100682) 100 % (responsable)","statut":"actif","lomiko":false,"centre":[-76.05128,45.83333]},"geometry":{"type":"Polygon","coordinates":[[[-76.066667,45.833333],[-76.066667,45.841667],[-76.058333,45.841667],[-76.05,45.841667],[-76.041667,45.841667],[-76.033333,45.841667],[-76.033333,45.833333],[-76.033333,45.825],[-76.041667,45.825],[-76.05,45.825],[-76.058333,45.825],[-76.066667,45.825],[-76.066667,45.833333]]]}},{"type":"Feature","properties":{"nom":"Brunswick Exploration inc.","designation":"Brunswick Exploration inc. (100682) 100 % (responsable)","statut":"actif","lomiko":false,"centre":[-75.97611,45.88778]},"geometry":{"type":"Polygon","coordinates":[[[-75.991667,45.891667],[-75.991667,45.9],[-75.983333,45.9],[-75.975,45.9],[-75.966667,45.9],[-75.958333,45.9],[-75.958333,45.891667],[-75.958333,45.883333],[-75.958333,45.875],[-75.966667,45.875],[-75.975,45.875],[-75.983333,45.875],[-75.991667,45.875],[-75.991667,45.883333],[-75.991667,45.891667]]]}},{"type":"Feature","properties":{"nom":"Brunswick Exploration inc.","designation":"Brunswick Exploration inc. (100682) 100 % (responsable)","statut":"actif","lomiko":false,"centre":[-75.96184,45.99552]},"geometry":{"type":"Polygon","coordinates":[[[-76.008333,46.016667],[-76.008333,46.025],[-76.008333,46.033333],[-76.0,46.033333],[-76.0,46.033333],[-75.991667,46.033333],[-75.983333,46.033333],[-75.975,46.033333],[-75.966667,46.033333],[-75.958333,46.033333],[-75.95,46.033333],[-75.941667,46.033333],[-75.933333,46.033333],[-75.933333,46.025],[-75.933333,46.016667],[-75.933333,46.008333],[-75.933333,46.0],[-75.941667,46.0],[-75.95,46.0],[-75.958333,46.0],[-75.966667,46.0],[-75.975,46.0],[-75.983333,46.0],[-75.991667,46.0],[-76.0,46.0],[-76.0,46.0],[-75.991667,46.0],[-75.983333,46.0],[-75.975,46.0],[-75.966667,46.0],[-75.958333,46.0],[-75.95,46.0],[-75.941667,46.0],[-75.933333,46.0],[-75.925,46.0],[-75.925,45.991667],[-75.916667,45.991667],[-75.908333,45.991667],[-75.908333,45.983333],[-75.908333,45.975],[-75.916667,45.975],[-75.925,45.975],[-75.930854,45.975],[-75.930843,45.976724],[-75.933333,45.976508],[-75.934172,45.976435],[-75.934164,45.97602],[-75.934168,45.975674],[-75.934205,45.975667],[-75.934199,45.975213],[-75.934196,45.975],[-75.941667,45.975],[-75.95,45.975],[-75.95,45.966667],[-75.958333,45.966667],[-75.958333,45.958333],[-75.966667,45.958333],[-75.975,45.958333],[-75.983333,45.958333],[-75.991667,45.958333],[-75.991667,45.966667],[-75.991667,45.975],[-76.0,45.975],[-76.008333,45.975],[-76.008333,45.983333],[-76.008333,45.991667],[-76.008333,46.0],[-76.008333,46.008333],[-76.008333,46.016667]]]}},{"type":"Feature","properties":{"nom":"Brunswick Exploration inc.","designation":"Brunswick Exploration inc. (100682) 100 % (responsable)","statut":"actif","lomiko":false,"centre":[-75.99306,46.025]},"geometry":{"type":"Polygon","coordinates":[[[-75.991667,46.025],[-75.983333,46.025],[-75.991667,46.025],[-76.0,46.025],[-76.0,46.025],[-75.991667,46.025]]]}},{"type":"Feature","properties":{"nom":"Brunswick Exploration inc.","designation":"Brunswick Exploration inc. (100682) 100 % (responsable)","statut":"actif","lomiko":false,"centre":[-75.98125,46.025]},"geometry":{"type":"Polygon","coordinates":[[[-75.983333,46.025],[-75.975,46.025],[-75.983333,46.025],[-75.983333,46.025]]]}},{"type":"Feature","properties":{"nom":"Brunswick Exploration inc.","designation":"Brunswick Exploration inc. (100682) 100 % (responsable)","statut":"actif","lomiko":false,"centre":[-75.95469,46.025]},"geometry":{"type":"Polygon","coordinates":[[[-75.941667,46.025],[-75.933333,46.025],[-75.941667,46.025],[-75.941667,46.025],[-75.95,46.025],[-75.95,46.025],[-75.958333,46.025],[-75.958333,46.025],[-75.966667,46.025],[-75.966667,46.025],[-75.975,46.025],[-75.975,46.025],[-75.966667,46.025],[-75.958333,46.025],[-75.95,46.025],[-75.941667,46.025]]]}},{"type":"Feature","properties":{"nom":"Brunswick Exploration inc.","designation":"Brunswick Exploration inc. (100682) 100 % (responsable)","statut":"actif","lomiko":false,"centre":[-75.97135,46.01667]},"geometry":{"type":"Polygon","coordinates":[[[-75.95,46.016667],[-75.941667,46.016667],[-75.95,46.016667],[-75.958333,46.016667],[-75.966667,46.016667],[-75.975,46.016667],[-75.983333,46.016667],[-75.991667,46.016667],[-76.0,46.016667],[-76.0,46.016667],[-75.991667,46.016667],[-75.983333,46.016667],[-75.975,46.016667],[-75.966667,46.016667],[-75.958333,46.016667],[-75.95,46.016667]]]}},{"type":"Feature","properties":{"nom":"Brunswick Exploration inc.","designation":"Brunswick Exploration inc. (100682) 100 % (responsable)","statut":"actif","lomiko":false,"centre":[-76.03526,46.05897]},"geometry":{"type":"Polygon","coordinates":[[[-76.05,46.058333],[-76.05,46.066667],[-76.041667,46.066667],[-76.033333,46.066667],[-76.025,46.066667],[-76.016667,46.066667],[-76.016667,46.058333],[-76.025,46.058333],[-76.025,46.05],[-76.033333,46.05],[-76.041667,46.05],[-76.05,46.05],[-76.05,46.058333]]]}},{"type":"Feature","properties":{"nom":"Eagle Ridge Mining Ltd.","designation":"Eagle Ridge Mining Ltd. (100288) 100 % (responsable)","statut":"actif","lomiko":false,"centre":[-74.96441,46.03033]},"geometry":{"type":"Polygon","coordinates":[[[-74.966667,46.033333],[-74.966667,46.041667],[-74.958334,46.041667],[-74.950001,46.041667],[-74.950001,46.033333],[-74.941667,46.033333],[-74.941667,46.027383],[-74.941764,46.027408],[-74.941897,46.027441],[-74.942031,46.027471],[-74.942166,46.0275],[-74.942301,46.027526],[-74.942438,46.027551],[-74.942575,46.027573],[-74.942713,46.027593],[-74.942851,46.027611],[-74.94299,46.027627],[-74.94313,46.027641],[-74.94327,46.027653],[-74.94341,46.027663],[-74.94355,46.02767],[-74.943691,46.027675],[-74.943832,46.027679],[-74.943972,46.02768],[-74.944071,46.027707],[-74.944204,46.02774],[-74.944338,46.02777],[-74.944473,46.027799],[-74.944609,46.027825],[-74.944745,46.027849],[-74.944882,46.027872],[-74.94502,46.027892],[-74.945159,46.02791],[-74.945298,46.027926],[-74.945437,46.02794],[-74.945577,46.027952],[-74.945717,46.027961],[-74.945858,46.027969],[-74.945998,46.027974],[-74.946139,46.027977],[-74.94628,46.027978],[-74.946421,46.027977],[-74.946562,46.027974],[-74.946703,46.027969],[-74.946843,46.027961],[-74.946983,46.027952],[-74.947123,46.02794],[-74.947263,46.027926],[-74.947402,46.02791],[-74.947537,46.027892],[-74.947558,46.027889],[-74.947701,46.027901],[-74.947944,46.027915],[-74.948188,46.027922],[-74.948394,46.027925],[-74.948493,46.027926],[-74.948681,46.027927],[-74.948712,46.027948],[-74.948764,46.027965],[-74.948817,46.02801],[-74.948856,46.028045],[-74.948961,46.028107],[-74.949053,46.028168],[-74.949106,46.028195],[-74.949146,46.028248],[-74.949238,46.028328],[-74.949304,46.028381],[-74.949344,46.028408],[-74.949383,46.028434],[-74.950001,46.02879],[-74.952066,46.029981],[-74.954736,46.031223],[-74.957034,46.032233],[-74.958334,46.032822],[-74.958557,46.032923],[-74.960326,46.03291],[-74.962667,46.032893],[-74.963762,46.032885],[-74.965551,46.031368],[-74.965697,46.03121],[-74.965783,46.031239],[-74.965904,46.031278],[-74.966026,46.031315],[-74.966149,46.03135],[-74.966273,46.031383],[-74.966634,46.031478],[-74.966667,46.031486],[-74.966692,46.031492],[-74.966903,46.031543],[-74.967117,46.031589],[-74.967333,46.031629],[-74.967551,46.031664],[-74.967711,46.031688],[-74.967873,46.031711],[-74.968042,46.031733],[-74.968108,46.031741],[-74.968247,46.031757],[-74.968387,46.031771],[-74.968527,46.031783],[-74.968667,46.031793],[-74.968807,46.0318],[-74.968948,46.031805],[-74.969089,46.031809],[-74.969099,46.031808],[-74.969106,46.031809],[-74.969345,46.031862],[-74.969507,46.031897],[-74.969671,46.031929],[-74.969837,46.031957],[-74.970003,46.031983],[-74.970238,46.032017],[-74.970434,46.032043],[-74.970573,46.032059],[-74.970712,46.032073],[-74.970852,46.032085],[-74.970992,46.032095],[-74.971133,46.032102],[-74.971274,46.032108],[-74.971414,46.032111],[-74.971555,46.032112],[-74.971798,46.032109],[-74.972241,46.032097],[-74.972462,46.032089],[-74.972682,46.032075],[-74.972901,46.032056],[-74.973119,46.032032],[-74.973302,46.032008],[-74.973484,46.03198],[-74.973664,46.031948],[-74.973843,46.031913],[-74.974026,46.031875],[-74.974209,46.031835],[-74.97439,46.031791],[-74.974543,46.031751],[-74.974694,46.031708],[-74.974769,46.031686],[-74.974905,46.031661],[-74.975001,46.031643],[-74.975041,46.031635],[-74.975176,46.031606],[-74.97531,46.031576],[-74.975443,46.031543],[-74.975575,46.031509],[-74.975705,46.031472],[-74.975835,46.031434],[-74.975963,46.031393],[-74.97609,46.031351],[-74.976216,46.031306],[-74.97634,46.03126],[-74.976463,46.031212],[-74.976584,46.031162],[-74.976704,46.03111],[-74.976822,46.031056],[-74.976938,46.031001],[-74.977053,46.030944],[-74.977165,46.030885],[-74.977276,46.030824],[-74.977385,46.030762],[-74.977492,46.030698],[-74.977572,46.030649],[-74.977683,46.030588],[-74.977791,46.030526],[-74.977898,46.030462],[-74.978003,46.030396],[-74.978106,46.030329],[-74.978207,46.030261],[-74.978305,46.030191],[-74.978402,46.030119],[-74.978496,46.030046],[-74.978587,46.029971],[-74.978605,46.029956],[-74.979312,46.029364],[-74.979554,46.029179],[-74.979642,46.029111],[-74.979727,46.029041],[-74.979817,46.028966],[-74.979904,46.028888],[-74.979988,46.02881],[-74.98007,46.02873],[-74.98015,46.028649],[-74.980219,46.028575],[-74.980264,46.02907],[-74.980841,46.029552],[-74.980868,46.029605],[-74.980909,46.029659],[-74.98108,46.029791],[-74.981159,46.029862],[-74.981239,46.029924],[-74.981254,46.030023],[-74.981257,46.030122],[-74.98131,46.030193],[-74.98139,46.030255],[-74.981585,46.030334],[-74.981781,46.030394],[-74.98217,46.030461],[-74.982365,46.030504],[-74.982547,46.030555],[-74.982796,46.030687],[-74.983033,46.030837],[-74.983307,46.030959],[-74.983334,46.03097],[-74.983334,46.033333],[-74.975001,46.033333],[-74.966667,46.033333]]]}},{"type":"Feature","properties":{"nom":"Eagle Ridge Mining Ltd.","designation":"Eagle Ridge Mining Ltd. (100288) 100 % (responsable)","statut":"actif","lomiko":false,"centre":[-74.69072,46.26312]},"geometry":{"type":"Polygon","coordinates":[[[-74.691667,46.266381],[-74.691256,46.266279],[-74.69099,46.266223],[-74.690919,46.266209],[-74.690848,46.266194],[-74.690432,46.266112],[-74.690348,46.266098],[-74.690115,46.265955],[-74.689717,46.265735],[-74.689383,46.265572],[-74.689364,46.265563],[-74.689359,46.26556],[-74.689301,46.265521],[-74.689293,46.265516],[-74.688974,46.265254],[-74.68862,46.265],[-74.688611,46.264994],[-74.68827,46.264765],[-74.688251,46.264752],[-74.688238,46.264736],[-74.687544,46.263828],[-74.687349,46.263588],[-74.68711,46.263328],[-74.687022,46.263146],[-74.686835,46.262817],[-74.686618,46.262498],[-74.686567,46.262429],[-74.68644,46.262262],[-74.686244,46.262022],[-74.685969,46.261725],[-74.685666,46.261441],[-74.685379,46.261206],[-74.686195,46.260907],[-74.686559,46.260765],[-74.686988,46.260574],[-74.687397,46.260364],[-74.687449,46.260336],[-74.687543,46.260283],[-74.687643,46.260235],[-74.688024,46.260039],[-74.688413,46.25981],[-74.68877,46.259571],[-74.688905,46.259476],[-74.688913,46.259469],[-74.689256,46.259208],[-74.689573,46.258932],[-74.689863,46.258641],[-74.690126,46.258339],[-74.69013,46.258333],[-74.691667,46.258333],[-74.698531,46.258333],[-74.698548,46.259265],[-74.698578,46.260875],[-74.698594,46.261586],[-74.6986,46.261856],[-74.698617,46.262637],[-74.69855,46.262682],[-74.697979,46.263118],[-74.697451,46.263579],[-74.696967,46.264062],[-74.696529,46.264567],[-74.696141,46.26509],[-74.695802,46.26563],[-74.695515,46.266184],[-74.695315,46.266667],[-74.692578,46.266667],[-74.692562,46.266661],[-74.692285,46.266567],[-74.692203,46.266539],[-74.691736,46.266398],[-74.691667,46.266381]]]}},{"type":"Feature","properties":{"nom":"9430-4979 QUÉBEC INC.","designation":"9430-4979 QUÉBEC INC. (101209) 100 % (responsable)","statut":"actif","lomiko":false,"centre":[-74.86987,46.25449]},"geometry":{"type":"Polygon","coordinates":[[[-74.858333,46.258333],[-74.85,46.258333],[-74.85,46.25],[-74.858333,46.25],[-74.866667,46.25],[-74.875,46.25],[-74.883333,46.25],[-74.891667,46.25],[-74.891667,46.258333],[-74.883333,46.258333],[-74.875,46.258333],[-74.866667,46.258333],[-74.858333,46.258333]]]}},{"type":"Feature","properties":{"nom":"9430-4979 QUÉBEC INC.","designation":"9430-4979 QUÉBEC INC. (101209) 100 % (responsable)","statut":"actif","lomiko":false,"centre":[-74.86987,46.24615]},"geometry":{"type":"Polygon","coordinates":[[[-74.858334,46.25],[-74.85,46.25],[-74.85,46.241667],[-74.858334,46.241667],[-74.866667,46.241667],[-74.875,46.241667],[-74.883334,46.241667],[-74.891667,46.241667],[-74.891667,46.25],[-74.883334,46.25],[-74.875,46.25],[-74.866667,46.25],[-74.858334,46.25]]]}},{"type":"Feature","properties":{"nom":"9430-4979 QUÉBEC INC.","designation":"9430-4979 QUÉBEC INC. (101209) 100 % (responsable)","statut":"actif","lomiko":false,"centre":[-74.74167,46.20476]},"geometry":{"type":"Polygon","coordinates":[[[-74.741667,46.208333],[-74.733334,46.208333],[-74.733334,46.2],[-74.741667,46.2],[-74.75,46.2],[-74.75,46.208333],[-74.741667,46.208333]]]}},{"type":"Feature","properties":{"nom":"9430-4979 QUÉBEC INC.","designation":"9430-4979 QUÉBEC INC. (101209) 100 % (responsable)","statut":"actif","lomiko":false,"centre":[-74.74872,46.06218]},"geometry":{"type":"Polygon","coordinates":[[[-74.758334,46.066667],[-74.758334,46.075],[-74.75,46.075],[-74.75,46.066667],[-74.741667,46.066667],[-74.733334,46.066667],[-74.733334,46.058333],[-74.741667,46.058333],[-74.741667,46.05],[-74.75,46.05],[-74.758334,46.05],[-74.758334,46.058333],[-74.758334,46.066667]]]}},{"type":"Feature","properties":{"nom":"9430-4979 QUÉBEC INC.","designation":"9430-4979 QUÉBEC INC. (101209) 100 % (responsable)","statut":"actif","lomiko":false,"centre":[-76.11035,45.94708]},"geometry":{"type":"Polygon","coordinates":[[[-76.116246,45.95],[-76.116249,45.950021],[-76.116303,45.950199],[-76.116336,45.950305],[-76.116343,45.950323],[-76.116361,45.950367],[-76.11647,45.950636],[-76.116667,45.951117],[-76.116667,45.958333],[-76.108333,45.958333],[-76.1,45.958333],[-76.091667,45.958333],[-76.083333,45.958333],[-76.083333,45.95],[-76.091667,45.95],[-76.1,45.95],[-76.1,45.948272],[-76.102816,45.94824],[-76.102754,45.946277],[-76.102749,45.946121],[-76.102741,45.94586],[-76.102728,45.945454],[-76.102717,45.945084],[-76.102703,45.944637],[-76.102695,45.944394],[-76.102681,45.943946],[-76.10267,45.9436],[-76.102666,45.943481],[-76.102666,45.943456],[-76.102616,45.941879],[-76.103215,45.941667],[-76.108333,45.941667],[-76.112788,45.941667],[-76.112961,45.941815],[-76.113172,45.942058],[-76.113775,45.942937],[-76.113919,45.943175],[-76.113936,45.943224],[-76.113965,45.943308],[-76.113975,45.943414],[-76.113973,45.943448],[-76.11397,45.943527],[-76.113966,45.943552],[-76.11394,45.943754],[-76.113914,45.943958],[-76.113923,45.944148],[-76.113927,45.944226],[-76.113969,45.944341],[-76.114114,45.944741],[-76.114436,45.945534],[-76.114493,45.945645],[-76.114538,45.945732],[-76.114579,45.9458],[-76.114591,45.945821],[-76.114667,45.945951],[-76.115303,45.946838],[-76.115656,45.947329],[-76.115764,45.947502],[-76.11577,45.947511],[-76.115784,45.947535],[-76.115805,45.947588],[-76.115853,45.947709],[-76.115892,45.947833],[-76.115956,45.948034],[-76.115969,45.948075],[-76.115973,45.948089],[-76.116075,45.948506],[-76.116098,45.948651],[-76.116107,45.948709],[-76.116171,45.949341],[-76.116219,45.949823],[-76.116246,45.95]]]}},{"type":"Feature","properties":{"nom":"9430-4979 QUÉBEC INC.","designation":"9430-4979 QUÉBEC INC. (101209) 100 % (responsable)","statut":"actif","lomiko":false,"centre":[-74.88122,45.87412]},"geometry":{"type":"Polygon","coordinates":[[[-74.9,45.883333],[-74.9,45.884329],[-74.8988,45.884344],[-74.895551,45.884384],[-74.896762,45.891667],[-74.893399,45.891667],[-74.892259,45.884327],[-74.891801,45.884318],[-74.893096,45.891667],[-74.891667,45.891667],[-74.883333,45.891667],[-74.875,45.891667],[-74.875,45.883333],[-74.866667,45.883333],[-74.858333,45.883333],[-74.858333,45.875],[-74.85,45.875],[-74.85,45.866667],[-74.85,45.858333],[-74.85,45.85467],[-74.858333,45.856128],[-74.866667,45.857573],[-74.866667,45.858333],[-74.870986,45.858333],[-74.8732,45.858723],[-74.875,45.859037],[-74.883333,45.860495],[-74.891667,45.86196],[-74.895706,45.86267],[-74.897021,45.862902],[-74.897025,45.866667],[-74.897027,45.869148],[-74.9,45.869161],[-74.9,45.875],[-74.9,45.883333]]]}},{"type":"Feature","properties":{"nom":"9430-4979 QUÉBEC INC.","designation":"9430-4979 QUÉBEC INC. (101209) 100 % (responsable)","statut":"actif","lomiko":false,"centre":[-76.09094,45.93221]},"geometry":{"type":"Polygon","coordinates":[[[-76.1,45.933333],[-76.1,45.94113],[-76.097503,45.941158],[-76.092401,45.941216],[-76.091667,45.941224],[-76.09155,45.941226],[-76.090311,45.94124],[-76.090078,45.941242],[-76.090014,45.941243],[-76.089062,45.941254],[-76.087826,45.941268],[-76.086504,45.941282],[-76.085391,45.941295],[-76.085234,45.941297],[-76.083333,45.941318],[-76.081986,45.941333],[-76.08052,45.941349],[-76.08052,45.941667],[-76.075,45.941667],[-76.074259,45.941667],[-76.071532,45.939382],[-76.069075,45.939995],[-76.070312,45.941597],[-76.070585,45.941667],[-76.066667,45.941667],[-76.058333,45.941667],[-76.05,45.941667],[-76.05,45.933333],[-76.05,45.925],[-76.05,45.916667],[-76.058333,45.916667],[-76.058333,45.908333],[-76.066667,45.908333],[-76.075,45.908333],[-76.083333,45.908333],[-76.083333,45.916667],[-76.083333,45.925],[-76.091667,45.925],[-76.1,45.925],[-76.108333,45.925],[-76.116318,45.925],[-76.116154,45.925135],[-76.115065,45.926026],[-76.114628,45.926383],[-76.114676,45.92648],[-76.114704,45.926538],[-76.115522,45.928222],[-76.1156,45.928383],[-76.115653,45.928491],[-76.115646,45.929007],[-76.115287,45.929672],[-76.11479,45.930591],[-76.113967,45.930372],[-76.113665,45.930292],[-76.113137,45.930623],[-76.111882,45.931409],[-76.111689,45.932011],[-76.111458,45.932732],[-76.111265,45.933333],[-76.108333,45.933333],[-76.1,45.933333]]]}},{"type":"Feature","properties":{"nom":"Renetta Braatz","designation":"Renetta Braatz (97249) 100 % (responsable)","statut":"actif","lomiko":false,"centre":[-76.28182,45.92273]},"geometry":{"type":"Polygon","coordinates":[[[-76.283333,45.925],[-76.291667,45.925],[-76.291667,45.933333],[-76.283333,45.933333],[-76.275,45.933333],[-76.275,45.925],[-76.275,45.916667],[-76.275,45.908333],[-76.283333,45.908333],[-76.283333,45.916667],[-76.283333,45.925]]]}},{"type":"Feature","properties":{"nom":"Renetta Braatz","designation":"Renetta Braatz (97249) 100 % (responsable)","statut":"actif","lomiko":false,"centre":[-76.3,45.89643]},"geometry":{"type":"Polygon","coordinates":[[[-76.3,45.9],[-76.291667,45.9],[-76.291667,45.891667],[-76.3,45.891667],[-76.308333,45.891667],[-76.308333,45.9],[-76.3,45.9]]]}},{"type":"Feature","properties":{"nom":"Frédéric Bergeron","designation":"Frédéric Bergeron (19675) 50 % (responsable); Magaly Dallaire (96141) 50 %","statut":"actif","lomiko":false,"centre":[-74.75333,46.02833]},"geometry":{"type":"Polygon","coordinates":[[[-74.75,46.025],[-74.758334,46.025],[-74.758334,46.033333],[-74.75,46.033333],[-74.75,46.025]]]}},{"type":"Feature","properties":{"nom":"Frédéric Bergeron","designation":"Frédéric Bergeron (19675) 50 % (responsable); Magaly Dallaire (96141) 50 %","statut":"actif","lomiko":false,"centre":[-74.47278,45.85667]},"geometry":{"type":"Polygon","coordinates":[[[-74.475,45.858333],[-74.483333,45.858333],[-74.491667,45.858333],[-74.491667,45.866667],[-74.483333,45.866667],[-74.475,45.866667],[-74.466667,45.866667],[-74.458333,45.866667],[-74.458333,45.858333],[-74.458333,45.85],[-74.458333,45.841667],[-74.466667,45.841667],[-74.475,45.841667],[-74.475,45.85],[-74.475,45.858333]]]}},{"type":"Feature","properties":{"nom":"Frédéric Bergeron","designation":"Frédéric Bergeron (19675) 50 % (responsable); Magaly Dallaire (96141) 50 %","statut":"actif","lomiko":false,"centre":[-74.57179,45.82949]},"geometry":{"type":"Polygon","coordinates":[[[-74.583333,45.833333],[-74.583333,45.841667],[-74.575,45.841667],[-74.566667,45.841667],[-74.558333,45.841667],[-74.558333,45.833333],[-74.558333,45.825],[-74.558333,45.816667],[-74.566667,45.816667],[-74.575,45.816667],[-74.583333,45.816667],[-74.583333,45.825],[-74.583333,45.833333]]]}},{"type":"Feature","properties":{"nom":"Gestion Benoit Gauthier inc.","designation":"Gestion Benoit Gauthier inc. (100478) 100 % (responsable)","statut":"actif","lomiko":false,"centre":[-74.86364,46.26667]},"geometry":{"type":"Polygon","coordinates":[[[-74.875,46.266667],[-74.875,46.275],[-74.866667,46.275],[-74.858333,46.275],[-74.85,46.275],[-74.85,46.266667],[-74.85,46.258333],[-74.858333,46.258333],[-74.866667,46.258333],[-74.875,46.258333],[-74.875,46.266667]]]}},{"type":"Feature","properties":{"nom":"Gestion Benoit Gauthier inc.","designation":"Gestion Benoit Gauthier inc. (100478) 100 % (responsable)","statut":"actif","lomiko":false,"centre":[-74.4196,46.2527]},"geometry":{"type":"Polygon","coordinates":[[[-74.416667,46.25],[-74.425,46.25],[-74.425,46.253128],[-74.420095,46.256562],[-74.417073,46.254471],[-74.416667,46.25475],[-74.416667,46.25]]]}},{"type":"Feature","properties":{"nom":"Gestion Benoit Gauthier inc.","designation":"Gestion Benoit Gauthier inc. (100478) 100 % (responsable)","statut":"actif","lomiko":false,"centre":[-74.42968,46.23688]},"geometry":{"type":"Polygon","coordinates":[[[-74.433334,46.241667],[-74.433334,46.247293],[-74.429468,46.25],[-74.425,46.25],[-74.416667,46.25],[-74.416667,46.241667],[-74.408334,46.241667],[-74.408334,46.233333],[-74.416667,46.233333],[-74.425,46.233333],[-74.433334,46.233333],[-74.433334,46.225],[-74.433334,46.216667],[-74.441667,46.216667],[-74.441667,46.225],[-74.441667,46.233333],[-74.441667,46.240626],[-74.440551,46.241408],[-74.440182,46.241667],[-74.433334,46.241667]]]}},{"type":"Feature","properties":{"nom":"Gestion Benoit Gauthier inc.","designation":"Gestion Benoit Gauthier inc. (100478) 100 % (responsable)","statut":"actif","lomiko":false,"centre":[-75.73712,46.07722]},"geometry":{"type":"Polygon","coordinates":[[[-75.734881,46.075],[-75.739408,46.075],[-75.739453,46.07503],[-75.739576,46.075122],[-75.739691,46.07522],[-75.739799,46.075321],[-75.739898,46.075427],[-75.739989,46.075536],[-75.740071,46.075649],[-75.740143,46.075764],[-75.740206,46.075882],[-75.74026,46.076003],[-75.740303,46.076126],[-75.740337,46.076249],[-75.74036,46.076375],[-75.740374,46.0765],[-75.740377,46.076627],[-75.74037,46.076753],[-75.740354,46.076878],[-75.740326,46.077003],[-75.740289,46.077126],[-75.740242,46.077248],[-75.740186,46.077368],[-75.740119,46.077486],[-75.740044,46.0776],[-75.739959,46.077712],[-75.739865,46.07782],[-75.739763,46.077924],[-75.739653,46.078024],[-75.739535,46.07812],[-75.739409,46.078211],[-75.739276,46.078296],[-75.739136,46.078377],[-75.73899,46.078452],[-75.738839,46.078521],[-75.738682,46.078584],[-75.73852,46.078641],[-75.738354,46.078691],[-75.738184,46.078735],[-75.73801,46.078772],[-75.737834,46.078803],[-75.737656,46.078826],[-75.737477,46.078842],[-75.737296,46.078852],[-75.737114,46.078854],[-75.736933,46.078849],[-75.736753,46.078838],[-75.736574,46.078819],[-75.736396,46.078793],[-75.736221,46.07876],[-75.736049,46.078721],[-75.73588,46.078675],[-75.735715,46.078622],[-75.735555,46.078563],[-75.7354,46.078498],[-75.735325,46.078462],[-75.73525,46.078427],[-75.735106,46.07835],[-75.734969,46.078268],[-75.734838,46.07818],[-75.734715,46.078088],[-75.734599,46.07799],[-75.734492,46.077889],[-75.734392,46.077783],[-75.734302,46.077674],[-75.73422,46.077561],[-75.734148,46.077446],[-75.734085,46.077327],[-75.734031,46.077207],[-75.733988,46.077084],[-75.733954,46.07696],[-75.73393,46.076835],[-75.733917,46.07671],[-75.733914,46.076583],[-75.73392,46.076457],[-75.733937,46.076332],[-75.733965,46.076207],[-75.734002,46.076083],[-75.734049,46.075962],[-75.734105,46.075842],[-75.734172,46.075724],[-75.734247,46.07561],[-75.734332,46.075498],[-75.734426,46.07539],[-75.734528,46.075286],[-75.734638,46.075186],[-75.734756,46.07509],[-75.734881,46.075]]]}},{"type":"Feature","properties":{"nom":"Gestion Benoit Gauthier inc.","designation":"Gestion Benoit Gauthier inc. (100478) 100 % (responsable)","statut":"actif","lomiko":false,"centre":[-74.72872,46.06885]},"geometry":{"type":"Polygon","coordinates":[[[-74.733334,46.066667],[-74.741667,46.066667],[-74.75,46.066667],[-74.75,46.075],[-74.746582,46.075],[-74.746257,46.074766],[-74.746248,46.07476],[-74.746209,46.074733],[-74.745842,46.074502],[-74.745445,46.074282],[-74.745028,46.074081],[-74.744592,46.073899],[-74.744223,46.073765],[-74.743814,46.073626],[-74.743685,46.073581],[-74.743582,46.073545],[-74.743041,46.073361],[-74.743036,46.073359],[-74.742669,46.073184],[-74.742234,46.073002],[-74.741865,46.072868],[-74.741667,46.072801],[-74.741352,46.072693],[-74.741269,46.072666],[-74.740804,46.072525],[-74.740326,46.072406],[-74.740254,46.07239],[-74.740022,46.072265],[-74.739605,46.072064],[-74.73917,46.071882],[-74.738801,46.071748],[-74.738667,46.071702],[-74.738585,46.071675],[-74.738119,46.071534],[-74.737642,46.071415],[-74.737154,46.071318],[-74.736658,46.071243],[-74.736354,46.071208],[-74.736289,46.071202],[-74.736091,46.071184],[-74.735585,46.071155],[-74.735078,46.071149],[-74.734571,46.071166],[-74.734067,46.071206],[-74.73387,46.071228],[-74.733805,46.071236],[-74.733503,46.071277],[-74.733334,46.071306],[-74.73301,46.071363],[-74.732527,46.07147],[-74.732055,46.0716],[-74.731596,46.071751],[-74.731515,46.07178],[-74.731461,46.0718],[-74.731098,46.071942],[-74.730671,46.072133],[-74.730263,46.072343],[-74.729876,46.072571],[-74.72952,46.072811],[-74.729481,46.072838],[-74.729473,46.072844],[-74.729132,46.073105],[-74.728816,46.073382],[-74.728527,46.073672],[-74.728265,46.073975],[-74.728082,46.074219],[-74.72806,46.074249],[-74.728012,46.074319],[-74.727809,46.074643],[-74.727638,46.074976],[-74.727628,46.075],[-74.725,46.075],[-74.716667,46.075],[-74.716667,46.074351],[-74.716971,46.074148],[-74.717009,46.07412],[-74.717018,46.074114],[-74.717359,46.073852],[-74.717675,46.073576],[-74.717965,46.073286],[-74.718226,46.072983],[-74.71841,46.072739],[-74.718431,46.072709],[-74.718479,46.072639],[-74.718682,46.072315],[-74.718853,46.071982],[-74.718993,46.071643],[-74.719101,46.071298],[-74.719149,46.071091],[-74.719155,46.071061],[-74.719182,46.070918],[-74.719224,46.070566],[-74.719233,46.070213],[-74.719208,46.06986],[-74.719151,46.069509],[-74.719118,46.069367],[-74.719111,46.069336],[-74.719053,46.069131],[-74.71893,46.068789],[-74.718776,46.068452],[-74.71859,46.068123],[-74.718463,46.067937],[-74.718248,46.067952],[-74.716777,46.066667],[-74.716667,46.066571],[-74.716667,46.064156],[-74.716811,46.064082],[-74.717199,46.063854],[-74.717516,46.063642],[-74.717635,46.063654],[-74.717833,46.063672],[-74.718338,46.063701],[-74.718846,46.063707],[-74.719353,46.06369],[-74.719857,46.06365],[-74.720053,46.063628],[-74.720117,46.06362],[-74.72042,46.063579],[-74.720913,46.063494],[-74.721396,46.063386],[-74.721868,46.063257],[-74.722327,46.063106],[-74.722408,46.063076],[-74.722463,46.063057],[-74.722825,46.062915],[-74.723252,46.062724],[-74.72366,46.062513],[-74.724047,46.062285],[-74.724403,46.062046],[-74.724441,46.062019],[-74.72445,46.062013],[-74.724791,46.061751],[-74.725,46.061568],[-74.725107,46.061475],[-74.725396,46.061184],[-74.725657,46.060881],[-74.725843,46.060635],[-74.725943,46.060493],[-74.72599,46.060426],[-74.726192,46.060102],[-74.726363,46.059769],[-74.72644,46.059593],[-74.726521,46.05956],[-74.726948,46.059369],[-74.727356,46.059159],[-74.727743,46.05893],[-74.728099,46.058691],[-74.728144,46.058659],[-74.728153,46.058653],[-74.728494,46.058391],[-74.72856,46.058333],[-74.733334,46.058333],[-74.733334,46.066667]]]}},{"type":"Feature","properties":{"nom":"Gestion Benoit Gauthier inc.","designation":"Gestion Benoit Gauthier inc. (100478) 100 % (responsable)","statut":"actif","lomiko":false,"centre":[-74.73706,46.05223]},"geometry":{"type":"Polygon","coordinates":[[[-74.741667,46.05],[-74.741667,46.058333],[-74.733334,46.058333],[-74.733334,46.053327],[-74.733527,46.053242],[-74.733545,46.05324],[-74.734037,46.053154],[-74.73452,46.053046],[-74.734992,46.052917],[-74.735451,46.052766],[-74.735532,46.052737],[-74.735598,46.052713],[-74.73596,46.052571],[-74.736387,46.05238],[-74.736794,46.052169],[-74.737182,46.051941],[-74.737537,46.051702],[-74.737575,46.051675],[-74.737584,46.051668],[-74.737925,46.051407],[-74.738241,46.05113],[-74.73853,46.05084],[-74.738791,46.050537],[-74.738975,46.050293],[-74.738996,46.050263],[-74.739045,46.050193],[-74.739165,46.05],[-74.741667,46.05]]]}},{"type":"Feature","properties":{"nom":"Gestion Benoit Gauthier inc.","designation":"Gestion Benoit Gauthier inc. (100478) 100 % (responsable)","statut":"actif","lomiko":false,"centre":[-74.74303,46.04468]},"geometry":{"type":"Polygon","coordinates":[[[-74.741667,46.05],[-74.741667,46.046331],[-74.741719,46.046271],[-74.741903,46.046027],[-74.742062,46.045801],[-74.74211,46.045731],[-74.742313,46.045407],[-74.742484,46.045075],[-74.742623,46.044735],[-74.742731,46.04439],[-74.742779,46.044183],[-74.742785,46.044153],[-74.742812,46.04401],[-74.742854,46.043658],[-74.742862,46.043305],[-74.742838,46.042952],[-74.74278,46.042601],[-74.742747,46.042459],[-74.74274,46.042429],[-74.742682,46.042223],[-74.742559,46.041881],[-74.742461,46.041667],[-74.75,46.041667],[-74.75,46.05],[-74.741667,46.05]]]}},{"type":"Feature","properties":{"nom":"Gestion Benoit Gauthier inc.","designation":"Gestion Benoit Gauthier inc. (100478) 100 % (responsable)","statut":"actif","lomiko":false,"centre":[-74.82973,45.9953]},"geometry":{"type":"Polygon","coordinates":[[[-74.825,45.991667],[-74.831537,45.991667],[-74.831537,45.992798],[-74.831516,45.993014],[-74.831528,45.99403],[-74.831532,45.99421],[-74.831541,45.999485],[-74.831431,45.999716],[-74.831427,46.0],[-74.825,46.0],[-74.825,45.991667]]]}},{"type":"Feature","properties":{"nom":"Gestion Benoit Gauthier inc.","designation":"Gestion Benoit Gauthier inc. (100478) 100 % (responsable)","statut":"actif","lomiko":false,"centre":[-74.79988,45.98867]},"geometry":{"type":"Polygon","coordinates":[[[-74.791667,45.991667],[-74.791667,45.990623],[-74.791976,45.990716],[-74.792214,45.990776],[-74.792453,45.990835],[-74.79294,45.990932],[-74.793435,45.991007],[-74.79374,45.991041],[-74.793804,45.991048],[-74.794001,45.991065],[-74.794506,45.991094],[-74.795013,45.9911],[-74.795519,45.991083],[-74.796023,45.991042],[-74.796219,45.99102],[-74.796283,45.991012],[-74.796586,45.990971],[-74.797077,45.990885],[-74.79756,45.990777],[-74.798031,45.990648],[-74.798489,45.990497],[-74.79857,45.990467],[-74.798711,45.990415],[-74.799073,45.990273],[-74.799499,45.990082],[-74.799906,45.989871],[-74.8,45.989817],[-74.800114,45.989752],[-74.80012,45.989748],[-74.800121,45.989748],[-74.800472,45.98961],[-74.800898,45.989418],[-74.801305,45.989208],[-74.801692,45.988979],[-74.802047,45.98874],[-74.802085,45.988713],[-74.802093,45.988707],[-74.802434,45.988445],[-74.802749,45.988168],[-74.803037,45.987878],[-74.803298,45.987575],[-74.803481,45.98733],[-74.803502,45.9873],[-74.80355,45.98723],[-74.803752,45.986906],[-74.803923,45.986574],[-74.804062,45.986234],[-74.804169,45.985889],[-74.804217,45.985682],[-74.804223,45.985652],[-74.804249,45.985509],[-74.804291,45.985157],[-74.804299,45.984804],[-74.804274,45.984451],[-74.804216,45.9841],[-74.804183,45.983958],[-74.804176,45.983928],[-74.804118,45.983723],[-74.803995,45.98338],[-74.803973,45.983333],[-74.808333,45.983333],[-74.808333,45.991667],[-74.8,45.991667],[-74.791667,45.991667]]]}},{"type":"Feature","properties":{"nom":"Gestion Benoit Gauthier inc.","designation":"Gestion Benoit Gauthier inc. (100478) 100 % (responsable)","statut":"actif","lomiko":false,"centre":[-74.78595,45.99937]},"geometry":{"type":"Polygon","coordinates":[[[-74.791667,45.991667],[-74.791667,46.0],[-74.791667,46.0],[-74.791667,46.008333],[-74.785505,46.008333],[-74.785371,46.007821],[-74.785166,46.00725],[-74.784934,46.006741],[-74.784907,46.006687],[-74.78488,46.006635],[-74.78457,46.006088],[-74.784209,46.005556],[-74.783799,46.005041],[-74.783706,46.004935],[-74.783358,46.004423],[-74.783334,46.004391],[-74.783333,46.0],[-74.783333,45.992911],[-74.783776,45.992834],[-74.784259,45.992726],[-74.78473,45.992596],[-74.785188,45.992445],[-74.78527,45.992416],[-74.785324,45.992396],[-74.785686,45.992254],[-74.786111,45.992062],[-74.786519,45.991852],[-74.786832,45.991667],[-74.791667,45.991667]]]}},{"type":"Feature","properties":{"nom":"Gestion Benoit Gauthier inc.","designation":"Gestion Benoit Gauthier inc. (100478) 100 % (responsable)","statut":"actif","lomiko":false,"centre":[-74.42323,45.91544]},"geometry":{"type":"Polygon","coordinates":[[[-74.433333,45.925],[-74.433333,45.92939],[-74.432971,45.930554],[-74.430468,45.930174],[-74.429531,45.933333],[-74.42613,45.933333],[-74.427214,45.929681],[-74.425654,45.929444],[-74.425,45.929355],[-74.421977,45.928946],[-74.418383,45.928193],[-74.416667,45.927817],[-74.4148,45.927409],[-74.411937,45.926801],[-74.4123,45.925666],[-74.411557,45.925535],[-74.408333,45.92503],[-74.408333,45.925],[-74.408145,45.925],[-74.407922,45.924965],[-74.404272,45.924451],[-74.406694,45.916667],[-74.408333,45.916667],[-74.408333,45.908333],[-74.408333,45.903479],[-74.408802,45.901409],[-74.412286,45.90182],[-74.415813,45.902193],[-74.416667,45.902289],[-74.419336,45.902588],[-74.420288,45.902705],[-74.42149,45.90281],[-74.422855,45.902994],[-74.423966,45.903214],[-74.424939,45.903306],[-74.425,45.903312],[-74.426312,45.903442],[-74.428359,45.90366],[-74.42984,45.903813],[-74.430613,45.903891],[-74.431227,45.903876],[-74.433333,45.904091],[-74.433387,45.904096],[-74.434778,45.90426],[-74.435556,45.904411],[-74.4369,45.904535],[-74.440423,45.904925],[-74.439654,45.908333],[-74.437772,45.916667],[-74.437097,45.919653],[-74.436389,45.919573],[-74.4347,45.925],[-74.433333,45.925]]]}},{"type":"Feature","properties":{"nom":"Gestion Benoit Gauthier inc.","designation":"Gestion Benoit Gauthier inc. (100478) 100 % (responsable)","statut":"actif","lomiko":false,"centre":[-74.44008,45.91403]},"geometry":{"type":"Polygon","coordinates":[[[-74.441667,45.916667],[-74.441667,45.925],[-74.436141,45.925],[-74.437768,45.918337],[-74.437912,45.917733],[-74.438187,45.916667],[-74.440332,45.908333],[-74.441106,45.905326],[-74.441193,45.905127],[-74.441667,45.90518],[-74.441667,45.908333],[-74.441667,45.916667]]]}},{"type":"Feature","properties":{"nom":"Mayne Minerals inc.","designation":"Mayne Minerals inc. (100840) 100 % (responsable)","statut":"actif","lomiko":false,"centre":[-75.34167,45.59706]},"geometry":{"type":"Polygon","coordinates":[[[-75.35,45.608333],[-75.35,45.616667],[-75.341667,45.616667],[-75.333333,45.616667],[-75.333333,45.608333],[-75.333333,45.6],[-75.341667,45.6],[-75.341667,45.591667],[-75.333333,45.591667],[-75.333333,45.583333],[-75.333333,45.575],[-75.341667,45.575],[-75.341667,45.583333],[-75.35,45.583333],[-75.35,45.591667],[-75.35,45.6],[-75.35,45.608333]]]}},{"type":"Feature","properties":{"nom":"Emmanuel Deschamps","designation":"Emmanuel Deschamps (100064) 100 % (responsable)","statut":"actif","lomiko":false,"centre":[-75.7462,45.88807]},"geometry":{"type":"Polygon","coordinates":[[[-75.741667,45.883333],[-75.75,45.883333],[-75.75,45.888142],[-75.747999,45.888691],[-75.747365,45.889143],[-75.746929,45.890151],[-75.747197,45.891191],[-75.747469,45.891667],[-75.741667,45.891667],[-75.741667,45.883333]]]}},{"type":"Feature","properties":{"nom":"Emmanuel Deschamps","designation":"Emmanuel Deschamps (100064) 100 % (responsable)","statut":"actif","lomiko":false,"centre":[-75.72544,45.87843]},"geometry":{"type":"Polygon","coordinates":[[[-75.741667,45.883333],[-75.733333,45.883333],[-75.725,45.883333],[-75.716667,45.883333],[-75.708333,45.883333],[-75.708333,45.875],[-75.716667,45.875],[-75.716772,45.875],[-75.716776,45.875528],[-75.725,45.875483],[-75.728157,45.875465],[-75.728155,45.875],[-75.733333,45.875],[-75.741667,45.875],[-75.741667,45.883333]]]}},{"type":"Feature","properties":{"nom":"Emmanuel Deschamps","designation":"Emmanuel Deschamps (100064) 100 % (responsable)","statut":"actif","lomiko":false,"centre":[-75.745,45.87167]},"geometry":{"type":"Polygon","coordinates":[[[-75.741667,45.875],[-75.741667,45.866667],[-75.75,45.866667],[-75.75,45.875],[-75.741667,45.875]]]}},{"type":"Feature","properties":{"nom":"Emmanuel Deschamps","designation":"Emmanuel Deschamps (100064) 100 % (responsable)","statut":"actif","lomiko":false,"centre":[-75.72283,45.84997]},"geometry":{"type":"Polygon","coordinates":[[[-75.733333,45.85],[-75.741667,45.85],[-75.741667,45.858333],[-75.737173,45.858333],[-75.737172,45.858206],[-75.737224,45.854396],[-75.733333,45.854429],[-75.725,45.854499],[-75.71705,45.854565],[-75.71707,45.852262],[-75.717083,45.85],[-75.717084,45.849812],[-75.716667,45.849814],[-75.708333,45.849856],[-75.7,45.849898],[-75.7,45.845243],[-75.708333,45.845266],[-75.716667,45.845288],[-75.717129,45.845289],[-75.717129,45.845271],[-75.717149,45.842877],[-75.725,45.842828],[-75.733333,45.842775],[-75.733333,45.85]]]}},{"type":"Feature","properties":{"nom":"Emmanuel Deschamps","designation":"Emmanuel Deschamps (100064) 100 % (responsable)","statut":"actif","lomiko":false,"centre":[-75.84773,45.82645]},"geometry":{"type":"Polygon","coordinates":[[[-75.858333,45.841559],[-75.857743,45.841667],[-75.85742,45.841667],[-75.855235,45.841596],[-75.852156,45.840907],[-75.850696,45.839842],[-75.85,45.839761],[-75.848614,45.839602],[-75.846787,45.839391],[-75.8446,45.840151],[-75.842022,45.840336],[-75.841667,45.840362],[-75.839628,45.840508],[-75.836937,45.839922],[-75.835117,45.839525],[-75.833541,45.838345],[-75.833333,45.838266],[-75.833333,45.833333],[-75.825,45.833333],[-75.825,45.836797],[-75.82324,45.837134],[-75.820237,45.836959],[-75.816734,45.83591],[-75.816667,45.835897],[-75.816667,45.833333],[-75.808333,45.833333],[-75.808333,45.825],[-75.808333,45.816667],[-75.8,45.816667],[-75.8,45.808333],[-75.791667,45.808333],[-75.791667,45.8],[-75.783333,45.8],[-75.775,45.8],[-75.775,45.791667],[-75.775,45.783333],[-75.783333,45.783333],[-75.791667,45.783333],[-75.8,45.783333],[-75.808333,45.783333],[-75.816667,45.783333],[-75.825,45.783333],[-75.833333,45.783333],[-75.841667,45.783333],[-75.841667,45.791667],[-75.85,45.791667],[-75.85,45.8],[-75.85,45.808333],[-75.841667,45.808333],[-75.841667,45.816667],[-75.85,45.816667],[-75.858333,45.816667],[-75.858333,45.808333],[-75.866667,45.808333],[-75.866667,45.816667],[-75.866667,45.825],[-75.866667,45.827032],[-75.865963,45.827041],[-75.865943,45.827073],[-75.865812,45.82727],[-75.865759,45.827396],[-75.865756,45.827612],[-75.865832,45.827792],[-75.86583,45.827909],[-75.865659,45.828268],[-75.865612,45.828997],[-75.865468,45.829239],[-75.86548,45.82932],[-75.865517,45.829383],[-75.865721,45.829591],[-75.865719,45.829771],[-75.865679,45.829897],[-75.865715,45.83014],[-75.865766,45.830203],[-75.865946,45.830195],[-75.866088,45.830115],[-75.866191,45.830152],[-75.866242,45.830206],[-75.866367,45.830495],[-75.866457,45.830558],[-75.86661,45.830631],[-75.866667,45.830698],[-75.866667,45.833333],[-75.866667,45.835778],[-75.86648,45.835888],[-75.866314,45.836073],[-75.866224,45.836213],[-75.866143,45.836527],[-75.866087,45.836623],[-75.86595,45.836699],[-75.865614,45.836796],[-75.865359,45.836945],[-75.865077,45.83713],[-75.864884,45.837404],[-75.864806,45.837563],[-75.864766,45.837746],[-75.864813,45.837863],[-75.8651,45.838014],[-75.865363,45.838163],[-75.865429,45.838345],[-75.865365,45.838518],[-75.86598,45.838874],[-75.866355,45.839141],[-75.86641,45.839239],[-75.866343,45.839527],[-75.866365,45.839575],[-75.866399,45.839616],[-75.866482,45.839666],[-75.866664,45.839713],[-75.866667,45.839715],[-75.866667,45.840274],[-75.863408,45.840226],[-75.862379,45.84082],[-75.860023,45.841251],[-75.858333,45.841559]]]}},{"type":"Feature","properties":{"nom":"Emmanuel Deschamps","designation":"Emmanuel Deschamps (100064) 100 % (responsable)","statut":"actif","lomiko":false,"centre":[-75.75093,45.83333]},"geometry":{"type":"Polygon","coordinates":[[[-75.758333,45.833333],[-75.758333,45.841667],[-75.75,45.841667],[-75.741667,45.841667],[-75.741667,45.833333],[-75.741667,45.825],[-75.75,45.825],[-75.758333,45.825],[-75.758333,45.833333]]]}},{"type":"Feature","properties":{"nom":"Emmanuel Deschamps","designation":"Emmanuel Deschamps (100064) 100 % (responsable)","statut":"actif","lomiko":false,"centre":[-75.695,45.83667]},"geometry":{"type":"Polygon","coordinates":[[[-75.691667,45.833333],[-75.7,45.833333],[-75.7,45.841667],[-75.691667,45.841667],[-75.691667,45.833333]]]}},{"type":"Feature","properties":{"nom":"Emmanuel Deschamps","designation":"Emmanuel Deschamps (100064) 100 % (responsable)","statut":"actif","lomiko":false,"centre":[-75.68165,45.80515]},"geometry":{"type":"Polygon","coordinates":[[[-75.675,45.830973],[-75.67473,45.830999],[-75.671412,45.831319],[-75.671173,45.831342],[-75.667397,45.831621],[-75.666667,45.831697],[-75.666667,45.825],[-75.666667,45.816667],[-75.666667,45.808333],[-75.666667,45.8],[-75.666667,45.7961],[-75.667078,45.796036],[-75.667563,45.795937],[-75.668037,45.795816],[-75.668499,45.795674],[-75.668947,45.795511],[-75.669249,45.795385],[-75.669499,45.795305],[-75.669946,45.795142],[-75.670378,45.794959],[-75.670792,45.794756],[-75.671185,45.794534],[-75.671557,45.794296],[-75.671906,45.79404],[-75.672231,45.79377],[-75.672529,45.793485],[-75.6728,45.793187],[-75.673043,45.792877],[-75.673256,45.792556],[-75.673439,45.792227],[-75.67359,45.79189],[-75.673668,45.791667],[-75.675,45.791667],[-75.675,45.788053],[-75.675647,45.787994],[-75.681261,45.787486],[-75.681454,45.787468],[-75.681857,45.787432],[-75.681918,45.787426],[-75.683276,45.787303],[-75.683333,45.787299],[-75.683468,45.787289],[-75.68419,45.787225],[-75.685658,45.787096],[-75.685673,45.787217],[-75.685801,45.787799],[-75.685976,45.788352],[-75.686147,45.788821],[-75.686155,45.788843],[-75.686391,45.789408],[-75.686679,45.789961],[-75.687019,45.7905],[-75.687408,45.791022],[-75.687845,45.791525],[-75.687987,45.791667],[-75.688329,45.792007],[-75.688856,45.792466],[-75.689221,45.792744],[-75.691667,45.799742],[-75.691667,45.8],[-75.691667,45.808333],[-75.691667,45.816667],[-75.7,45.816667],[-75.707665,45.816667],[-75.708106,45.82043],[-75.708333,45.822449],[-75.708333,45.825],[-75.7,45.825],[-75.7,45.828969],[-75.699879,45.828978],[-75.699833,45.828982],[-75.695712,45.829293],[-75.691667,45.829615],[-75.690988,45.829668],[-75.689118,45.829817],[-75.688955,45.829833],[-75.688918,45.829844],[-75.688341,45.829883],[-75.688251,45.829886],[-75.683333,45.830276],[-75.680011,45.830539],[-75.677441,45.830743],[-75.675,45.830973]]]}},{"type":"Feature","properties":{"nom":"Emmanuel Deschamps","designation":"Emmanuel Deschamps (100064) 100 % (responsable)","statut":"actif","lomiko":false,"centre":[-75.74419,45.80888]},"geometry":{"type":"Polygon","coordinates":[[[-75.74403,45.80836],[-75.74414,45.80836],[-75.74422,45.80838],[-75.74423,45.80843],[-75.74422,45.80847],[-75.74421,45.80852],[-75.74426,45.80855],[-75.74436,45.80856],[-75.74439,45.80855],[-75.74441,45.80853],[-75.74441,45.8085],[-75.74441,45.80846],[-75.7444,45.80843],[-75.74439,45.80839],[-75.7444,45.80836],[-75.74445,45.80834],[-75.74453,45.80835],[-75.74458,45.80836],[-75.74463,45.8084],[-75.74468,45.80842],[-75.74471,45.80843],[-75.74475,45.8084],[-75.74477,45.80838],[-75.74479,45.80835],[-75.744794,45.808333],[-75.74498,45.808333],[-75.74498,45.80836],[-75.74497,45.8084],[-75.74498,45.80842],[-75.74502,45.80843],[-75.74507,45.80843],[-75.7451,45.80841],[-75.74512,45.80838],[-75.74515,45.80839],[-75.74516,45.80842],[-75.74522,45.80842],[-75.74524,45.80839],[-75.74526,45.80835],[-75.745277,45.808333],[-75.745354,45.808333],[-75.74537,45.80834],[-75.7454,45.80838],[-75.74542,45.80844],[-75.74544,45.80847],[-75.74547,45.80846],[-75.74551,45.80843],[-75.74551,45.80838],[-75.74552,45.80834],[-75.745525,45.808333],[-75.74571,45.808333],[-75.745845,45.80838],[-75.74591,45.80838],[-75.74596,45.80834],[-75.745973,45.808333],[-75.75,45.808333],[-75.75,45.816667],[-75.741667,45.816667],[-75.741667,45.809554],[-75.74173,45.80955],[-75.74189,45.80956],[-75.74202,45.80961],[-75.74208,45.80965],[-75.74217,45.80965],[-75.74226,45.8096],[-75.74231,45.80954],[-75.74247,45.80938],[-75.7425,45.80937],[-75.742577,45.809331],[-75.74264,45.8093],[-75.74282,45.80928],[-75.74302,45.80933],[-75.7431,45.80937],[-75.74316,45.80942],[-75.74327,45.80937],[-75.7434,45.80938],[-75.74345,45.80938],[-75.74349,45.80935],[-75.7435,45.80928],[-75.74348,45.80924],[-75.74344,45.80921],[-75.74339,45.80921],[-75.74335,45.80919],[-75.74337,45.80916],[-75.74345,45.80915],[-75.74349,45.80915],[-75.74353,45.80913],[-75.74353,45.8091],[-75.74353,45.80907],[-75.7435,45.80903],[-75.74349,45.80899],[-75.74349,45.80894],[-75.74352,45.80894],[-75.74357,45.8089],[-75.74364,45.80885],[-75.74364,45.80879],[-75.7436,45.80874],[-75.74359,45.80871],[-75.74357,45.80868],[-75.74359,45.80867],[-75.74363,45.80865],[-75.74368,45.80862],[-75.74375,45.80862],[-75.74383,45.8086],[-75.74388,45.80851],[-75.74391,45.80844],[-75.74399,45.80837],[-75.74403,45.80836]]]}},{"type":"Feature","properties":{"nom":"Lomiko Metals Inc.","designation":"Lomiko Metals Inc. (93572) 100 % (responsable)","statut":"actif","lomiko":true,"centre":[-75.96132,45.82799]},"geometry":{"type":"Polygon","coordinates":[[[-75.966667,45.858333],[-75.966667,45.866667],[-75.958333,45.866667],[-75.95,45.866667],[-75.95,45.858333],[-75.95,45.85],[-75.95,45.841667],[-75.941667,45.841667],[-75.933333,45.841667],[-75.925,45.841667],[-75.925,45.833333],[-75.933333,45.833333],[-75.933333,45.825],[-75.941667,45.825],[-75.941667,45.816667],[-75.95,45.816667],[-75.95,45.808333],[-75.95,45.8],[-75.941667,45.8],[-75.941667,45.791667],[-75.95,45.791667],[-75.958333,45.791667],[-75.966667,45.791667],[-75.966667,45.8],[-75.966667,45.808333],[-75.975,45.808333],[-75.983333,45.808333],[-75.991667,45.808333],[-75.991667,45.816667],[-76.0,45.816667],[-76.0,45.825],[-76.0,45.833333],[-75.991667,45.833333],[-75.983333,45.833333],[-75.975,45.833333],[-75.975,45.841667],[-75.975,45.85],[-75.975,45.858333],[-75.966667,45.858333]]]}},{"type":"Feature","properties":{"nom":"Lomiko Metals Inc.","designation":"Lomiko Metals Inc. (93572) 100 % (responsable)","statut":"actif","lomiko":true,"centre":[-74.98724,46.00779]},"geometry":{"type":"Polygon","coordinates":[[[-75.016667,46.058333],[-75.016667,46.066667],[-75.008333,46.066667],[-75.0,46.066667],[-75.0,46.066667],[-74.991667,46.066667],[-74.991667,46.058333],[-74.983334,46.058333],[-74.983334,46.05],[-74.991667,46.05],[-74.991667,46.041667],[-74.991667,46.04162],[-74.991416,46.041526],[-74.989076,46.040745],[-74.986832,46.040281],[-74.98389,46.039927],[-74.983334,46.039916],[-74.983334,46.033333],[-74.983334,46.025],[-74.983334,46.016667],[-74.983334,46.016136],[-74.983233,46.016129],[-74.983092,46.016121],[-74.982952,46.016116],[-74.982811,46.016113],[-74.98267,46.016112],[-74.982529,46.016113],[-74.982389,46.016116],[-74.982248,46.016121],[-74.982107,46.016129],[-74.981967,46.016138],[-74.981827,46.01615],[-74.981688,46.016164],[-74.981549,46.01618],[-74.981327,46.01621],[-74.981107,46.016245],[-74.980889,46.016286],[-74.980843,46.016296],[-74.980734,46.016299],[-74.980481,46.016312],[-74.980229,46.016333],[-74.979979,46.01636],[-74.979841,46.016378],[-74.979703,46.016398],[-74.979566,46.016421],[-74.979429,46.016445],[-74.979293,46.016471],[-74.979159,46.0165],[-74.979025,46.01653],[-74.978892,46.016563],[-74.97876,46.016597],[-74.978629,46.016634],[-74.978519,46.016667],[-74.975001,46.016667],[-74.967127,46.016667],[-74.967134,46.014353],[-74.967044,46.01437],[-74.966966,46.014371],[-74.96667,46.014384],[-74.966667,46.014384],[-74.966667,46.008333],[-74.966667,46.0],[-74.966667,46.0],[-74.966667,45.991667],[-74.966667,45.983333],[-74.966667,45.975],[-74.966667,45.966667],[-74.966667,45.958333],[-74.966667,45.95],[-74.966667,45.941667],[-74.975,45.941667],[-74.978349,45.941667],[-74.978367,45.942434],[-74.981205,45.94245],[-74.981772,45.942454],[-74.981754,45.941667],[-74.983333,45.941667],[-74.991667,45.941667],[-75.0,45.941667],[-75.0,45.941667],[-75.008333,45.941667],[-75.016667,45.941667],[-75.016667,45.95],[-75.016667,45.958333],[-75.016667,45.966667],[-75.016667,45.975],[-75.016667,45.983333],[-75.016667,45.991667],[-75.016667,46.0],[-75.016667,46.008333],[-75.016667,46.016667],[-75.016667,46.025],[-75.016667,46.033333],[-75.016667,46.041667],[-75.016667,46.05],[-75.016667,46.058333]]]}},{"type":"Feature","properties":{"nom":"Lomiko Metals Inc.","designation":"Lomiko Metals Inc. (93572) 100 % (responsable)","statut":"actif","lomiko":true,"centre":[-74.8704,46.60528]},"geometry":{"type":"Polygon","coordinates":[[[-74.875,46.6],[-74.883333,46.6],[-74.883333,46.608333],[-74.883333,46.616667],[-74.875,46.616667],[-74.866667,46.616667],[-74.858333,46.616667],[-74.858333,46.608333],[-74.866667,46.608333],[-74.866667,46.604934],[-74.867258,46.604526],[-74.867441,46.604395],[-74.867633,46.604248],[-74.867816,46.604097],[-74.867992,46.603942],[-74.868159,46.603781],[-74.868318,46.603624],[-74.868558,46.603522],[-74.868791,46.603408],[-74.869018,46.603288],[-74.869239,46.603162],[-74.869452,46.603031],[-74.869665,46.60289],[-74.87201,46.601274],[-74.872196,46.601141],[-74.8724,46.600984],[-74.873626,46.6],[-74.875,46.6]]]}},{"type":"Feature","properties":{"nom":"Lomiko Metals Inc.","designation":"Lomiko Metals Inc. (93572) 100 % (responsable)","statut":"actif","lomiko":true,"centre":[-75.28039,46.52108]},"geometry":{"type":"Polygon","coordinates":[[[-75.3,46.525],[-75.3,46.533333],[-75.291667,46.533333],[-75.283333,46.533333],[-75.275,46.533333],[-75.266667,46.533333],[-75.258333,46.533333],[-75.258333,46.525],[-75.258333,46.516667],[-75.258333,46.508333],[-75.266667,46.508333],[-75.275,46.508333],[-75.283333,46.508333],[-75.291667,46.508333],[-75.3,46.508333],[-75.3,46.516667],[-75.3,46.525]]]}},{"type":"Feature","properties":{"nom":"Lomiko Metals Inc.","designation":"Lomiko Metals Inc. (93572) 100 % (responsable)","statut":"actif","lomiko":true,"centre":[-75.22939,46.52105]},"geometry":{"type":"Polygon","coordinates":[[[-75.241667,46.525],[-75.241667,46.533333],[-75.233333,46.533333],[-75.233333,46.525],[-75.225,46.525],[-75.225,46.533333],[-75.216667,46.533333],[-75.208333,46.533333],[-75.208333,46.525],[-75.208333,46.516667],[-75.208333,46.508333],[-75.216667,46.508333],[-75.225,46.508333],[-75.233333,46.508333],[-75.241667,46.508333],[-75.25,46.508333],[-75.25,46.516667],[-75.25,46.525],[-75.241667,46.525]]]}},{"type":"Feature","properties":{"nom":"Lomiko Metals Inc.","designation":"Lomiko Metals Inc. (93572) 100 % (responsable)","statut":"actif","lomiko":true,"centre":[-75.26515,46.41422]},"geometry":{"type":"Polygon","coordinates":[[[-75.273508,46.425],[-75.27351,46.425092],[-75.27351,46.425093],[-75.274568,46.425094],[-75.27457,46.425159],[-75.274584,46.425297],[-75.274608,46.42541],[-75.274642,46.425521],[-75.274686,46.425631],[-75.27474,46.425739],[-75.274804,46.425845],[-75.274877,46.425947],[-75.27496,46.426046],[-75.275,46.426087],[-75.275051,46.426141],[-75.275151,46.426232],[-75.275259,46.426318],[-75.275375,46.426399],[-75.275498,46.426475],[-75.275628,46.426546],[-75.275764,46.42661],[-75.275906,46.426669],[-75.276053,46.426721],[-75.276204,46.426767],[-75.276359,46.426806],[-75.276518,46.426838],[-75.276679,46.426863],[-75.276842,46.426881],[-75.277006,46.426892],[-75.277155,46.426896],[-75.280812,46.426911],[-75.283333,46.426926],[-75.283333,46.433333],[-75.283333,46.441667],[-75.275,46.441667],[-75.266667,46.441667],[-75.258333,46.441667],[-75.25,46.441667],[-75.241667,46.441667],[-75.241667,46.433333],[-75.233333,46.433333],[-75.225,46.433333],[-75.225,46.425],[-75.216667,46.425],[-75.216667,46.416667],[-75.216667,46.408333],[-75.216667,46.4],[-75.216667,46.397322],[-75.2176,46.396948],[-75.218561,46.396405],[-75.219386,46.395764],[-75.220053,46.395041],[-75.220547,46.394253],[-75.220853,46.393422],[-75.220965,46.392567],[-75.22098,46.391667],[-75.225,46.391667],[-75.233333,46.391667],[-75.241667,46.391667],[-75.25,46.391667],[-75.258333,46.391667],[-75.266667,46.391667],[-75.275,46.391667],[-75.275,46.383333],[-75.283333,46.383333],[-75.283333,46.391667],[-75.283333,46.4],[-75.275,46.4],[-75.275,46.408333],[-75.275,46.40958],[-75.274918,46.409617],[-75.27476,46.409679],[-75.274596,46.409735],[-75.274429,46.409785],[-75.274257,46.409828],[-75.274083,46.409865],[-75.273906,46.409894],[-75.273751,46.409914],[-75.273735,46.409916],[-75.273726,46.409917],[-75.273545,46.409933],[-75.273395,46.40994],[-75.273363,46.409941],[-75.273343,46.409941],[-75.273244,46.409942],[-75.273219,46.409943],[-75.273181,46.409943],[-75.272999,46.409937],[-75.272817,46.409925],[-75.272637,46.409905],[-75.272459,46.409879],[-75.272415,46.40987],[-75.272283,46.409845],[-75.27211,46.409805],[-75.271941,46.409758],[-75.271895,46.409744],[-75.271889,46.409769],[-75.271879,46.409833],[-75.271871,46.409882],[-75.271863,46.409996],[-75.271866,46.410111],[-75.271879,46.410224],[-75.271902,46.410337],[-75.271936,46.410449],[-75.27198,46.410559],[-75.272034,46.410667],[-75.272098,46.410772],[-75.272172,46.410875],[-75.272254,46.410974],[-75.272346,46.411069],[-75.272446,46.411159],[-75.272554,46.411246],[-75.272639,46.411305],[-75.27267,46.411327],[-75.272793,46.411403],[-75.272922,46.411474],[-75.273058,46.411538],[-75.2732,46.411597],[-75.273268,46.411621],[-75.273299,46.413334],[-75.273359,46.416667],[-75.273478,46.423315],[-75.273508,46.425]]]}},{"type":"Feature","properties":{"nom":"Lomiko Metals Inc.","designation":"Lomiko Metals Inc. (93572) 100 % (responsable)","statut":"actif","lomiko":true,"centre":[-75.23398,46.39582]},"geometry":{"type":"Polygon","coordinates":[[[-75.233333,46.394637],[-75.233274,46.394597],[-75.232394,46.395113],[-75.232202,46.395226],[-75.232229,46.395268],[-75.232323,46.395378],[-75.23233,46.395386],[-75.232337,46.395393],[-75.232344,46.395401],[-75.232351,46.395408],[-75.232359,46.395416],[-75.232366,46.395423],[-75.232374,46.39543],[-75.232382,46.395437],[-75.232391,46.395444],[-75.232399,46.395451],[-75.232408,46.395458],[-75.232416,46.395465],[-75.232425,46.395471],[-75.232434,46.395478],[-75.232444,46.395484],[-75.232453,46.39549],[-75.232463,46.395496],[-75.232472,46.395502],[-75.232482,46.395508],[-75.232492,46.395514],[-75.232502,46.39552],[-75.232513,46.395525],[-75.232523,46.395531],[-75.232534,46.395536],[-75.232544,46.395541],[-75.232555,46.395546],[-75.232566,46.395551],[-75.232577,46.395556],[-75.232588,46.395561],[-75.2326,46.395565],[-75.232612,46.39557],[-75.232708,46.395605],[-75.232792,46.395637],[-75.23289,46.395669],[-75.232922,46.39568],[-75.23294,46.395687],[-75.232958,46.395694],[-75.232975,46.395701],[-75.232992,46.395708],[-75.23301,46.395715],[-75.233027,46.395723],[-75.233043,46.395731],[-75.23306,46.395739],[-75.233076,46.395747],[-75.233093,46.395755],[-75.233108,46.395764],[-75.233124,46.395773],[-75.23314,46.395782],[-75.233155,46.395791],[-75.23317,46.3958],[-75.233185,46.39581],[-75.233199,46.39582],[-75.233214,46.395829],[-75.233228,46.395839],[-75.233242,46.39585],[-75.233255,46.39586],[-75.233269,46.395871],[-75.233288,46.395886],[-75.233333,46.395923],[-75.233356,46.395941],[-75.233434,46.395985],[-75.233584,46.396049],[-75.233776,46.396111],[-75.233917,46.396149],[-75.234276,46.396229],[-75.234459,46.39628],[-75.234495,46.39629],[-75.234529,46.3963],[-75.234565,46.396311],[-75.234599,46.396322],[-75.234632,46.396334],[-75.234666,46.396346],[-75.234699,46.396358],[-75.234732,46.396371],[-75.234765,46.396384],[-75.234797,46.396398],[-75.23482,46.396408],[-75.234836,46.396415],[-75.234852,46.396423],[-75.234868,46.396431],[-75.234883,46.396439],[-75.234899,46.396447],[-75.234914,46.396455],[-75.234929,46.396464],[-75.234943,46.396472],[-75.234958,46.396481],[-75.234972,46.39649],[-75.234986,46.3965],[-75.235,46.396509],[-75.235013,46.396518],[-75.235026,46.396528],[-75.235098,46.396582],[-75.235165,46.396632],[-75.235173,46.396637],[-75.235181,46.396643],[-75.235189,46.396649],[-75.235197,46.396654],[-75.235205,46.396659],[-75.235214,46.396664],[-75.235222,46.396669],[-75.235231,46.396675],[-75.23524,46.396679],[-75.235249,46.396684],[-75.235258,46.396689],[-75.235267,46.396693],[-75.235276,46.396698],[-75.235286,46.396702],[-75.235295,46.396706],[-75.235305,46.396711],[-75.235315,46.396715],[-75.235324,46.396718],[-75.235334,46.396722],[-75.235344,46.396726],[-75.235355,46.396729],[-75.23537,46.396734],[-75.235598,46.396807],[-75.235723,46.396843],[-75.235774,46.396662],[-75.236119,46.395446],[-75.235962,46.395435],[-75.235849,46.39543],[-75.235731,46.395391],[-75.235647,46.395368],[-75.235533,46.395368],[-75.235531,46.395368],[-75.235469,46.395353],[-75.235441,46.395356],[-75.235335,46.395355],[-75.235237,46.395374],[-75.235137,46.395377],[-75.235058,46.395377],[-75.234995,46.395373],[-75.234992,46.395373],[-75.234958,46.395365],[-75.234808,46.395321],[-75.234772,46.395294],[-75.23466,46.39527],[-75.234559,46.395248],[-75.234513,46.395238],[-75.234509,46.395237],[-75.234392,46.395241],[-75.234245,46.395183],[-75.234122,46.395131],[-75.234034,46.395101],[-75.234033,46.3951],[-75.233889,46.39505],[-75.233813,46.394985],[-75.233744,46.39497],[-75.233701,46.394928],[-75.233673,46.394889],[-75.233637,46.394864],[-75.233629,46.394859],[-75.233526,46.394761],[-75.233472,46.394729],[-75.233333,46.394637]]]}},{"type":"Feature","properties":{"nom":"Lomiko Metals Inc.","designation":"Lomiko Metals Inc. (93572) 100 % (responsable)","statut":"actif","lomiko":true,"centre":[-75.26863,46.40875]},"geometry":{"type":"Polygon","coordinates":[[[-75.266667,46.408333],[-75.266667,46.410494],[-75.266708,46.410827],[-75.266761,46.410803],[-75.266798,46.411032],[-75.266924,46.411356],[-75.26698,46.411498],[-75.267065,46.411477],[-75.267143,46.411457],[-75.267406,46.411342],[-75.267603,46.411228],[-75.267613,46.411223],[-75.2677,46.411183],[-75.268765,46.410691],[-75.269259,46.410463],[-75.269443,46.410402],[-75.269745,46.41027],[-75.269864,46.41019],[-75.270581,46.409903],[-75.271176,46.409665],[-75.271373,46.409604],[-75.271474,46.409586],[-75.271459,46.40958],[-75.271309,46.409508],[-75.271277,46.409491],[-75.271141,46.40952],[-75.270826,46.409634],[-75.270386,46.409828],[-75.269591,46.410178],[-75.269591,46.410176],[-75.269559,46.408333],[-75.269517,46.405849],[-75.269227,46.406003],[-75.269109,46.406096],[-75.269075,46.406114],[-75.269059,46.406117],[-75.269064,46.40612],[-75.269057,46.406123],[-75.268839,46.4063],[-75.268642,46.406431],[-75.268404,46.406646],[-75.268322,46.406663],[-75.268355,46.406685],[-75.268097,46.406886],[-75.268069,46.406923],[-75.268061,46.40693],[-75.267947,46.40706],[-75.267919,46.407085],[-75.267866,46.407152],[-75.267575,46.407485],[-75.267502,46.407501],[-75.267539,46.407526],[-75.267473,46.407601],[-75.267514,46.407599],[-75.267349,46.407808],[-75.267074,46.408333],[-75.266667,46.408333]]]}},{"type":"Feature","properties":{"nom":"Lomiko Metals Inc.","designation":"Lomiko Metals Inc. (93572) 100 % (responsable)","statut":"actif","lomiko":true,"centre":[-74.99033,46.08751]},"geometry":{"type":"Polygon","coordinates":[[[-75.008333,46.1],[-75.008333,46.108333],[-75.00732,46.108333],[-75.007045,46.106072],[-75.007036,46.105946],[-75.000026,46.105872],[-75.000026,46.105875],[-75.000001,46.105875],[-75.0,46.105949],[-75.0,46.106067],[-75.000008,46.107113],[-75.00003,46.107157],[-75.00003,46.107168],[-75.000043,46.107186],[-75.000092,46.107259],[-75.000129,46.10734],[-75.000127,46.107421],[-75.000124,46.107502],[-75.000135,46.107583],[-75.000172,46.107664],[-75.000196,46.107737],[-75.00022,46.107809],[-75.000256,46.10789],[-75.000293,46.107963],[-75.000317,46.108044],[-75.000354,46.108117],[-75.00039,46.108189],[-75.00044,46.108271],[-75.000488,46.108333],[-75.0,46.108333],[-74.991667,46.108333],[-74.983333,46.108333],[-74.980528,46.108333],[-74.977144,46.108333],[-74.975001,46.108333],[-74.975001,46.105312],[-74.975001,46.1],[-74.975001,46.097082],[-74.975071,46.097016],[-74.975153,46.096937],[-74.975233,46.096856],[-74.97531,46.096773],[-74.975384,46.09669],[-74.975456,46.096606],[-74.975525,46.09652],[-74.975592,46.096433],[-74.975656,46.096346],[-74.975717,46.096257],[-74.975775,46.096168],[-74.97583,46.096078],[-74.975883,46.095987],[-74.975933,46.095895],[-74.975976,46.095809],[-74.97598,46.0958],[-74.976,46.095761],[-74.976042,46.095675],[-74.976081,46.095589],[-74.976117,46.095502],[-74.976151,46.095415],[-74.976183,46.095327],[-74.976212,46.095239],[-74.976238,46.09515],[-74.976262,46.09506],[-74.97628,46.09499],[-74.976287,46.094964],[-74.976292,46.094941],[-74.976321,46.094813],[-74.976344,46.094684],[-74.976362,46.094555],[-74.976374,46.094426],[-74.976377,46.094394],[-74.976378,46.094373],[-74.976383,46.094298],[-74.976389,46.09419],[-74.976391,46.094082],[-74.976389,46.093978],[-74.976384,46.093874],[-74.976376,46.093759],[-74.976363,46.093615],[-74.976344,46.093472],[-74.976318,46.093329],[-74.976285,46.093186],[-74.976238,46.093018],[-74.976218,46.092955],[-74.976212,46.092938],[-74.976194,46.092879],[-74.976144,46.092734],[-74.976088,46.09259],[-74.976025,46.092448],[-74.975955,46.092307],[-74.975924,46.09225],[-74.975916,46.092218],[-74.975878,46.092085],[-74.97585,46.091993],[-74.97582,46.091902],[-74.975813,46.091882],[-74.975802,46.091745],[-74.975792,46.091667],[-74.975785,46.091608],[-74.975761,46.091472],[-74.975732,46.091336],[-74.975702,46.091207],[-74.975689,46.091157],[-74.975665,46.091067],[-74.975638,46.09098],[-74.975634,46.090963],[-74.975619,46.090891],[-74.975598,46.090802],[-74.975569,46.0907],[-74.975565,46.090685],[-74.975558,46.090648],[-74.975541,46.090554],[-74.975515,46.090412],[-74.975494,46.090304],[-74.975468,46.090195],[-74.975426,46.090045],[-74.975377,46.089896],[-74.975331,46.089766],[-74.97532,46.089736],[-74.975324,46.089712],[-74.975349,46.089539],[-74.975353,46.089486],[-74.975449,46.089395],[-74.97557,46.089272],[-74.975647,46.089192],[-74.975756,46.089074],[-74.97586,46.088953],[-74.975881,46.088927],[-74.97595,46.088843],[-74.976028,46.088745],[-74.976102,46.088645],[-74.976132,46.088604],[-74.976143,46.088588],[-74.976182,46.088534],[-74.976255,46.08843],[-74.976323,46.088324],[-74.976388,46.088218],[-74.976448,46.08811],[-74.976502,46.088011],[-74.976527,46.087964],[-74.97657,46.087879],[-74.976611,46.087793],[-74.976649,46.087706],[-74.976685,46.087619],[-74.976718,46.087531],[-74.976749,46.087443],[-74.976777,46.087355],[-74.976803,46.087266],[-74.976833,46.087155],[-74.976849,46.087096],[-74.976881,46.086955],[-74.976907,46.086813],[-74.976926,46.086671],[-74.976939,46.086528],[-74.976947,46.086414],[-74.976953,46.086307],[-74.976955,46.086201],[-74.976955,46.086189],[-74.976958,46.086175],[-74.976969,46.086074],[-74.976972,46.086044],[-74.976987,46.085867],[-74.976992,46.085689],[-74.976987,46.085513],[-74.97698,46.085376],[-74.976965,46.085205],[-74.976951,46.085078],[-74.976944,46.085019],[-74.976943,46.085012],[-74.976926,46.084899],[-74.97692,46.084866],[-74.976906,46.084786],[-74.976905,46.08478],[-74.976899,46.084742],[-74.976876,46.084625],[-74.976848,46.084508],[-74.976806,46.084357],[-74.976768,46.084231],[-74.976723,46.084094],[-74.976672,46.083957],[-74.976626,46.083843],[-74.976554,46.083675],[-74.976473,46.08351],[-74.976432,46.083435],[-74.976376,46.083333],[-74.976371,46.083325],[-74.976345,46.083277],[-74.976284,46.08317],[-74.976214,46.083053],[-74.97614,46.082938],[-74.976089,46.082862],[-74.976084,46.082855],[-74.976076,46.082842],[-74.97602,46.082759],[-74.975951,46.082665],[-74.97588,46.082571],[-74.975829,46.082508],[-74.975805,46.082479],[-74.975755,46.082416],[-74.975854,46.082387],[-74.976046,46.082331],[-74.976343,46.082291],[-74.976652,46.082242],[-74.976883,46.082167],[-74.977126,46.082074],[-74.977177,46.082046],[-74.977253,46.082009],[-74.977304,46.081982],[-74.977342,46.081936],[-74.977352,46.081846],[-74.97735,46.081756],[-74.979548,46.082355],[-74.979756,46.082379],[-74.979667,46.076415],[-74.976282,46.076415],[-74.975,46.076416],[-74.972896,46.076418],[-74.972891,46.075],[-74.972861,46.066667],[-74.972845,46.061964],[-74.975,46.061979],[-74.976181,46.061987],[-74.979675,46.062015],[-74.979845,46.062015],[-74.980367,46.06201],[-74.981784,46.062011],[-74.982966,46.062024],[-74.983251,46.062033],[-74.983333,46.062035],[-74.983977,46.062047],[-74.984655,46.062034],[-74.98548,46.062043],[-74.986656,46.062065],[-74.990062,46.062088],[-74.989986,46.066667],[-74.989902,46.071673],[-74.989847,46.074999],[-74.989847,46.075],[-74.989823,46.076412],[-74.991667,46.076412],[-74.992419,46.076412],[-74.992493,46.076412],[-74.993208,46.076417],[-74.996594,46.07643],[-74.996594,46.07643],[-74.998454,46.076435],[-74.999978,46.076439],[-75.0,46.07644],[-75.008333,46.076468],[-75.010135,46.076475],[-75.010136,46.077896],[-75.010189,46.077895],[-75.010383,46.07789],[-75.01064,46.077879],[-75.010897,46.077861],[-75.011013,46.077852],[-75.01102,46.077851],[-75.01104,46.07785],[-75.011216,46.077833],[-75.011392,46.077813],[-75.011549,46.077793],[-75.011705,46.077769],[-75.01186,46.077743],[-75.012014,46.077715],[-75.012151,46.077688],[-75.012386,46.077639],[-75.012617,46.077584],[-75.012851,46.077521],[-75.013081,46.077452],[-75.01315,46.07743],[-75.01322,46.077408],[-75.013417,46.077343],[-75.013493,46.077316],[-75.013461,46.077339],[-75.013295,46.077472],[-75.013199,46.077553],[-75.013106,46.077636],[-75.013016,46.07772],[-75.012929,46.077805],[-75.012816,46.077919],[-75.012742,46.077995],[-75.012671,46.078072],[-75.012602,46.078149],[-75.012535,46.078228],[-75.012513,46.078255],[-75.01247,46.078308],[-75.012318,46.078324],[-75.012089,46.078355],[-75.011863,46.078392],[-75.011638,46.078434],[-75.011416,46.078482],[-75.011249,46.078521],[-75.011063,46.078566],[-75.010931,46.0786],[-75.0108,46.078637],[-75.01067,46.078675],[-75.010542,46.078716],[-75.010415,46.078758],[-75.010289,46.078803],[-75.010165,46.078849],[-75.010136,46.07886],[-75.01014,46.083333],[-75.010146,46.091181],[-75.010596,46.090868],[-75.010694,46.090798],[-75.01079,46.090727],[-75.010883,46.090654],[-75.010975,46.09058],[-75.011064,46.090504],[-75.011151,46.090427],[-75.011236,46.090348],[-75.011318,46.090269],[-75.011398,46.090188],[-75.011475,46.090106],[-75.011549,46.090022],[-75.011621,46.089938],[-75.011741,46.089787],[-75.011771,46.089746],[-75.011794,46.089741],[-75.011929,46.089715],[-75.012063,46.089687],[-75.012196,46.089656],[-75.012328,46.089624],[-75.01246,46.08959],[-75.012591,46.089553],[-75.012721,46.089514],[-75.012849,46.089474],[-75.012976,46.089432],[-75.013102,46.089387],[-75.013227,46.089341],[-75.013263,46.089329],[-75.013389,46.089285],[-75.013513,46.089238],[-75.013636,46.08919],[-75.013808,46.089119],[-75.013931,46.089066],[-75.014126,46.088978],[-75.014317,46.088886],[-75.014502,46.088789],[-75.01461,46.088728],[-75.01474,46.088682],[-75.014934,46.088607],[-75.015081,46.088546],[-75.015233,46.088481],[-75.015435,46.088391],[-75.015632,46.088297],[-75.015823,46.088197],[-75.016009,46.088092],[-75.016153,46.088006],[-75.016294,46.087916],[-75.01643,46.087824],[-75.016563,46.087728],[-75.016667,46.087651],[-75.016667,46.091667],[-75.016667,46.1],[-75.008333,46.1]]]}},{"type":"Feature","properties":{"nom":"Lomiko Metals Inc.","designation":"Lomiko Metals Inc. (93572) 100 % (responsable)","statut":"actif","lomiko":true,"centre":[-74.98057,46.0959]},"geometry":{"type":"Polygon","coordinates":[[[-74.983333,46.095257],[-74.983277,46.091667],[-74.983275,46.091527],[-74.980494,46.09149],[-74.980474,46.091518],[-74.980413,46.091606],[-74.980373,46.091667],[-74.980355,46.091696],[-74.980299,46.091786],[-74.980247,46.091877],[-74.980197,46.091969],[-74.980154,46.092054],[-74.980113,46.09214],[-74.980074,46.092227],[-74.980038,46.092314],[-74.980005,46.092402],[-74.979974,46.09249],[-74.979946,46.092579],[-74.97992,46.092668],[-74.979884,46.092802],[-74.979868,46.092861],[-74.979845,46.092957],[-74.979825,46.093054],[-74.979809,46.093152],[-74.979795,46.09325],[-74.979784,46.093347],[-74.979776,46.093445],[-74.979772,46.093543],[-74.97977,46.093642],[-74.979772,46.093738],[-74.979776,46.093835],[-74.979783,46.093931],[-74.979794,46.094027],[-74.979807,46.094124],[-74.979824,46.09422],[-74.979843,46.094315],[-74.979865,46.094411],[-74.979903,46.094563],[-74.979906,46.094575],[-74.979932,46.094672],[-74.979961,46.094768],[-74.979993,46.094863],[-74.980028,46.094958],[-74.980066,46.095053],[-74.980107,46.095147],[-74.980151,46.09524],[-74.980198,46.095332],[-74.980228,46.095389],[-74.980195,46.095471],[-74.98016,46.095566],[-74.980128,46.095662],[-74.980099,46.095758],[-74.980073,46.095854],[-74.980051,46.095945],[-74.980032,46.096035],[-74.980016,46.096126],[-74.980003,46.096217],[-74.979992,46.096308],[-74.979984,46.0964],[-74.979978,46.096491],[-74.979975,46.096583],[-74.97996,46.097491],[-74.979959,46.097543],[-74.979961,46.097641],[-74.979965,46.097739],[-74.979973,46.097837],[-74.979984,46.097935],[-74.979998,46.098033],[-74.980015,46.09813],[-74.980035,46.098228],[-74.980057,46.098324],[-74.980098,46.098471],[-74.980136,46.098597],[-74.980141,46.098612],[-74.980179,46.098735],[-74.980218,46.098855],[-74.980262,46.098974],[-74.980498,46.099577],[-74.980548,46.099695],[-74.980555,46.099714],[-74.980573,46.099774],[-74.980599,46.099848],[-74.980664,46.099805],[-74.980802,46.099724],[-74.980947,46.099648],[-74.981098,46.099578],[-74.981254,46.099514],[-74.981415,46.099456],[-74.981581,46.099404],[-74.98175,46.099359],[-74.981923,46.099321],[-74.982099,46.09929],[-74.982276,46.099265],[-74.982456,46.099247],[-74.982637,46.099237],[-74.982818,46.099233],[-74.982999,46.099237],[-74.98318,46.099247],[-74.983333,46.099262],[-74.98336,46.099265],[-74.983396,46.09927],[-74.983333,46.095257]]]}},{"type":"Feature","properties":{"nom":"Lomiko Metals Inc.","designation":"Lomiko Metals Inc. (93572) 100 % (responsable)","statut":"actif","lomiko":true,"centre":[-75.00642,46.09254]},"geometry":{"type":"Polygon","coordinates":[[[-75.008333,46.091886],[-75.006956,46.091866],[-75.003573,46.091816],[-75.003602,46.093643],[-75.003736,46.09355],[-75.003837,46.093479],[-75.003935,46.093406],[-75.00403,46.093332],[-75.004124,46.093256],[-75.004236,46.09316],[-75.004345,46.093062],[-75.00445,46.092962],[-75.004551,46.09286],[-75.00465,46.092756],[-75.00472,46.092754],[-75.005084,46.092743],[-75.005296,46.092734],[-75.005507,46.092721],[-75.005718,46.092702],[-75.005927,46.092679],[-75.006073,46.09266],[-75.006569,46.092591],[-75.006808,46.092554],[-75.007045,46.092511],[-75.00728,46.092462],[-75.007511,46.092407],[-75.007643,46.092372],[-75.007774,46.092336],[-75.007904,46.092297],[-75.008033,46.092257],[-75.00816,46.092214],[-75.008286,46.09217],[-75.008333,46.092152],[-75.00841,46.092124],[-75.008533,46.092076],[-75.008654,46.092026],[-75.008774,46.091974],[-75.008892,46.09192],[-75.00894,46.091897],[-75.008778,46.091893],[-75.008333,46.091886]]]}},{"type":"Feature","properties":{"nom":"Lomiko Metals Inc.","designation":"Lomiko Metals Inc. (93572) 100 % (responsable)","statut":"actif","lomiko":true,"centre":[-74.97999,46.10314]},"geometry":{"type":"Polygon","coordinates":[[[-74.979586,46.10144],[-74.979547,46.101476],[-74.979465,46.101556],[-74.979385,46.101637],[-74.979308,46.101719],[-74.979234,46.101802],[-74.979162,46.101887],[-74.979095,46.10197],[-74.97903,46.102053],[-74.978969,46.102138],[-74.978909,46.102223],[-74.978853,46.10231],[-74.978799,46.102397],[-74.978747,46.102485],[-74.978698,46.102573],[-74.978621,46.102718],[-74.978608,46.102742],[-74.978562,46.102835],[-74.978518,46.102928],[-74.978477,46.103022],[-74.978439,46.103116],[-74.978404,46.103211],[-74.978372,46.103307],[-74.978343,46.103403],[-74.978317,46.103499],[-74.978289,46.103618],[-74.978266,46.103737],[-74.978247,46.103856],[-74.978233,46.103975],[-74.978203,46.104284],[-74.978192,46.104437],[-74.978188,46.104589],[-74.978191,46.10473],[-74.978201,46.10487],[-74.978216,46.10501],[-74.978238,46.105149],[-74.978266,46.105299],[-74.980106,46.105261],[-74.983333,46.105193],[-74.983487,46.10519],[-74.983488,46.105189],[-74.983464,46.103685],[-74.98336,46.1037],[-74.983333,46.103702],[-74.98318,46.103717],[-74.982999,46.103728],[-74.982818,46.103732],[-74.982637,46.103728],[-74.982456,46.103717],[-74.982276,46.1037],[-74.982098,46.103675],[-74.981923,46.103644],[-74.98175,46.103605],[-74.981581,46.10356],[-74.981415,46.103509],[-74.981254,46.103451],[-74.981098,46.103387],[-74.980947,46.103317],[-74.980802,46.103241],[-74.980663,46.103159],[-74.980532,46.103073],[-74.980407,46.102981],[-74.98029,46.102885],[-74.980181,46.102784],[-74.98008,46.102679],[-74.979988,46.10257],[-74.979905,46.102458],[-74.979831,46.102343],[-74.979766,46.102225],[-74.979711,46.102105],[-74.979666,46.101983],[-74.97963,46.101859],[-74.979605,46.101734],[-74.97959,46.101608],[-74.979585,46.101482],[-74.979586,46.10144]]]}},{"type":"Feature","properties":{"nom":"Lomiko Metals Inc.","designation":"Lomiko Metals Inc. (93572) 100 % (responsable)","statut":"actif","lomiko":true,"centre":[-74.99424,46.10523]},"geometry":{"type":"Polygon","coordinates":[[[-74.991667,46.104958],[-74.990251,46.105001],[-74.986981,46.105101],[-74.987194,46.105427],[-74.98733,46.10565],[-74.991482,46.105668],[-74.991667,46.105668],[-74.991725,46.105669],[-74.997135,46.105675],[-74.997316,46.105664],[-74.997275,46.105584],[-74.997272,46.105475],[-74.997335,46.105403],[-74.997487,46.105302],[-74.997563,46.105238],[-74.9976,46.105174],[-74.997623,46.105066],[-74.99762,46.104958],[-74.997565,46.104782],[-74.997014,46.104799],[-74.997014,46.104799],[-74.993992,46.104887],[-74.993632,46.104898],[-74.992696,46.104927],[-74.991667,46.104958]]]}},{"type":"Feature","properties":{"nom":"Recyclage Jorg inc.","designation":"Recyclage Jorg inc. (83470) 100 % (responsable)","statut":"actif","lomiko":false,"centre":[-75.66574,46.56759]},"geometry":{"type":"Polygon","coordinates":[[[-75.666667,46.566667],[-75.675,46.566667],[-75.675,46.575],[-75.666667,46.575],[-75.658333,46.575],[-75.658333,46.566667],[-75.658333,46.558333],[-75.666667,46.558333],[-75.666667,46.566667]]]}},{"type":"Feature","properties":{"nom":"Recyclage Jorg inc.","designation":"Recyclage Jorg inc. (83470) 100 % (responsable)","statut":"actif","lomiko":false,"centre":[-75.47942,46.56293]},"geometry":{"type":"Polygon","coordinates":[[[-75.475,46.563332],[-75.474898,46.563333],[-75.474898,46.563307],[-75.474846,46.563307],[-75.474781,46.563315],[-75.474755,46.563315],[-75.474624,46.563314],[-75.474442,46.563312],[-75.474272,46.563319],[-75.474063,46.563326],[-75.473854,46.563334],[-75.473632,46.563341],[-75.473424,46.563348],[-75.473228,46.563346],[-75.473045,46.563344],[-75.472902,46.563343],[-75.472758,46.563351],[-75.472755,46.563341],[-75.471124,46.563347],[-75.470807,46.563349],[-75.470759,46.558657],[-75.475,46.558633],[-75.477268,46.558621],[-75.476444,46.560982],[-75.478346,46.560976],[-75.477999,46.561852],[-75.479864,46.562131],[-75.481061,46.562032],[-75.481404,46.562048],[-75.483333,46.562136],[-75.483333,46.563239],[-75.483309,46.563267],[-75.483308,46.563269],[-75.483306,46.56327],[-75.483305,46.563272],[-75.483304,46.563273],[-75.483302,46.563275],[-75.483301,46.563276],[-75.483299,46.563278],[-75.483298,46.563279],[-75.483297,46.563281],[-75.483295,46.563282],[-75.483294,46.563284],[-75.483293,46.563285],[-75.483291,46.563287],[-75.48329,46.563288],[-75.483289,46.56329],[-75.483287,46.563291],[-75.483286,46.563293],[-75.483285,46.563294],[-75.483283,46.563296],[-75.483282,46.563297],[-75.483281,46.563299],[-75.483279,46.5633],[-75.483278,46.563302],[-75.483276,46.563303],[-75.483275,46.563305],[-75.483274,46.563306],[-75.483272,46.563308],[-75.483271,46.563309],[-75.48327,46.563311],[-75.483268,46.563312],[-75.483267,46.563314],[-75.48125,46.563319],[-75.481251,46.563308],[-75.475,46.563332]]]}},{"type":"Feature","properties":{"nom":"Recyclage Jorg inc.","designation":"Recyclage Jorg inc. (83470) 100 % (responsable)","statut":"actif","lomiko":false,"centre":[-75.05926,46.43333]},"geometry":{"type":"Polygon","coordinates":[[[-75.066667,46.433333],[-75.066667,46.441667],[-75.058333,46.441667],[-75.05,46.441667],[-75.05,46.433333],[-75.05,46.425],[-75.058333,46.425],[-75.066667,46.425],[-75.066667,46.433333]]]}},{"type":"Feature","properties":{"nom":"Recyclage Jorg inc.","designation":"Recyclage Jorg inc. (83470) 100 % (responsable)","statut":"actif","lomiko":false,"centre":[-74.52483,46.1488]},"geometry":{"type":"Polygon","coordinates":[[[-74.526017,46.15],[-74.526088,46.150125],[-74.526303,46.150445],[-74.526349,46.150507],[-74.526368,46.150742],[-74.526425,46.151093],[-74.526457,46.151235],[-74.526525,46.151509],[-74.526582,46.151715],[-74.526704,46.152058],[-74.526857,46.152395],[-74.527043,46.152723],[-74.527258,46.153043],[-74.52731,46.153112],[-74.527366,46.153186],[-74.52756,46.153426],[-74.527833,46.153724],[-74.528135,46.154008],[-74.528395,46.154225],[-74.528407,46.154235],[-74.528568,46.154382],[-74.528896,46.154653],[-74.529248,46.154907],[-74.529257,46.154913],[-74.529482,46.155065],[-74.529849,46.155298],[-74.530246,46.155518],[-74.530663,46.15572],[-74.531098,46.155903],[-74.531467,46.156038],[-74.531522,46.156056],[-74.531604,46.156084],[-74.53207,46.156226],[-74.532548,46.156346],[-74.533036,46.156444],[-74.533334,46.156489],[-74.533334,46.158333],[-74.525,46.158333],[-74.516667,46.158333],[-74.516667,46.153408],[-74.516758,46.153375],[-74.517122,46.153234],[-74.51755,46.153043],[-74.51796,46.152834],[-74.51817,46.152715],[-74.518187,46.152704],[-74.518211,46.152694],[-74.518466,46.152577],[-74.518875,46.152368],[-74.519264,46.15214],[-74.519622,46.151902],[-74.519706,46.151842],[-74.519715,46.151835],[-74.520058,46.151574],[-74.520375,46.151298],[-74.520666,46.151009],[-74.520929,46.150706],[-74.521114,46.150463],[-74.521135,46.150433],[-74.521184,46.150363],[-74.521388,46.150039],[-74.521408,46.15],[-74.521561,46.149707],[-74.521702,46.149368],[-74.521811,46.149023],[-74.52186,46.148816],[-74.521867,46.148786],[-74.521894,46.148643],[-74.521937,46.148291],[-74.521947,46.147938],[-74.521924,46.147585],[-74.521868,46.147234],[-74.521835,46.147092],[-74.521828,46.147062],[-74.521771,46.146856],[-74.521649,46.146513],[-74.521495,46.146177],[-74.52131,46.145848],[-74.521095,46.145528],[-74.521043,46.145459],[-74.521021,46.145429],[-74.520827,46.145189],[-74.520553,46.144891],[-74.520252,46.144607],[-74.519924,46.144337],[-74.519572,46.144082],[-74.519563,46.144076],[-74.519524,46.144049],[-74.519157,46.143817],[-74.51876,46.143597],[-74.518344,46.143395],[-74.517909,46.143212],[-74.51754,46.143078],[-74.517045,46.142908],[-74.516794,46.142636],[-74.516667,46.142517],[-74.516667,46.141667],[-74.525,46.141667],[-74.533334,46.141667],[-74.533334,46.142453],[-74.5333,46.142452],[-74.532793,46.142469],[-74.532288,46.142508],[-74.532091,46.142529],[-74.532026,46.142537],[-74.531723,46.142578],[-74.531229,46.142662],[-74.530745,46.142769],[-74.530272,46.142898],[-74.529812,46.143048],[-74.52973,46.143077],[-74.529676,46.143097],[-74.529313,46.143238],[-74.528885,46.143428],[-74.528475,46.143638],[-74.528087,46.143866],[-74.527729,46.144104],[-74.527691,46.144131],[-74.527682,46.144138],[-74.527339,46.144398],[-74.527022,46.144674],[-74.526731,46.144964],[-74.526469,46.145267],[-74.526284,46.14551],[-74.526262,46.14554],[-74.526214,46.14561],[-74.52601,46.145934],[-74.525837,46.146266],[-74.525696,46.146605],[-74.525587,46.14695],[-74.525538,46.147157],[-74.525531,46.147187],[-74.525504,46.14733],[-74.525461,46.147682],[-74.525451,46.148035],[-74.525474,46.148388],[-74.52553,46.148739],[-74.525563,46.148881],[-74.52557,46.148911],[-74.525627,46.149117],[-74.525749,46.14946],[-74.525903,46.149796],[-74.526017,46.15]]]}},{"type":"Feature","properties":{"nom":"Covia Canada Ltée","designation":"Covia Canada Ltée (101056) 100 % (responsable)","statut":"actif","lomiko":false,"centre":[-76.21887,45.87313]},"geometry":{"type":"Polygon","coordinates":[[[-76.216667,45.875],[-76.216667,45.877947],[-76.21655,45.878032],[-76.21642,45.878203],[-76.216264,45.878355],[-76.21607,45.878499],[-76.215799,45.878687],[-76.215476,45.878875],[-76.215153,45.879072],[-76.21492,45.879225],[-76.214765,45.87944],[-76.214622,45.879683],[-76.214562,45.879796],[-76.21455,45.881386],[-76.212629,45.881366],[-76.21259,45.881441],[-76.212499,45.881639],[-76.212395,45.881828],[-76.212265,45.882016],[-76.212187,45.882106],[-76.212071,45.882178],[-76.211929,45.882214],[-76.211787,45.882222],[-76.211633,45.882222],[-76.211529,45.882249],[-76.211426,45.88232],[-76.211374,45.882428],[-76.211308,45.882662],[-76.211256,45.882851],[-76.211242,45.883049],[-76.211254,45.883211],[-76.2113,45.883333],[-76.208333,45.883333],[-76.2,45.883333],[-76.2,45.875],[-76.191667,45.875],[-76.191667,45.866667],[-76.191667,45.858333],[-76.191667,45.85],[-76.2,45.85],[-76.208333,45.85],[-76.216667,45.85],[-76.225,45.85],[-76.225,45.858333],[-76.225,45.866667],[-76.225,45.868327],[-76.224881,45.868371],[-76.224855,45.868389],[-76.224829,45.868416],[-76.224751,45.868514],[-76.224738,45.868541],[-76.224686,45.868658],[-76.224647,45.868784],[-76.224646,45.868865],[-76.224646,45.869018],[-76.224645,45.869135],[-76.224644,45.869252],[-76.224644,45.869369],[-76.224644,45.869396],[-76.22463,45.869459],[-76.224591,45.869585],[-76.224552,45.869702],[-76.224474,45.869836],[-76.224409,45.869944],[-76.224344,45.870025],[-76.224331,45.870052],[-76.224305,45.870079],[-76.224215,45.870169],[-76.224111,45.870285],[-76.224021,45.870384],[-76.223956,45.870465],[-76.223865,45.870591],[-76.223852,45.870609],[-76.223813,45.870636],[-76.223762,45.870663],[-76.223632,45.870752],[-76.223619,45.87077],[-76.223554,45.870869],[-76.223489,45.870995],[-76.223437,45.871103],[-76.223398,45.871229],[-76.223384,45.871363],[-76.223397,45.871391],[-76.22341,45.871463],[-76.223396,45.871597],[-76.22337,45.871687],[-76.223344,45.871732],[-76.223292,45.871795],[-76.223215,45.871867],[-76.223124,45.871912],[-76.223008,45.871974],[-76.222853,45.872055],[-76.222724,45.872127],[-76.222685,45.872154],[-76.222659,45.872181],[-76.222594,45.872279],[-76.222542,45.872414],[-76.222516,45.872531],[-76.222476,45.872648],[-76.222424,45.872765],[-76.222398,45.872873],[-76.222372,45.872936],[-76.22232,45.872981],[-76.222217,45.873106],[-76.222113,45.873196],[-76.221997,45.873277],[-76.221906,45.873321],[-76.221855,45.873339],[-76.2217,45.873375],[-76.221545,45.873375],[-76.221468,45.873356],[-76.22134,45.873311],[-76.221172,45.873293],[-76.22103,45.873364],[-76.221004,45.873454],[-76.22099,45.873589],[-76.220977,45.873679],[-76.220964,45.873796],[-76.220937,45.873913],[-76.220924,45.873949],[-76.220885,45.874012],[-76.22082,45.874084],[-76.220639,45.874227],[-76.220614,45.874245],[-76.220575,45.874263],[-76.220459,45.874308],[-76.220291,45.874361],[-76.22011,45.874424],[-76.219942,45.874495],[-76.219801,45.87454],[-76.21962,45.874621],[-76.219452,45.874683],[-76.219323,45.874737],[-76.219297,45.874746],[-76.219168,45.874808],[-76.21909,45.874862],[-76.218961,45.87497],[-76.218935,45.874997],[-76.218934,45.875],[-76.216667,45.875]]]}},{"type":"Feature","properties":{"nom":"1Life Holdings Ltd.","designation":"1Life Holdings Ltd. (101878) 100 % (responsable)","statut":"actif","lomiko":false,"centre":[-75.94466,46.32919]},"geometry":{"type":"Polygon","coordinates":[[[-75.941667,46.333333],[-75.933333,46.333333],[-75.933333,46.325],[-75.941667,46.325],[-75.944067,46.325],[-75.944057,46.325035],[-75.944044,46.325089],[-75.944056,46.325143],[-75.944094,46.325206],[-75.94412,46.325269],[-75.944145,46.325323],[-75.94417,46.325386],[-75.944183,46.325449],[-75.944182,46.325512],[-75.944207,46.325584],[-75.944246,46.325648],[-75.94431,46.325702],[-75.944362,46.325747],[-75.9444,46.325783],[-75.944426,46.325828],[-75.944477,46.32591],[-75.944502,46.325955],[-75.944528,46.326],[-75.94454,46.326054],[-75.944591,46.326135],[-75.94463,46.326207],[-75.944681,46.326279],[-75.944745,46.326325],[-75.944823,46.326352],[-75.944901,46.326388],[-75.944952,46.326434],[-75.945003,46.326488],[-75.945042,46.326542],[-75.94508,46.326596],[-75.945106,46.32665],[-75.945131,46.326714],[-75.945143,46.326777],[-75.945143,46.326831],[-75.945155,46.326894],[-75.945233,46.326948],[-75.945323,46.326957],[-75.945389,46.326931],[-75.945441,46.326886],[-75.94548,46.326895],[-75.945519,46.326922],[-75.945544,46.326967],[-75.945596,46.327004],[-75.945634,46.327049],[-75.945673,46.327094],[-75.945724,46.32713],[-75.945802,46.327185],[-75.945879,46.327248],[-75.945904,46.32732],[-75.945916,46.327383],[-75.945929,46.327455],[-75.945941,46.3275],[-75.94594,46.32759],[-75.945952,46.327689],[-75.945978,46.327752],[-75.945951,46.327815],[-75.945873,46.32786],[-75.945782,46.327886],[-75.945716,46.327922],[-75.945703,46.327985],[-75.945702,46.328057],[-75.945688,46.328129],[-75.945662,46.328192],[-75.945622,46.328254],[-75.945583,46.328299],[-75.945504,46.328326],[-75.945426,46.328325],[-75.945361,46.328343],[-75.945335,46.328388],[-75.945334,46.328451],[-75.945333,46.328532],[-75.945333,46.328604],[-75.945332,46.328658],[-75.945345,46.328703],[-75.945357,46.328748],[-75.945357,46.328793],[-75.945356,46.328856],[-75.945355,46.328928],[-75.945368,46.328991],[-75.945393,46.329045],[-75.945431,46.329108],[-75.945457,46.329171],[-75.945469,46.329216],[-75.945482,46.329261],[-75.945481,46.329333],[-75.94548,46.329405],[-75.945467,46.329468],[-75.94544,46.329531],[-75.945401,46.329585],[-75.945361,46.32963],[-75.945335,46.329675],[-75.945308,46.329728],[-75.945282,46.329782],[-75.945255,46.329836],[-75.945229,46.32989],[-75.945202,46.329944],[-75.945163,46.329998],[-75.945123,46.33006],[-75.945084,46.330123],[-75.945031,46.330177],[-75.944991,46.33024],[-75.944965,46.330285],[-75.944926,46.330329],[-75.944886,46.330374],[-75.94486,46.330419],[-75.944833,46.330464],[-75.94482,46.330518],[-75.944806,46.330563],[-75.94478,46.330608],[-75.944766,46.330652],[-75.944753,46.330697],[-75.944752,46.330751],[-75.944739,46.330796],[-75.944725,46.33085],[-75.944712,46.330895],[-75.944699,46.33094],[-75.944685,46.330985],[-75.944672,46.33103],[-75.944658,46.331075],[-75.944632,46.33112],[-75.944618,46.331174],[-75.944605,46.331237],[-75.944591,46.331299],[-75.94459,46.331362],[-75.94459,46.331425],[-75.944589,46.331479],[-75.944563,46.331524],[-75.944536,46.331569],[-75.944523,46.331623],[-75.944458,46.33165],[-75.944444,46.331704],[-75.944443,46.331767],[-75.94443,46.331829],[-75.944416,46.331883],[-75.944364,46.331946],[-75.944298,46.332009],[-75.944272,46.332063],[-75.94431,46.332126],[-75.944361,46.332171],[-75.944361,46.332225],[-75.944308,46.332279],[-75.944256,46.332332],[-75.944216,46.332395],[-75.944164,46.332458],[-75.944124,46.332521],[-75.944085,46.332575],[-75.944045,46.332628],[-75.943993,46.332673],[-75.943953,46.332727],[-75.943914,46.332772],[-75.943861,46.332807],[-75.943796,46.33287],[-75.943743,46.332942],[-75.943691,46.333005],[-75.943638,46.333058],[-75.943573,46.333103],[-75.943533,46.333148],[-75.943494,46.333183],[-75.943442,46.333219],[-75.943402,46.333255],[-75.943363,46.333291],[-75.943338,46.333333],[-75.941667,46.333333]]]}},{"type":"Feature","properties":{"nom":"Déneigement Jorg","designation":"Déneigement Jorg (102127) 100 % (responsable)","statut":"actif","lomiko":false,"centre":[-75.48333,46.44643]},"geometry":{"type":"Polygon","coordinates":[[[-75.483333,46.45],[-75.475,46.45],[-75.475,46.441667],[-75.483333,46.441667],[-75.491667,46.441667],[-75.491667,46.45],[-75.483333,46.45]]]}},{"type":"Feature","properties":{"nom":"Déneigement Jorg","designation":"Déneigement Jorg (102127) 100 % (responsable)","statut":"actif","lomiko":false,"centre":[-74.84561,46.41207]},"geometry":{"type":"Polygon","coordinates":[[[-74.847884,46.408806],[-74.848065,46.408969],[-74.849922,46.410648],[-74.85,46.410718],[-74.85,46.413598],[-74.849973,46.413612],[-74.849152,46.414025],[-74.849037,46.414084],[-74.8477,46.414759],[-74.846586,46.415321],[-74.846337,46.415446],[-74.845599,46.415819],[-74.845567,46.415836],[-74.84392,46.416667],[-74.843127,46.416667],[-74.841667,46.415314],[-74.841667,46.41218],[-74.841798,46.412107],[-74.842214,46.411892],[-74.842249,46.411874],[-74.842691,46.41163],[-74.843073,46.41142],[-74.843185,46.411361],[-74.843718,46.411078],[-74.843965,46.410947],[-74.844395,46.410701],[-74.844532,46.410626],[-74.844878,46.410441],[-74.844894,46.410432],[-74.844942,46.410406],[-74.845854,46.409907],[-74.845953,46.409853],[-74.846302,46.409672],[-74.8466,46.409517],[-74.846781,46.409417],[-74.847884,46.408806]]]}},{"type":"Feature","properties":{"nom":"Déneigement Jorg","designation":"Déneigement Jorg (102127) 100 % (responsable)","statut":"actif","lomiko":false,"centre":[-74.84356,46.40973]},"geometry":{"type":"Polygon","coordinates":[[[-74.841667,46.408333],[-74.84694,46.408333],[-74.84729,46.408625],[-74.846116,46.409267],[-74.846056,46.4093],[-74.845156,46.409815],[-74.843469,46.410779],[-74.842671,46.411235],[-74.841952,46.411647],[-74.841667,46.41181],[-74.841667,46.40974],[-74.841843,46.409567],[-74.841667,46.409482],[-74.841667,46.408333]]]}},{"type":"Feature","properties":{"nom":"Déneigement Jorg","designation":"Déneigement Jorg (102127) 100 % (responsable)","statut":"actif","lomiko":false,"centre":[-74.97833,46.32]},"geometry":{"type":"Polygon","coordinates":[[[-74.975,46.316667],[-74.983333,46.316667],[-74.983333,46.325],[-74.975,46.325],[-74.975,46.316667]]]}},{"type":"Feature","properties":{"nom":"Déneigement Jorg","designation":"Déneigement Jorg (102127) 100 % (responsable)","statut":"actif","lomiko":false,"centre":[-74.77279,46.28532]},"geometry":{"type":"Polygon","coordinates":[[[-74.771076,46.283333],[-74.775,46.283333],[-74.775,46.287557],[-74.774909,46.287398],[-74.774692,46.287079],[-74.774521,46.286861],[-74.77449,46.286824],[-74.774413,46.286733],[-74.774137,46.286436],[-74.773834,46.286152],[-74.773504,46.285882],[-74.773314,46.285742],[-74.773278,46.285716],[-74.773114,46.285603],[-74.772736,46.285365],[-74.772337,46.285146],[-74.771919,46.284945],[-74.771754,46.284873],[-74.771545,46.284784],[-74.771273,46.284674],[-74.770819,46.284513],[-74.770781,46.2845],[-74.770885,46.284199],[-74.770975,46.283904],[-74.77105,46.283555],[-74.771076,46.283333]]]}},{"type":"Feature","properties":{"nom":"Déneigement Jorg","designation":"Déneigement Jorg (102127) 100 % (responsable)","statut":"actif","lomiko":false,"centre":[-74.72374,46.24613]},"geometry":{"type":"Polygon","coordinates":[[[-74.724027,46.241667],[-74.725,46.241667],[-74.725,46.25],[-74.724014,46.25],[-74.724002,46.249935],[-74.723932,46.249656],[-74.723925,46.249631],[-74.723904,46.249562],[-74.723843,46.249381],[-74.723833,46.249343],[-74.723787,46.249181],[-74.723717,46.248975],[-74.723714,46.248968],[-74.723711,46.248953],[-74.723548,46.24831],[-74.723491,46.248105],[-74.723367,46.247762],[-74.723212,46.247425],[-74.723129,46.247271],[-74.723127,46.247255],[-74.723125,46.247232],[-74.723067,46.246881],[-74.723034,46.246739],[-74.722812,46.245858],[-74.722835,46.245829],[-74.72302,46.245585],[-74.723362,46.245103],[-74.723411,46.245033],[-74.723614,46.244709],[-74.723786,46.244376],[-74.723926,46.244037],[-74.724034,46.243691],[-74.724082,46.243485],[-74.724089,46.243454],[-74.724115,46.243312],[-74.724157,46.24296],[-74.724166,46.242607],[-74.724142,46.242254],[-74.724084,46.241903],[-74.724051,46.241761],[-74.724027,46.241667]]]}},{"type":"Feature","properties":{"nom":"Déneigement Jorg","designation":"Déneigement Jorg (102127) 100 % (responsable)","statut":"actif","lomiko":false,"centre":[-74.51227,46.15408]},"geometry":{"type":"Polygon","coordinates":[[[-74.508334,46.153283],[-74.508489,46.153348],[-74.508858,46.153483],[-74.508913,46.153502],[-74.508996,46.15353],[-74.509461,46.153672],[-74.509939,46.153792],[-74.510427,46.15389],[-74.510924,46.153966],[-74.511228,46.154001],[-74.511528,46.154031],[-74.511726,46.154049],[-74.512233,46.154079],[-74.512741,46.154086],[-74.513249,46.15407],[-74.513754,46.154031],[-74.513951,46.15401],[-74.514322,46.153965],[-74.514625,46.153925],[-74.515119,46.15384],[-74.515603,46.153734],[-74.516077,46.153605],[-74.516537,46.153455],[-74.516618,46.153426],[-74.516667,46.153408],[-74.516667,46.158333],[-74.508334,46.158333],[-74.508334,46.153283]]]}},{"type":"Feature","properties":{"nom":"Déneigement Jorg","designation":"Déneigement Jorg (102127) 100 % (responsable)","statut":"actif","lomiko":false,"centre":[-74.5638,46.10723]},"geometry":{"type":"Polygon","coordinates":[[[-74.566667,46.108333],[-74.566667,46.111142],[-74.56665,46.111146],[-74.561977,46.109459],[-74.56228,46.108333],[-74.558334,46.108333],[-74.558334,46.1],[-74.566667,46.1],[-74.566667,46.108333]]]}},{"type":"Feature","properties":{"nom":"Déneigement Jorg","designation":"Déneigement Jorg (102127) 100 % (responsable)","statut":"actif","lomiko":false,"centre":[-74.55333,46.10333]},"geometry":{"type":"Polygon","coordinates":[[[-74.55,46.1],[-74.558334,46.1],[-74.558334,46.108333],[-74.55,46.108333],[-74.55,46.1]]]}},{"type":"Feature","properties":{"nom":"Déneigement Jorg","designation":"Déneigement Jorg (102127) 100 % (responsable)","statut":"actif","lomiko":false,"centre":[-75.81903,45.63044]},"geometry":{"type":"Polygon","coordinates":[[[-75.825,45.633333],[-75.822723,45.633333],[-75.822782,45.632584],[-75.821587,45.632588],[-75.821277,45.632644],[-75.821111,45.632192],[-75.821061,45.632057],[-75.820953,45.631761],[-75.820845,45.631468],[-75.819796,45.631656],[-75.817255,45.632112],[-75.817255,45.63211],[-75.817254,45.632109],[-75.817254,45.632107],[-75.817253,45.632105],[-75.817252,45.632103],[-75.817252,45.632102],[-75.817251,45.6321],[-75.81725,45.632098],[-75.81725,45.632096],[-75.817249,45.632095],[-75.817248,45.632093],[-75.817248,45.632091],[-75.817247,45.632089],[-75.817246,45.632088],[-75.817246,45.632086],[-75.817245,45.632084],[-75.817244,45.632082],[-75.817244,45.632081],[-75.817243,45.632079],[-75.817242,45.632077],[-75.817242,45.632076],[-75.817241,45.632074],[-75.81724,45.632072],[-75.81724,45.63207],[-75.817239,45.632069],[-75.817238,45.632067],[-75.817238,45.632065],[-75.817237,45.632063],[-75.817236,45.632062],[-75.817236,45.63206],[-75.817235,45.632058],[-75.817234,45.632056],[-75.817234,45.632055],[-75.817233,45.632053],[-75.817232,45.632051],[-75.817232,45.632049],[-75.817231,45.632048],[-75.81723,45.632046],[-75.81723,45.632044],[-75.817229,45.632043],[-75.817228,45.632041],[-75.817228,45.632039],[-75.817227,45.632037],[-75.817226,45.632036],[-75.817226,45.632034],[-75.817225,45.632032],[-75.817224,45.63203],[-75.817224,45.632029],[-75.817223,45.632027],[-75.817222,45.632025],[-75.817222,45.632023],[-75.817221,45.632022],[-75.81722,45.63202],[-75.81722,45.632018],[-75.817219,45.632017],[-75.817218,45.632015],[-75.817218,45.632013],[-75.817217,45.632011],[-75.817216,45.63201],[-75.817215,45.632008],[-75.817215,45.632006],[-75.817214,45.632004],[-75.817213,45.632003],[-75.817213,45.632001],[-75.817212,45.631999],[-75.817211,45.631998],[-75.817211,45.631996],[-75.81721,45.631994],[-75.817209,45.631992],[-75.817209,45.631991],[-75.817208,45.631989],[-75.817207,45.631987],[-75.817206,45.631985],[-75.817206,45.631984],[-75.817205,45.631982],[-75.817204,45.63198],[-75.817204,45.631978],[-75.817203,45.631977],[-75.817202,45.631975],[-75.817202,45.631973],[-75.817201,45.631972],[-75.8172,45.63197],[-75.817199,45.631968],[-75.817199,45.631966],[-75.817198,45.631965],[-75.817197,45.631963],[-75.817197,45.631961],[-75.817196,45.631959],[-75.817195,45.631958],[-75.817195,45.631956],[-75.817194,45.631954],[-75.817193,45.631953],[-75.817192,45.631951],[-75.817192,45.631949],[-75.817191,45.631947],[-75.81719,45.631946],[-75.81719,45.631944],[-75.817189,45.631942],[-75.817188,45.63194],[-75.817187,45.631939],[-75.817187,45.631937],[-75.817186,45.631935],[-75.817185,45.631934],[-75.817185,45.631932],[-75.817184,45.63193],[-75.817183,45.631928],[-75.817182,45.631927],[-75.817182,45.631925],[-75.817181,45.631923],[-75.81718,45.631922],[-75.817179,45.63192],[-75.817179,45.631918],[-75.817178,45.631916],[-75.817177,45.631915],[-75.817177,45.631913],[-75.817176,45.631911],[-75.817175,45.631909],[-75.817174,45.631908],[-75.817174,45.631906],[-75.817173,45.631904],[-75.817172,45.631903],[-75.817172,45.631901],[-75.817171,45.631899],[-75.81717,45.631897],[-75.817169,45.631896],[-75.817169,45.631894],[-75.817168,45.631892],[-75.817167,45.63189],[-75.817166,45.631889],[-75.817166,45.631887],[-75.817165,45.631885],[-75.817164,45.631884],[-75.817163,45.631882],[-75.817163,45.63188],[-75.817162,45.631878],[-75.817161,45.631877],[-75.81716,45.631875],[-75.81716,45.631873],[-75.817159,45.631872],[-75.817158,45.63187],[-75.817158,45.631868],[-75.817157,45.631866],[-75.817156,45.631865],[-75.817155,45.631863],[-75.817155,45.631861],[-75.817154,45.63186],[-75.817153,45.631858],[-75.817152,45.631856],[-75.817152,45.631854],[-75.817151,45.631853],[-75.81715,45.631851],[-75.817149,45.631849],[-75.817149,45.631848],[-75.817148,45.631846],[-75.817147,45.631844],[-75.817146,45.631842],[-75.817146,45.631841],[-75.817145,45.631839],[-75.817144,45.631837],[-75.817143,45.631835],[-75.817142,45.631834],[-75.817142,45.631832],[-75.817141,45.63183],[-75.81714,45.631829],[-75.817139,45.631827],[-75.817139,45.631825],[-75.817138,45.631823],[-75.817137,45.631822],[-75.817136,45.63182],[-75.817136,45.631818],[-75.817135,45.631817],[-75.817134,45.631815],[-75.817133,45.631813],[-75.817133,45.631811],[-75.817132,45.63181],[-75.817131,45.631808],[-75.81713,45.631806],[-75.81713,45.631805],[-75.817129,45.631803],[-75.817128,45.631801],[-75.817127,45.631799],[-75.817126,45.631798],[-75.817126,45.631796],[-75.817125,45.631794],[-75.817124,45.631793],[-75.817123,45.631791],[-75.817123,45.631789],[-75.817122,45.631787],[-75.817121,45.631786],[-75.81712,45.631784],[-75.817119,45.631782],[-75.817119,45.631781],[-75.817118,45.631779],[-75.817117,45.631777],[-75.817116,45.631775],[-75.817116,45.631774],[-75.817115,45.631772],[-75.817114,45.63177],[-75.817113,45.631769],[-75.817112,45.631767],[-75.817112,45.631765],[-75.817111,45.631764],[-75.81711,45.631762],[-75.817109,45.63176],[-75.817109,45.631758],[-75.817108,45.631757],[-75.817107,45.631755],[-75.817106,45.631753],[-75.817105,45.631752],[-75.817105,45.63175],[-75.817104,45.631748],[-75.817103,45.631746],[-75.817102,45.631745],[-75.817101,45.631743],[-75.817101,45.631741],[-75.8171,45.63174],[-75.817099,45.631738],[-75.817098,45.631736],[-75.817097,45.631734],[-75.817097,45.631733],[-75.817096,45.631731],[-75.817095,45.631729],[-75.817094,45.631728],[-75.817093,45.631726],[-75.817093,45.631724],[-75.817092,45.631722],[-75.817091,45.631721],[-75.81709,45.631719],[-75.817089,45.631717],[-75.817089,45.631716],[-75.817088,45.631714],[-75.817087,45.631712],[-75.817086,45.631711],[-75.817085,45.631709],[-75.817085,45.631707],[-75.817084,45.631705],[-75.817083,45.631704],[-75.817082,45.631702],[-75.817081,45.6317],[-75.817081,45.631699],[-75.81708,45.631697],[-75.817079,45.631695],[-75.817078,45.631694],[-75.817077,45.631692],[-75.817076,45.63169],[-75.817076,45.631688],[-75.817075,45.631687],[-75.817074,45.631685],[-75.817073,45.631683],[-75.817072,45.631682],[-75.817072,45.63168],[-75.817071,45.631678],[-75.81707,45.631676],[-75.817069,45.631675],[-75.817068,45.631673],[-75.817067,45.631671],[-75.817067,45.63167],[-75.817066,45.631668],[-75.817065,45.631666],[-75.817064,45.631665],[-75.817063,45.631663],[-75.817062,45.631661],[-75.817062,45.631659],[-75.817061,45.631658],[-75.81706,45.631656],[-75.817059,45.631654],[-75.817058,45.631653],[-75.817058,45.631651],[-75.817057,45.631649],[-75.817056,45.631648],[-75.817055,45.631646],[-75.817054,45.631644],[-75.817053,45.631642],[-75.817053,45.631641],[-75.817052,45.631639],[-75.817051,45.631637],[-75.81705,45.631636],[-75.817049,45.631634],[-75.817048,45.631632],[-75.817048,45.631631],[-75.817047,45.631629],[-75.817046,45.631627],[-75.817045,45.631625],[-75.817044,45.631624],[-75.817043,45.631622],[-75.817042,45.63162],[-75.817042,45.631619],[-75.817041,45.631617],[-75.81704,45.631615],[-75.817039,45.631614],[-75.817038,45.631612],[-75.817037,45.63161],[-75.817037,45.631609],[-75.817036,45.631607],[-75.817035,45.631605],[-75.817034,45.631603],[-75.817033,45.631602],[-75.817032,45.6316],[-75.817031,45.631598],[-75.817031,45.631597],[-75.81703,45.631595],[-75.817029,45.631593],[-75.817028,45.631592],[-75.817027,45.63159],[-75.817026,45.631588],[-75.817025,45.631586],[-75.817025,45.631585],[-75.817024,45.631583],[-75.817023,45.631581],[-75.817022,45.63158],[-75.817021,45.631578],[-75.81702,45.631576],[-75.817019,45.631575],[-75.817019,45.631573],[-75.817018,45.631571],[-75.817017,45.63157],[-75.817016,45.631568],[-75.817015,45.631566],[-75.817014,45.631564],[-75.817013,45.631563],[-75.817013,45.631561],[-75.817012,45.631559],[-75.817011,45.631558],[-75.81701,45.631556],[-75.817009,45.631554],[-75.817008,45.631553],[-75.817007,45.631551],[-75.817006,45.631549],[-75.817006,45.631548],[-75.817005,45.631546],[-75.817004,45.631544],[-75.817003,45.631542],[-75.817002,45.631541],[-75.817001,45.631539],[-75.817,45.631537],[-75.816999,45.631536],[-75.816999,45.631534],[-75.816998,45.631532],[-75.816997,45.631531],[-75.816996,45.631529],[-75.816995,45.631527],[-75.816994,45.631526],[-75.816993,45.631524],[-75.816992,45.631522],[-75.816992,45.631521],[-75.816991,45.631519],[-75.81699,45.631517],[-75.816989,45.631515],[-75.816988,45.631514],[-75.816987,45.631512],[-75.816986,45.63151],[-75.816985,45.631509],[-75.816984,45.631507],[-75.816984,45.631505],[-75.816983,45.631504],[-75.816982,45.631502],[-75.816981,45.6315],[-75.81698,45.631499],[-75.816979,45.631497],[-75.816978,45.631495],[-75.816977,45.631494],[-75.816976,45.631492],[-75.816976,45.63149],[-75.816975,45.631489],[-75.816974,45.631487],[-75.816973,45.631485],[-75.816972,45.631483],[-75.816971,45.631482],[-75.81697,45.63148],[-75.816969,45.631478],[-75.816968,45.631477],[-75.816967,45.631475],[-75.816967,45.631473],[-75.816966,45.631472],[-75.816965,45.63147],[-75.816964,45.631468],[-75.816963,45.631467],[-75.816962,45.631465],[-75.816961,45.631463],[-75.81696,45.631462],[-75.816959,45.63146],[-75.816958,45.631458],[-75.816957,45.631457],[-75.816957,45.631455],[-75.816956,45.631453],[-75.816955,45.631452],[-75.816954,45.63145],[-75.816953,45.631448],[-75.816952,45.631446],[-75.816951,45.631445],[-75.81695,45.631443],[-75.816949,45.631441],[-75.816948,45.63144],[-75.816947,45.631438],[-75.816947,45.631436],[-75.816946,45.631435],[-75.816945,45.631433],[-75.816944,45.631431],[-75.816943,45.63143],[-75.816942,45.631428],[-75.816941,45.631426],[-75.81694,45.631425],[-75.816939,45.631423],[-75.816938,45.631421],[-75.816937,45.63142],[-75.816936,45.631418],[-75.816935,45.631416],[-75.816935,45.631415],[-75.816934,45.631413],[-75.816933,45.631411],[-75.816932,45.63141],[-75.816931,45.631408],[-75.81693,45.631406],[-75.816929,45.631405],[-75.816928,45.631403],[-75.816927,45.631401],[-75.816926,45.6314],[-75.816925,45.631398],[-75.816924,45.631396],[-75.816923,45.631395],[-75.816922,45.631393],[-75.816922,45.631391],[-75.816921,45.63139],[-75.81692,45.631388],[-75.816919,45.631386],[-75.816918,45.631384],[-75.816917,45.631383],[-75.816916,45.631381],[-75.816915,45.631379],[-75.816914,45.631378],[-75.816913,45.631376],[-75.816912,45.631374],[-75.816911,45.631373],[-75.81691,45.631371],[-75.816909,45.631369],[-75.816908,45.631368],[-75.816907,45.631366],[-75.816906,45.631364],[-75.816906,45.631363],[-75.816905,45.631361],[-75.816904,45.631359],[-75.816903,45.631358],[-75.816902,45.631356],[-75.816901,45.631354],[-75.8169,45.631353],[-75.816899,45.631351],[-75.816898,45.631349],[-75.816897,45.631348],[-75.816896,45.631346],[-75.816895,45.631344],[-75.816894,45.631343],[-75.816893,45.631341],[-75.816892,45.631339],[-75.816891,45.631338],[-75.81689,45.631336],[-75.816889,45.631334],[-75.816888,45.631333],[-75.816887,45.631331],[-75.816886,45.631329],[-75.816886,45.631328],[-75.816885,45.631326],[-75.816884,45.631324],[-75.816883,45.631323],[-75.816882,45.631321],[-75.816881,45.631319],[-75.81688,45.631318],[-75.816879,45.631316],[-75.816878,45.631314],[-75.816877,45.631313],[-75.816876,45.631311],[-75.816875,45.631309],[-75.816874,45.631308],[-75.816873,45.631306],[-75.816872,45.631304],[-75.816871,45.631303],[-75.81687,45.631301],[-75.816869,45.631299],[-75.816868,45.631298],[-75.816867,45.631296],[-75.816866,45.631294],[-75.816865,45.631293],[-75.816864,45.631291],[-75.816863,45.631289],[-75.816862,45.631288],[-75.816861,45.631286],[-75.81686,45.631284],[-75.816859,45.631283],[-75.816858,45.631281],[-75.816857,45.63128],[-75.816856,45.631278],[-75.816855,45.631276],[-75.816854,45.631275],[-75.816853,45.631273],[-75.816852,45.631271],[-75.816851,45.63127],[-75.816851,45.631268],[-75.81685,45.631266],[-75.816849,45.631265],[-75.816848,45.631263],[-75.816847,45.631261],[-75.816846,45.63126],[-75.816845,45.631258],[-75.816844,45.631256],[-75.816843,45.631255],[-75.816842,45.631253],[-75.816841,45.631251],[-75.81684,45.63125],[-75.816839,45.631248],[-75.816838,45.631246],[-75.816837,45.631245],[-75.816836,45.631243],[-75.816835,45.631241],[-75.816834,45.63124],[-75.816833,45.631238],[-75.816832,45.631236],[-75.816831,45.631235],[-75.81683,45.631233],[-75.816829,45.631231],[-75.816828,45.63123],[-75.816827,45.631228],[-75.816826,45.631226],[-75.816825,45.631225],[-75.816824,45.631223],[-75.816823,45.631222],[-75.816822,45.63122],[-75.816821,45.631218],[-75.81682,45.631217],[-75.816819,45.631215],[-75.816818,45.631213],[-75.816817,45.631212],[-75.816816,45.63121],[-75.816815,45.631208],[-75.816814,45.631207],[-75.816813,45.631205],[-75.816812,45.631203],[-75.816811,45.631202],[-75.81681,45.6312],[-75.816809,45.631198],[-75.816808,45.631197],[-75.816807,45.631195],[-75.816806,45.631193],[-75.816805,45.631192],[-75.816803,45.63119],[-75.816802,45.631188],[-75.816801,45.631187],[-75.8168,45.631185],[-75.816799,45.631184],[-75.816798,45.631182],[-75.816797,45.63118],[-75.816796,45.631179],[-75.816795,45.631177],[-75.816794,45.631175],[-75.816793,45.631174],[-75.816792,45.631172],[-75.816791,45.63117],[-75.81679,45.631169],[-75.816789,45.631167],[-75.816788,45.631165],[-75.816787,45.631164],[-75.816786,45.631162],[-75.816785,45.63116],[-75.816784,45.631159],[-75.816783,45.631157],[-75.816782,45.631156],[-75.816781,45.631154],[-75.81678,45.631152],[-75.816779,45.631151],[-75.816778,45.631149],[-75.816777,45.631147],[-75.816776,45.631146],[-75.816775,45.631144],[-75.816774,45.631142],[-75.816773,45.631141],[-75.816772,45.631139],[-75.816771,45.631137],[-75.81677,45.631136],[-75.816769,45.631134],[-75.816768,45.631133],[-75.816766,45.631131],[-75.816765,45.631129],[-75.816764,45.631128],[-75.816763,45.631126],[-75.816762,45.631124],[-75.816761,45.631123],[-75.81676,45.631121],[-75.816759,45.631119],[-75.816758,45.631118],[-75.816757,45.631116],[-75.816756,45.631114],[-75.816755,45.631113],[-75.816754,45.631111],[-75.816753,45.63111],[-75.816752,45.631108],[-75.816751,45.631106],[-75.81675,45.631105],[-75.816749,45.631103],[-75.816748,45.631101],[-75.816747,45.6311],[-75.816746,45.631098],[-75.816745,45.631096],[-75.816743,45.631095],[-75.816742,45.631093],[-75.816741,45.631092],[-75.81674,45.63109],[-75.816739,45.631088],[-75.816738,45.631087],[-75.816737,45.631085],[-75.816736,45.631083],[-75.816735,45.631082],[-75.816734,45.63108],[-75.816733,45.631078],[-75.816732,45.631077],[-75.816731,45.631075],[-75.81673,45.631074],[-75.819824,45.629843],[-75.821584,45.62874],[-75.821818,45.628621],[-75.821819,45.628622],[-75.821821,45.628624],[-75.821822,45.628625],[-75.821824,45.628627],[-75.821825,45.628628],[-75.821827,45.628629],[-75.821828,45.628631],[-75.82183,45.628632],[-75.821832,45.628634],[-75.821833,45.628635],[-75.821835,45.628636],[-75.821837,45.628638],[-75.821839,45.628639],[-75.82184,45.62864],[-75.821842,45.628641],[-75.821844,45.628643],[-75.821846,45.628644],[-75.821848,45.628645],[-75.82185,45.628646],[-75.821852,45.628648],[-75.821854,45.628649],[-75.821856,45.62865],[-75.821857,45.628651],[-75.821859,45.628652],[-75.821862,45.628653],[-75.821864,45.628654],[-75.821866,45.628655],[-75.821868,45.628656],[-75.82187,45.628658],[-75.821872,45.628659],[-75.821874,45.62866],[-75.821876,45.62866],[-75.821878,45.628661],[-75.821881,45.628662],[-75.821883,45.628663],[-75.821885,45.628664],[-75.821887,45.628665],[-75.82189,45.628666],[-75.821892,45.628667],[-75.821894,45.628668],[-75.821896,45.628668],[-75.821899,45.628669],[-75.821901,45.62867],[-75.821903,45.628671],[-75.821906,45.628671],[-75.821908,45.628672],[-75.82191,45.628673],[-75.821913,45.628673],[-75.821915,45.628674],[-75.821918,45.628674],[-75.82192,45.628675],[-75.821923,45.628676],[-75.821925,45.628676],[-75.821927,45.628677],[-75.82193,45.628677],[-75.821932,45.628678],[-75.821935,45.628678],[-75.821937,45.628678],[-75.82194,45.628679],[-75.821942,45.628679],[-75.821945,45.62868],[-75.821947,45.62868],[-75.82195,45.62868],[-75.821952,45.628681],[-75.821955,45.628681],[-75.821958,45.628681],[-75.82196,45.628681],[-75.821963,45.628681],[-75.821965,45.628682],[-75.821968,45.628682],[-75.82197,45.628682],[-75.821973,45.628682],[-75.821975,45.628682],[-75.821978,45.628682],[-75.821981,45.628682],[-75.821983,45.628682],[-75.821986,45.628682],[-75.821988,45.628682],[-75.821991,45.628682],[-75.821993,45.628682],[-75.821996,45.628682],[-75.821998,45.628682],[-75.822001,45.628682],[-75.822004,45.628681],[-75.822006,45.628681],[-75.822009,45.628681],[-75.822011,45.628681],[-75.822014,45.62868],[-75.822016,45.62868],[-75.822019,45.62868],[-75.822021,45.628679],[-75.822024,45.628679],[-75.822026,45.628679],[-75.822029,45.628678],[-75.822031,45.628678],[-75.822034,45.628677],[-75.822036,45.628677],[-75.822039,45.628676],[-75.822041,45.628676],[-75.822044,45.628675],[-75.822046,45.628675],[-75.822048,45.628674],[-75.822051,45.628674],[-75.822053,45.628673],[-75.822056,45.628672],[-75.822058,45.628672],[-75.82206,45.628671],[-75.822063,45.62867],[-75.822065,45.62867],[-75.822067,45.628669],[-75.82207,45.628668],[-75.822072,45.628667],[-75.822074,45.628666],[-75.822077,45.628666],[-75.822079,45.628665],[-75.822081,45.628664],[-75.822083,45.628663],[-75.822086,45.628662],[-75.822088,45.628661],[-75.82209,45.62866],[-75.822092,45.628659],[-75.822094,45.628658],[-75.822096,45.628657],[-75.822098,45.628656],[-75.8221,45.628655],[-75.822102,45.628654],[-75.822104,45.628653],[-75.822107,45.628652],[-75.822109,45.628651],[-75.82211,45.628649],[-75.822112,45.628648],[-75.822114,45.628647],[-75.822116,45.628646],[-75.822118,45.628645],[-75.82212,45.628643],[-75.822122,45.628642],[-75.822124,45.628641],[-75.822125,45.62864],[-75.822127,45.628638],[-75.822129,45.628637],[-75.822131,45.628636],[-75.822132,45.628634],[-75.822134,45.628633],[-75.822136,45.628632],[-75.822137,45.62863],[-75.822139,45.628629],[-75.82214,45.628627],[-75.822142,45.628626],[-75.822144,45.628624],[-75.822145,45.628623],[-75.822147,45.628621],[-75.822148,45.62862],[-75.822149,45.628618],[-75.822151,45.628617],[-75.822152,45.628615],[-75.822153,45.628614],[-75.822155,45.628612],[-75.822156,45.628611],[-75.822157,45.628609],[-75.822158,45.628608],[-75.82216,45.628606],[-75.822161,45.628604],[-75.822162,45.628603],[-75.822163,45.628601],[-75.822164,45.6286],[-75.822165,45.628598],[-75.822166,45.628596],[-75.822167,45.628595],[-75.822168,45.628593],[-75.822169,45.628591],[-75.82217,45.62859],[-75.822171,45.628588],[-75.822171,45.628586],[-75.822172,45.628584],[-75.822173,45.628583],[-75.822174,45.628581],[-75.822174,45.628579],[-75.822175,45.628578],[-75.822176,45.628576],[-75.822176,45.628574],[-75.822177,45.628572],[-75.822177,45.628571],[-75.822178,45.628569],[-75.822178,45.628567],[-75.822179,45.628565],[-75.822179,45.628563],[-75.822179,45.628562],[-75.82218,45.62856],[-75.82218,45.628558],[-75.82218,45.628556],[-75.822181,45.628555],[-75.822181,45.628553],[-75.822181,45.628551],[-75.822181,45.628549],[-75.822181,45.628547],[-75.822181,45.628546],[-75.822181,45.628544],[-75.822181,45.628542],[-75.822181,45.62854],[-75.822181,45.628538],[-75.822181,45.628537],[-75.822181,45.628535],[-75.822181,45.628533],[-75.822181,45.628531],[-75.82218,45.628529],[-75.82218,45.628528],[-75.82218,45.628526],[-75.82218,45.628524],[-75.822179,45.628522],[-75.822179,45.62852],[-75.822178,45.628519],[-75.822178,45.628517],[-75.822177,45.628515],[-75.822177,45.628513],[-75.822176,45.628512],[-75.822176,45.62851],[-75.822175,45.628508],[-75.822174,45.628506],[-75.822174,45.628505],[-75.822173,45.628503],[-75.822172,45.628501],[-75.822172,45.628499],[-75.822171,45.628498],[-75.82217,45.628496],[-75.822169,45.628494],[-75.822168,45.628493],[-75.822167,45.628491],[-75.822166,45.628489],[-75.822165,45.628488],[-75.822164,45.628486],[-75.822163,45.628484],[-75.822162,45.628483],[-75.822161,45.628481],[-75.82216,45.62848],[-75.822159,45.628478],[-75.822157,45.628476],[-75.822156,45.628475],[-75.822155,45.628473],[-75.822154,45.628472],[-75.822152,45.62847],[-75.822151,45.628469],[-75.82215,45.628467],[-75.822148,45.628466],[-75.822147,45.628464],[-75.822145,45.628463],[-75.822144,45.628461],[-75.822142,45.62846],[-75.822141,45.628458],[-75.822139,45.628457],[-75.822138,45.628455],[-75.822136,45.628454],[-75.822134,45.628453],[-75.822133,45.628451],[-75.822131,45.62845],[-75.822129,45.628449],[-75.822128,45.628447],[-75.822126,45.628446],[-75.822124,45.628445],[-75.822122,45.628443],[-75.82212,45.628442],[-75.822119,45.628441],[-75.822117,45.62844],[-75.822115,45.628438],[-75.822113,45.628437],[-75.822111,45.628436],[-75.822109,45.628435],[-75.822107,45.628434],[-75.822105,45.628433],[-75.822103,45.628432],[-75.822101,45.628431],[-75.822099,45.628429],[-75.822097,45.628428],[-75.822095,45.628427],[-75.822092,45.628426],[-75.82209,45.628425],[-75.822088,45.628424],[-75.822086,45.628424],[-75.822084,45.628423],[-75.822082,45.628422],[-75.822079,45.628421],[-75.822077,45.62842],[-75.822075,45.628419],[-75.822073,45.628418],[-75.82207,45.628417],[-75.822068,45.628417],[-75.822066,45.628416],[-75.822063,45.628415],[-75.822061,45.628414],[-75.822059,45.628414],[-75.822056,45.628413],[-75.822054,45.628412],[-75.822051,45.628412],[-75.822049,45.628411],[-75.822047,45.628411],[-75.822044,45.62841],[-75.822042,45.628409],[-75.822039,45.628409],[-75.822037,45.628408],[-75.822034,45.628408],[-75.822032,45.628408],[-75.822029,45.628407],[-75.822027,45.628407],[-75.822024,45.628406],[-75.822022,45.628406],[-75.822019,45.628406],[-75.822017,45.628405],[-75.822014,45.628405],[-75.822012,45.628405],[-75.822009,45.628404],[-75.822007,45.628404],[-75.822004,45.628404],[-75.822002,45.628404],[-75.821999,45.628404],[-75.821996,45.628404],[-75.821994,45.628403],[-75.821991,45.628403],[-75.821989,45.628403],[-75.821986,45.628403],[-75.821984,45.628403],[-75.821981,45.628403],[-75.821979,45.628403],[-75.821976,45.628403],[-75.821973,45.628403],[-75.821971,45.628403],[-75.821968,45.628404],[-75.821966,45.628404],[-75.821963,45.628404],[-75.821961,45.628404],[-75.821958,45.628404],[-75.821956,45.628404],[-75.821953,45.628405],[-75.82195,45.628405],[-75.821948,45.628405],[-75.821945,45.628406],[-75.821943,45.628406],[-75.82194,45.628406],[-75.821938,45.628407],[-75.821935,45.628407],[-75.821933,45.628408],[-75.82193,45.628408],[-75.821928,45.628409],[-75.821926,45.628409],[-75.821923,45.62841],[-75.821921,45.62841],[-75.821918,45.628411],[-75.821916,45.628411],[-75.821913,45.628412],[-75.821911,45.628413],[-75.821909,45.628413],[-75.821906,45.628414],[-75.821904,45.628415],[-75.821902,45.628415],[-75.821899,45.628416],[-75.821897,45.628417],[-75.821895,45.628418],[-75.821892,45.628418],[-75.82189,45.628419],[-75.821888,45.62842],[-75.821885,45.628421],[-75.821883,45.628422],[-75.821881,45.628423],[-75.821879,45.628424],[-75.821877,45.628425],[-75.821875,45.628426],[-75.821872,45.628427],[-75.82187,45.628428],[-75.821868,45.628429],[-75.822172,45.628275],[-75.822308,45.628205],[-75.822675,45.628019],[-75.82276,45.627955],[-75.82295,45.627791],[-75.822876,45.627702],[-75.823383,45.627494],[-75.823494,45.627996],[-75.823525,45.628136],[-75.823593,45.628439],[-75.825,45.628339],[-75.825904,45.628275],[-75.826354,45.628243],[-75.827929,45.628131],[-75.831164,45.627901],[-75.832386,45.633333],[-75.825,45.633333]]]}},{"type":"Feature","properties":{"nom":"Déneigement Jorg","designation":"Déneigement Jorg (102127) 100 % (responsable)","statut":"actif","lomiko":false,"centre":[-75.84092,45.42955]},"geometry":{"type":"Polygon","coordinates":[[[-75.841667,45.441667],[-75.833333,45.441667],[-75.833333,45.433333],[-75.833333,45.425667],[-75.834378,45.425593],[-75.835542,45.42551],[-75.83778,45.425351],[-75.837959,45.425338],[-75.838268,45.425316],[-75.841667,45.425075],[-75.842719,45.425],[-75.843019,45.425],[-75.842919,45.425171],[-75.844799,45.425022],[-75.845078,45.425],[-75.85,45.425],[-75.85,45.433333],[-75.85,45.441667],[-75.841667,45.441667]]]}},{"type":"Feature","properties":{"nom":"Jean Laurence Thériault","designation":"Jean Laurence Thériault (103032) 100 % (responsable)","statut":"actif","lomiko":false,"centre":[-74.861,45.88573]},"geometry":{"type":"Polygon","coordinates":[[[-74.858333,45.883333],[-74.866667,45.883333],[-74.866667,45.889477],[-74.865381,45.883842],[-74.86523,45.88384],[-74.86516,45.883851],[-74.865052,45.883853],[-74.864653,45.883861],[-74.862722,45.883847],[-74.862442,45.883847],[-74.862229,45.883869],[-74.862095,45.883913],[-74.862037,45.883989],[-74.862023,45.884187],[-74.861989,45.884498],[-74.861981,45.884556],[-74.862004,45.884781],[-74.862096,45.884989],[-74.862122,45.885031],[-74.862381,45.885403],[-74.862478,45.885616],[-74.862537,45.885872],[-74.862522,45.886294],[-74.862501,45.886545],[-74.862508,45.886873],[-74.862552,45.887143],[-74.862628,45.887587],[-74.862693,45.88775],[-74.862781,45.887859],[-74.862895,45.888017],[-74.862945,45.888144],[-74.862934,45.888344],[-74.862876,45.888562],[-74.86286,45.888854],[-74.862891,45.889105],[-74.863016,45.889747],[-74.863286,45.890911],[-74.863434,45.891519],[-74.86346,45.891667],[-74.863302,45.891667],[-74.86328,45.891538],[-74.863131,45.890932],[-74.862861,45.889766],[-74.862735,45.88912],[-74.862703,45.888859],[-74.862719,45.888551],[-74.862777,45.888334],[-74.862787,45.88816],[-74.862749,45.88806],[-74.862644,45.887913],[-74.862549,45.887795],[-74.862475,45.887611],[-74.862396,45.887159],[-74.862351,45.886883],[-74.862344,45.886545],[-74.862365,45.886291],[-74.86238,45.885881],[-74.862325,45.885644],[-74.862236,45.885446],[-74.861981,45.885079],[-74.86195,45.88503],[-74.86185,45.884804],[-74.861823,45.884557],[-74.861832,45.88449],[-74.861866,45.884183],[-74.861881,45.883961],[-74.861982,45.883832],[-74.862032,45.883816],[-74.862094,45.883797],[-74.862015,45.883796],[-74.858616,45.883818],[-74.860246,45.891667],[-74.858333,45.891667],[-74.85,45.891667],[-74.841667,45.891667],[-74.841667,45.883333],[-74.841667,45.875],[-74.841667,45.866667],[-74.85,45.866667],[-74.85,45.875],[-74.858333,45.875],[-74.858333,45.883333]]]}},{"type":"Feature","properties":{"nom":"Daniel Terrett","designation":"Daniel Terrett (85568) 100 % (responsable)","statut":"actif","lomiko":false,"centre":[-75.81464,45.58674]},"geometry":{"type":"Polygon","coordinates":[[[-75.816667,45.591667],[-75.808333,45.591667],[-75.808333,45.585757],[-75.811198,45.585623],[-75.812627,45.585559],[-75.812504,45.584696],[-75.812504,45.584695],[-75.812495,45.584636],[-75.81231,45.583333],[-75.816667,45.583333],[-75.825,45.583333],[-75.825,45.591667],[-75.816667,45.591667]]]}},{"type":"Feature","properties":{"nom":"Daniel Terrett","designation":"Daniel Terrett (85568) 100 % (responsable)","statut":"actif","lomiko":false,"centre":[-75.63637,45.80848]},"geometry":{"type":"Polygon","coordinates":[[[-75.65,45.833158],[-75.648165,45.833333],[-75.641667,45.833333],[-75.633333,45.833333],[-75.625,45.833333],[-75.616667,45.833333],[-75.610344,45.833333],[-75.610217,45.832258],[-75.610039,45.830757],[-75.609867,45.829298],[-75.60981,45.828818],[-75.609672,45.827647],[-75.610121,45.827599],[-75.610614,45.827523],[-75.6111,45.827424],[-75.611574,45.827303],[-75.612037,45.827161],[-75.612485,45.826998],[-75.612917,45.826815],[-75.613331,45.826612],[-75.613725,45.826391],[-75.614098,45.826152],[-75.614448,45.825897],[-75.614772,45.825627],[-75.615071,45.825342],[-75.615343,45.825044],[-75.615377,45.825],[-75.616667,45.825],[-75.616667,45.822019],[-75.617097,45.821319],[-75.6171,45.821314],[-75.617588,45.820519],[-75.617917,45.819983],[-75.617923,45.819973],[-75.617934,45.819956],[-75.618125,45.81964],[-75.618331,45.81931],[-75.618346,45.819287],[-75.619013,45.818207],[-75.619435,45.817551],[-75.619492,45.817461],[-75.619675,45.817131],[-75.619795,45.816871],[-75.619882,45.816667],[-75.620073,45.816216],[-75.620101,45.816147],[-75.620233,45.81582],[-75.620236,45.815811],[-75.620286,45.815681],[-75.620406,45.815347],[-75.620477,45.815134],[-75.620565,45.814786],[-75.62062,45.814435],[-75.620642,45.814082],[-75.620631,45.813729],[-75.620587,45.813377],[-75.62051,45.813028],[-75.620401,45.812683],[-75.62026,45.812344],[-75.620087,45.812012],[-75.619883,45.811689],[-75.61965,45.811375],[-75.619388,45.811073],[-75.619369,45.811054],[-75.619529,45.810964],[-75.619902,45.810725],[-75.6202,45.810507],[-75.620579,45.810466],[-75.621072,45.81039],[-75.621557,45.810291],[-75.622032,45.81017],[-75.622494,45.810028],[-75.622942,45.809865],[-75.623374,45.809682],[-75.623732,45.809508],[-75.623801,45.809481],[-75.624233,45.809298],[-75.624646,45.809095],[-75.625,45.808897],[-75.62504,45.808874],[-75.625413,45.808636],[-75.625762,45.808381],[-75.625819,45.808333],[-75.626087,45.80811],[-75.626386,45.807825],[-75.626657,45.807527],[-75.6269,45.807217],[-75.627113,45.806897],[-75.627296,45.806568],[-75.627448,45.806231],[-75.627568,45.805888],[-75.627656,45.80554],[-75.627711,45.805189],[-75.627733,45.804836],[-75.627722,45.804483],[-75.627678,45.804131],[-75.627601,45.803782],[-75.627492,45.803437],[-75.627351,45.803098],[-75.627178,45.802766],[-75.626975,45.802442],[-75.626767,45.802163],[-75.633333,45.801635],[-75.641172,45.801005],[-75.641215,45.801002],[-75.641667,45.800953],[-75.641715,45.800948],[-75.642208,45.800871],[-75.642693,45.800772],[-75.643167,45.800652],[-75.643629,45.800509],[-75.644077,45.800346],[-75.644509,45.800163],[-75.644841,45.8],[-75.644923,45.79996],[-75.645317,45.799739],[-75.645689,45.7995],[-75.646038,45.799245],[-75.646363,45.798974],[-75.646661,45.798689],[-75.646932,45.798391],[-75.647175,45.798081],[-75.647389,45.797761],[-75.647571,45.797432],[-75.647723,45.797095],[-75.647843,45.796752],[-75.647931,45.796404],[-75.647986,45.796053],[-75.648008,45.7957],[-75.647996,45.795347],[-75.647952,45.794995],[-75.647875,45.794646],[-75.647766,45.794301],[-75.64774,45.794233],[-75.646748,45.791667],[-75.646367,45.79068],[-75.64822,45.790506],[-75.649681,45.790371],[-75.65,45.790342],[-75.653314,45.790036],[-75.656162,45.789773],[-75.65615,45.789847],[-75.656128,45.7902],[-75.65614,45.790553],[-75.656184,45.790905],[-75.656261,45.791254],[-75.65637,45.791599],[-75.656399,45.791667],[-75.656512,45.791938],[-75.656521,45.791957],[-75.656787,45.792518],[-75.656951,45.79283],[-75.657154,45.793154],[-75.657387,45.793467],[-75.65765,45.793769],[-75.657939,45.794058],[-75.658256,45.794334],[-75.658333,45.794393],[-75.658597,45.794594],[-75.658962,45.794838],[-75.659349,45.795065],[-75.659756,45.795274],[-75.660182,45.795464],[-75.660625,45.795633],[-75.661083,45.795783],[-75.661554,45.79591],[-75.662035,45.796017],[-75.662526,45.7961],[-75.663023,45.796162],[-75.663526,45.7962],[-75.66417,45.796215],[-75.664183,45.796216],[-75.664688,45.796231],[-75.665193,45.796223],[-75.665487,45.796208],[-75.665877,45.796183],[-75.666086,45.796167],[-75.666585,45.796113],[-75.666667,45.7961],[-75.666667,45.8],[-75.666667,45.808333],[-75.666667,45.816667],[-75.666667,45.825],[-75.666667,45.831697],[-75.665399,45.831831],[-75.663549,45.831994],[-75.659934,45.832313],[-75.658333,45.832441],[-75.653336,45.83284],[-75.65,45.833158]]]}},{"type":"Feature","properties":{"nom":"Daniel Terrett","designation":"Daniel Terrett (85568) 100 % (responsable)","statut":"actif","lomiko":false,"centre":[-75.63455,45.81924]},"geometry":{"type":"Polygon","coordinates":[[[-75.633877,45.816424],[-75.633333,45.81651],[-75.63234,45.816667],[-75.633333,45.816667],[-75.633333,45.820785],[-75.633445,45.820883],[-75.633644,45.821058],[-75.633795,45.821257],[-75.633822,45.821304],[-75.633908,45.821456],[-75.634284,45.821833],[-75.63432,45.821826],[-75.634873,45.821777],[-75.636284,45.821666],[-75.636094,45.821147],[-75.636094,45.821145],[-75.635827,45.820666],[-75.63571,45.820456],[-75.635596,45.820251],[-75.635357,45.81982],[-75.635191,45.819521],[-75.635165,45.81944],[-75.635107,45.819263],[-75.635018,45.818989],[-75.634921,45.818693],[-75.63482,45.818465],[-75.634819,45.818461],[-75.634634,45.817812],[-75.634632,45.817806],[-75.63454,45.817252],[-75.634531,45.8172],[-75.634345,45.816979],[-75.634186,45.816791],[-75.634081,45.816667],[-75.633877,45.816424]]]}},{"type":"Feature","properties":{"nom":"Daniel Terrett","designation":"Daniel Terrett (85568) 100 % (responsable)","statut":"actif","lomiko":false,"centre":[-75.60679,45.76051]},"geometry":{"type":"Polygon","coordinates":[[[-75.641667,45.786433],[-75.641667,45.791667],[-75.633333,45.791667],[-75.633333,45.786453],[-75.625,45.787233],[-75.625,45.791667],[-75.616667,45.791667],[-75.608333,45.791667],[-75.608333,45.783333],[-75.608333,45.775],[-75.608333,45.766667],[-75.608333,45.758333],[-75.6,45.758333],[-75.6,45.754515],[-75.5989,45.754622],[-75.5987,45.754645],[-75.598476,45.754649],[-75.597973,45.754679],[-75.597629,45.754714],[-75.59751,45.754728],[-75.597508,45.754727],[-75.597101,45.754518],[-75.596676,45.754328],[-75.596233,45.754158],[-75.595776,45.754008],[-75.595306,45.75388],[-75.594824,45.753774],[-75.594334,45.75369],[-75.593837,45.753628],[-75.593336,45.75359],[-75.592832,45.753574],[-75.592327,45.753582],[-75.591824,45.753612],[-75.591667,45.753629],[-75.59138,45.753659],[-75.590277,45.753797],[-75.590223,45.753804],[-75.58973,45.753881],[-75.589245,45.753979],[-75.588771,45.7541],[-75.588548,45.754169],[-75.588162,45.753996],[-75.587425,45.753713],[-75.586822,45.753515],[-75.586887,45.753432],[-75.587101,45.753111],[-75.587284,45.752782],[-75.587385,45.752568],[-75.587388,45.752562],[-75.58754,45.752225],[-75.58766,45.751882],[-75.587748,45.751534],[-75.58775,45.751521],[-75.587767,45.751443],[-75.587775,45.751403],[-75.587775,45.751403],[-75.587784,45.751356],[-75.587784,45.751356],[-75.587831,45.751045],[-75.587833,45.751008],[-75.588372,45.750895],[-75.589413,45.750258],[-75.589579,45.750022],[-75.589604,45.750001],[-75.589605,45.75],[-75.589612,45.749994],[-75.589958,45.749709],[-75.590251,45.749517],[-75.590299,45.749315],[-75.590248,45.748756],[-75.590228,45.748544],[-75.590252,45.747854],[-75.590158,45.746948],[-75.590107,45.746483],[-75.58987,45.746032],[-75.589604,45.745769],[-75.588956,45.745172],[-75.588687,45.744892],[-75.58831,45.744501],[-75.588113,45.744342],[-75.58776,45.744267],[-75.587433,45.744177],[-75.587627,45.744065],[-75.587999,45.743826],[-75.588348,45.743571],[-75.588498,45.743451],[-75.588745,45.743246],[-75.58892,45.743095],[-75.589219,45.742811],[-75.589402,45.742615],[-75.589612,45.742378],[-75.589661,45.742324],[-75.5897,45.742285],[-75.589971,45.741987],[-75.590214,45.741677],[-75.590221,45.741667],[-75.591667,45.741667],[-75.591667,45.739806],[-75.595281,45.739511],[-75.597596,45.739323],[-75.599264,45.739187],[-75.6,45.739128],[-75.602475,45.738926],[-75.602478,45.73895],[-75.602546,45.739265],[-75.603165,45.741667],[-75.603342,45.742351],[-75.604891,45.748887],[-75.604608,45.749096],[-75.604283,45.749367],[-75.603985,45.749652],[-75.603714,45.74995],[-75.603674,45.75],[-75.6,45.75],[-75.608333,45.75],[-75.616667,45.75],[-75.616667,45.758333],[-75.616667,45.766667],[-75.616667,45.775],[-75.616667,45.783333],[-75.616667,45.779286],[-75.618155,45.779213],[-75.621013,45.779074],[-75.621137,45.779065],[-75.622676,45.77895],[-75.62472,45.778729],[-75.625,45.778698],[-75.629064,45.778258],[-75.632353,45.777901],[-75.633333,45.777794],[-75.63468,45.777648],[-75.634843,45.777709],[-75.635054,45.777751],[-75.635223,45.777767],[-75.635351,45.777772],[-75.635546,45.777788],[-75.635781,45.777801],[-75.636258,45.777858],[-75.636614,45.777789],[-75.63794,45.777628],[-75.638154,45.777614],[-75.640632,45.777379],[-75.641667,45.777281],[-75.641667,45.783333],[-75.643105,45.783333],[-75.643287,45.78466],[-75.645112,45.78453],[-75.645809,45.789383],[-75.645609,45.789066],[-75.645376,45.788753],[-75.645114,45.788451],[-75.644824,45.788162],[-75.644508,45.787886],[-75.644167,45.787626],[-75.643802,45.787382],[-75.643415,45.787155],[-75.643008,45.786946],[-75.642582,45.786756],[-75.642139,45.786586],[-75.641681,45.786437],[-75.641667,45.786433]]]}},{"type":"Feature","properties":{"nom":"Daniel Terrett","designation":"Daniel Terrett (85568) 100 % (responsable)","statut":"actif","lomiko":false,"centre":[-75.47976,45.61667]},"geometry":{"type":"Polygon","coordinates":[[[-75.483333,45.616667],[-75.483333,45.625],[-75.475,45.625],[-75.475,45.616667],[-75.475,45.608333],[-75.483333,45.608333],[-75.483333,45.616667]]]}},{"type":"Feature","properties":{"nom":"Daniel Terrett","designation":"Daniel Terrett (85568) 100 % (responsable)","statut":"actif","lomiko":false,"centre":[-75.65333,45.62833]},"geometry":{"type":"Polygon","coordinates":[[[-75.65,45.625],[-75.658333,45.625],[-75.658333,45.633333],[-75.65,45.633333],[-75.65,45.625]]]}},{"type":"Feature","properties":{"nom":"Daniel Terrett","designation":"Daniel Terrett (85568) 100 % (responsable)","statut":"actif","lomiko":false,"centre":[-75.64394,45.7394]},"geometry":{"type":"Polygon","coordinates":[[[-75.691667,45.772736],[-75.690913,45.772802],[-75.683333,45.773466],[-75.683236,45.773475],[-75.683156,45.773482],[-75.67948,45.773804],[-75.677289,45.773995],[-75.677137,45.773911],[-75.67565,45.774049],[-75.675,45.774109],[-75.675,45.766667],[-75.666667,45.766667],[-75.66197,45.766667],[-75.660694,45.761009],[-75.660655,45.760853],[-75.660546,45.760508],[-75.660404,45.760169],[-75.660232,45.759837],[-75.660028,45.759514],[-75.659964,45.759428],[-75.659804,45.758333],[-75.65955,45.756596],[-75.658585,45.750001],[-75.658584,45.75],[-75.658547,45.749743],[-75.658348,45.748388],[-75.658333,45.748389],[-75.65827,45.748395],[-75.65473,45.748714],[-75.651267,45.749028],[-75.65,45.74914],[-75.647557,45.749356],[-75.643112,45.749737],[-75.642925,45.749771],[-75.641667,45.749878],[-75.640243,45.75],[-75.633333,45.75],[-75.628297,45.75],[-75.627431,45.746715],[-75.627291,45.746086],[-75.627282,45.746047],[-75.626932,45.744547],[-75.626901,45.744421],[-75.626898,45.744409],[-75.626292,45.742179],[-75.626207,45.741667],[-75.626072,45.740861],[-75.626069,45.740841],[-75.625992,45.740492],[-75.625945,45.740328],[-75.625,45.73732],[-75.624764,45.736569],[-75.624703,45.736388],[-75.624562,45.736049],[-75.624389,45.735717],[-75.624186,45.735394],[-75.623953,45.735081],[-75.623691,45.734779],[-75.623402,45.734489],[-75.623086,45.734214],[-75.622745,45.733953],[-75.622381,45.733709],[-75.621995,45.733482],[-75.621706,45.733333],[-75.621588,45.733273],[-75.621162,45.733083],[-75.62072,45.732913],[-75.620263,45.732764],[-75.619793,45.732636],[-75.619312,45.732529],[-75.618822,45.732445],[-75.618325,45.732384],[-75.617824,45.732346],[-75.61732,45.73233],[-75.616815,45.732338],[-75.616667,45.732347],[-75.616346,45.732366],[-75.609244,45.732943],[-75.609211,45.732945],[-75.608713,45.732999],[-75.608333,45.733058],[-75.60822,45.733075],[-75.607736,45.733174],[-75.607262,45.733295],[-75.607137,45.733333],[-75.6068,45.733437],[-75.606352,45.7336],[-75.605921,45.733783],[-75.605508,45.733986],[-75.605114,45.734207],[-75.604742,45.734446],[-75.604393,45.734701],[-75.604069,45.734971],[-75.60377,45.735256],[-75.603499,45.735554],[-75.603257,45.735864],[-75.603043,45.736184],[-75.60286,45.736513],[-75.602745,45.736768],[-75.602139,45.733333],[-75.601036,45.727078],[-75.601153,45.72713],[-75.601595,45.7273],[-75.602052,45.72745],[-75.602522,45.727578],[-75.603003,45.727684],[-75.603493,45.727768],[-75.60399,45.72783],[-75.604491,45.727868],[-75.604995,45.727884],[-75.605499,45.727876],[-75.606002,45.727846],[-75.6065,45.727792],[-75.606993,45.727716],[-75.607477,45.727617],[-75.607906,45.727509],[-75.608333,45.727391],[-75.608654,45.727302],[-75.6087,45.72729],[-75.609162,45.727147],[-75.609609,45.726984],[-75.61004,45.726801],[-75.610454,45.726599],[-75.610847,45.726377],[-75.611219,45.726139],[-75.611568,45.725884],[-75.611892,45.725613],[-75.612191,45.725328],[-75.612204,45.725314],[-75.612234,45.725319],[-75.612731,45.725381],[-75.613232,45.725419],[-75.613736,45.725435],[-75.61424,45.725427],[-75.614743,45.725397],[-75.615242,45.725343],[-75.615734,45.725266],[-75.616218,45.725168],[-75.616667,45.725053],[-75.616692,45.725047],[-75.616846,45.725],[-75.618359,45.725],[-75.618569,45.725046],[-75.619059,45.72513],[-75.619555,45.725192],[-75.620057,45.72523],[-75.620561,45.725246],[-75.621065,45.725238],[-75.621567,45.725207],[-75.622066,45.725154],[-75.622558,45.725077],[-75.622936,45.725],[-75.625,45.725],[-75.625,45.733333],[-75.633333,45.733333],[-75.641667,45.733333],[-75.65,45.733333],[-75.65,45.741667],[-75.658333,45.741667],[-75.666667,45.741667],[-75.675,45.741667],[-75.683333,45.741667],[-75.683333,45.733333],[-75.683333,45.725],[-75.686144,45.725],[-75.686466,45.725025],[-75.686873,45.725037],[-75.687123,45.725326],[-75.687413,45.725615],[-75.687729,45.72589],[-75.68807,45.726151],[-75.688435,45.726395],[-75.688821,45.726622],[-75.689228,45.72683],[-75.68946,45.726934],[-75.68982,45.729525],[-75.68984,45.729653],[-75.689917,45.730002],[-75.690027,45.730347],[-75.690168,45.730686],[-75.690341,45.731018],[-75.690545,45.731341],[-75.690778,45.731654],[-75.69104,45.731956],[-75.691067,45.731985],[-75.691119,45.733333],[-75.691313,45.738396],[-75.691322,45.73855],[-75.691345,45.738765],[-75.691667,45.741121],[-75.691667,45.741667],[-75.691667,45.75],[-75.7,45.75],[-75.703284,45.75],[-75.703284,45.750001],[-75.703285,45.750054],[-75.703296,45.750275],[-75.70334,45.750627],[-75.703418,45.750976],[-75.703527,45.751321],[-75.703669,45.75166],[-75.703745,45.751815],[-75.704626,45.75734],[-75.704635,45.757393],[-75.704712,45.757742],[-75.704822,45.758087],[-75.704925,45.758333],[-75.7,45.758333],[-75.7,45.766667],[-75.7,45.772015],[-75.69919,45.772076],[-75.698445,45.772142],[-75.694556,45.772483],[-75.691667,45.772736]]]}},{"type":"Feature","properties":{"nom":"Daniel Terrett","designation":"Daniel Terrett (85568) 100 % (responsable)","statut":"actif","lomiko":false,"centre":[-75.68667,45.645]},"geometry":{"type":"Polygon","coordinates":[[[-75.683333,45.641667],[-75.691667,45.641667],[-75.691667,45.65],[-75.683333,45.65],[-75.683333,45.641667]]]}},{"type":"Feature","properties":{"nom":"Daniel Terrett","designation":"Daniel Terrett (85568) 100 % (responsable)","statut":"actif","lomiko":false,"centre":[-75.37,45.67]},"geometry":{"type":"Polygon","coordinates":[[[-75.366667,45.666667],[-75.375,45.666667],[-75.375,45.675],[-75.366667,45.675],[-75.366667,45.666667]]]}},{"type":"Feature","properties":{"nom":"Daniel Terrett","designation":"Daniel Terrett (85568) 100 % (responsable)","statut":"actif","lomiko":false,"centre":[-75.47833,45.75399]},"geometry":{"type":"Polygon","coordinates":[[[-75.475,45.751207],[-75.483333,45.750859],[-75.483333,45.758333],[-75.475,45.758333],[-75.475,45.751207]]]}},{"type":"Feature","properties":{"nom":"Daniel Terrett","designation":"Daniel Terrett (85568) 100 % (responsable)","statut":"actif","lomiko":false,"centre":[-75.56421,45.73112]},"geometry":{"type":"Polygon","coordinates":[[[-75.575,45.733333],[-75.575,45.735616],[-75.574772,45.735768],[-75.574706,45.735813],[-75.574357,45.736068],[-75.574158,45.736229],[-75.574076,45.736286],[-75.573652,45.736576],[-75.573351,45.736707],[-75.572937,45.736909],[-75.572544,45.73713],[-75.572172,45.737369],[-75.571823,45.737624],[-75.571498,45.737894],[-75.571199,45.738179],[-75.570928,45.738477],[-75.570685,45.738786],[-75.570471,45.739106],[-75.570288,45.739435],[-75.570136,45.739772],[-75.570044,45.740026],[-75.569957,45.740163],[-75.569807,45.74036],[-75.569605,45.740662],[-75.569497,45.740836],[-75.569486,45.740855],[-75.569302,45.741184],[-75.56915,45.741521],[-75.569099,45.741667],[-75.566667,45.741667],[-75.558333,45.741667],[-75.55,45.741667],[-75.55,45.733333],[-75.543264,45.733333],[-75.543295,45.733294],[-75.543509,45.732974],[-75.543692,45.732645],[-75.543844,45.732309],[-75.543964,45.731965],[-75.544053,45.731618],[-75.544108,45.731267],[-75.544131,45.730914],[-75.54412,45.73056],[-75.544077,45.730208],[-75.544002,45.729865],[-75.542714,45.725],[-75.541667,45.721042],[-75.541667,45.725],[-75.533333,45.725],[-75.525,45.725],[-75.525,45.716667],[-75.525,45.708333],[-75.533333,45.708333],[-75.541667,45.708333],[-75.541667,45.716667],[-75.541667,45.716993],[-75.545802,45.716667],[-75.55,45.716667],[-75.555899,45.716667],[-75.55806,45.725],[-75.558333,45.726052],[-75.559142,45.729169],[-75.566667,45.728568],[-75.566762,45.72856],[-75.575,45.727901],[-75.582253,45.72732],[-75.583333,45.727233],[-75.5836,45.727212],[-75.584946,45.727104],[-75.585816,45.727024],[-75.588841,45.726883],[-75.590808,45.726791],[-75.591409,45.726763],[-75.591257,45.727081],[-75.591183,45.727234],[-75.590495,45.72833],[-75.590186,45.729],[-75.58993,45.729831],[-75.589688,45.730979],[-75.5891,45.732749],[-75.588801,45.733333],[-75.583333,45.733333],[-75.575,45.733333]]]}},{"type":"Feature","properties":{"nom":"Daniel Terrett","designation":"Daniel Terrett (85568) 100 % (responsable)","statut":"actif","lomiko":false,"centre":[-75.70333,45.66167]},"geometry":{"type":"Polygon","coordinates":[[[-75.7,45.658333],[-75.708333,45.658333],[-75.708333,45.666667],[-75.7,45.666667],[-75.7,45.658333]]]}},{"type":"Feature","properties":{"nom":"Daniel Terrett","designation":"Daniel Terrett (85568) 100 % (responsable)","statut":"actif","lomiko":false,"centre":[-75.65298,45.69772]},"geometry":{"type":"Polygon","coordinates":[[[-75.65,45.695863],[-75.65001,45.695872],[-75.650351,45.696132],[-75.650715,45.696376],[-75.650983,45.696537],[-75.651258,45.696695],[-75.651665,45.696904],[-75.65209,45.697094],[-75.652532,45.697264],[-75.652989,45.697413],[-75.653459,45.697541],[-75.65394,45.697647],[-75.654429,45.697731],[-75.654926,45.697792],[-75.655006,45.697798],[-75.654986,45.69788],[-75.654931,45.698231],[-75.654909,45.698584],[-75.654921,45.698937],[-75.654965,45.699289],[-75.655042,45.699638],[-75.655151,45.699983],[-75.655158,45.7],[-75.65,45.7],[-75.65,45.695863]]]}},{"type":"Feature","properties":{"nom":"Daniel Terrett","designation":"Daniel Terrett (85568) 100 % (responsable)","statut":"actif","lomiko":false,"centre":[-75.5131,45.70833]},"geometry":{"type":"Polygon","coordinates":[[[-75.516667,45.708333],[-75.516667,45.716667],[-75.508333,45.716667],[-75.508333,45.708333],[-75.508333,45.7],[-75.516667,45.7],[-75.516667,45.708333]]]}},{"type":"Feature","properties":{"nom":"Daniel Terrett","designation":"Daniel Terrett (85568) 100 % (responsable)","statut":"actif","lomiko":false,"centre":[-75.67833,45.67833]},"geometry":{"type":"Polygon","coordinates":[[[-75.675,45.675],[-75.683333,45.675],[-75.683333,45.683333],[-75.675,45.683333],[-75.675,45.675]]]}},{"type":"Feature","properties":{"nom":"Daniel Terrett","designation":"Daniel Terrett (85568) 100 % (responsable)","statut":"actif","lomiko":false,"centre":[-75.60833,45.67976]},"geometry":{"type":"Polygon","coordinates":[[[-75.608333,45.683333],[-75.6,45.683333],[-75.6,45.675],[-75.608333,45.675],[-75.616667,45.675],[-75.616667,45.683333],[-75.608333,45.683333]]]}},{"type":"Feature","properties":{"nom":"Daniel Terrett","designation":"Daniel Terrett (85568) 100 % (responsable)","statut":"actif","lomiko":false,"centre":[-75.54242,45.68788]},"geometry":{"type":"Polygon","coordinates":[[[-75.55,45.691667],[-75.55,45.7],[-75.541667,45.7],[-75.533333,45.7],[-75.533333,45.691667],[-75.533333,45.683333],[-75.533333,45.675],[-75.541667,45.675],[-75.55,45.675],[-75.55,45.683333],[-75.55,45.691667]]]}},{"type":"Feature","properties":{"nom":"Kimberly Holzman","designation":"Kimberly Holzman (95142) 100 % (responsable)","statut":"actif","lomiko":false,"centre":[-75.87,46.41167]},"geometry":{"type":"Polygon","coordinates":[[[-75.866667,46.408333],[-75.875,46.408333],[-75.875,46.416667],[-75.866667,46.416667],[-75.866667,46.408333]]]}},{"type":"Feature","properties":{"nom":"Kimberly Holzman","designation":"Kimberly Holzman (95142) 100 % (responsable)","statut":"actif","lomiko":false,"centre":[-74.59816,45.91041]},"geometry":{"type":"Polygon","coordinates":[[[-74.591667,45.908333],[-74.59479,45.908333],[-74.594911,45.909679],[-74.596102,45.909467],[-74.597879,45.909351],[-74.598411,45.909331],[-74.598454,45.908951],[-74.598753,45.908333],[-74.59926,45.908333],[-74.599249,45.908341],[-74.599245,45.908387],[-74.59927,45.908445],[-74.599284,45.908484],[-74.599298,45.908555],[-74.599295,45.908575],[-74.599289,45.908593],[-74.599286,45.908698],[-74.599305,45.908844],[-74.599296,45.908897],[-74.59927,45.908938],[-74.599234,45.908971],[-74.59923,45.909013],[-74.599254,45.909048],[-74.599297,45.909063],[-74.599382,45.90906],[-74.599455,45.909024],[-74.599479,45.908977],[-74.599502,45.908908],[-74.599522,45.908862],[-74.599593,45.908762],[-74.599631,45.90872],[-74.599714,45.908683],[-74.599775,45.908648],[-74.599815,45.908615],[-74.599827,45.908561],[-74.599814,45.908512],[-74.599808,45.908486],[-74.599802,45.908459],[-74.599824,45.908406],[-74.599868,45.908383],[-74.599916,45.908363],[-74.599948,45.908333],[-74.6,45.908333],[-74.6,45.916667],[-74.596219,45.916667],[-74.596193,45.916654],[-74.596138,45.916634],[-74.596078,45.916621],[-74.596017,45.916614],[-74.595954,45.916615],[-74.595893,45.916623],[-74.595834,45.916637],[-74.59578,45.916658],[-74.595763,45.916667],[-74.591667,45.916667],[-74.591667,45.908333]]]}},{"type":"Feature","properties":{"nom":"Kimberly Holzman","designation":"Kimberly Holzman (95142) 100 % (responsable)","statut":"actif","lomiko":false,"centre":[-75.595,45.83667]},"geometry":{"type":"Polygon","coordinates":[[[-75.591667,45.833333],[-75.6,45.833333],[-75.6,45.841667],[-75.591667,45.841667],[-75.591667,45.833333]]]}},{"type":"Feature","properties":{"nom":"Kimberly Holzman","designation":"Kimberly Holzman (95142) 100 % (responsable)","statut":"actif","lomiko":false,"centre":[-75.44461,45.72264]},"geometry":{"type":"Polygon","coordinates":[[[-75.442981,45.722041],[-75.443161,45.72203],[-75.443341,45.722027],[-75.443521,45.72203],[-75.4437,45.722041],[-75.443879,45.722059],[-75.444055,45.722083],[-75.44423,45.722115],[-75.444401,45.722153],[-75.44457,45.722198],[-75.444734,45.72225],[-75.444894,45.722308],[-75.445049,45.722372],[-75.445199,45.722442],[-75.445343,45.722518],[-75.445481,45.722599],[-75.445611,45.722686],[-75.445735,45.722777],[-75.445851,45.722874],[-75.44596,45.722975],[-75.44606,45.72308],[-75.446151,45.723188],[-75.446234,45.7233],[-75.446308,45.723415],[-75.446371,45.723531],[-75.446833,45.723504],[-75.447701,45.723454],[-75.45,45.723321],[-75.45,45.725],[-75.441667,45.725],[-75.441667,45.722357],[-75.441787,45.722308],[-75.441947,45.72225],[-75.442112,45.722198],[-75.44228,45.722153],[-75.442452,45.722115],[-75.442626,45.722083],[-75.442803,45.722059],[-75.442981,45.722041]]]}},{"type":"Feature","properties":{"nom":"Anamary Ribaric","designation":"Anamary Ribaric (101781) 100 % (responsable)","statut":"actif","lomiko":false,"centre":[-75.80392,45.71292]},"geometry":{"type":"Polygon","coordinates":[[[-75.825,45.741667],[-75.825,45.75],[-75.818717,45.75],[-75.818585,45.749747],[-75.81838,45.749424],[-75.818146,45.749111],[-75.817883,45.748809],[-75.817593,45.74852],[-75.817276,45.748245],[-75.816934,45.747985],[-75.816667,45.747807],[-75.816667,45.741667],[-75.816667,45.733333],[-75.813034,45.733333],[-75.81297,45.733132],[-75.812826,45.732731],[-75.81274,45.73241],[-75.812737,45.732402],[-75.812627,45.732058],[-75.812485,45.731719],[-75.812311,45.731387],[-75.812107,45.731064],[-75.811873,45.730751],[-75.81161,45.730449],[-75.811521,45.730357],[-75.811386,45.730218],[-75.811324,45.730131],[-75.811113,45.729851],[-75.810851,45.729549],[-75.81056,45.72926],[-75.810244,45.728985],[-75.809902,45.728725],[-75.809537,45.728481],[-75.80915,45.728255],[-75.808742,45.728047],[-75.808333,45.727865],[-75.808333,45.725],[-75.805756,45.725],[-75.805674,45.724906],[-75.805384,45.724617],[-75.805165,45.724423],[-75.804789,45.724105],[-75.804691,45.724024],[-75.804349,45.723764],[-75.803984,45.723521],[-75.803597,45.723294],[-75.80319,45.723086],[-75.802764,45.722897],[-75.802707,45.722875],[-75.802659,45.72285],[-75.802643,45.722843],[-75.802113,45.722592],[-75.801704,45.72241],[-75.801261,45.722241],[-75.800803,45.722092],[-75.800557,45.722023],[-75.800449,45.72196],[-75.800268,45.72039],[-75.800376,45.72014],[-75.800442,45.719961],[-75.800563,45.719735],[-75.800714,45.719397],[-75.800833,45.719054],[-75.800919,45.718706],[-75.800973,45.718355],[-75.800994,45.718002],[-75.800982,45.717649],[-75.800943,45.717334],[-75.800913,45.717153],[-75.800907,45.717115],[-75.800893,45.717041],[-75.80082,45.716667],[-75.800749,45.716301],[-75.800685,45.716027],[-75.800574,45.715683],[-75.800432,45.715344],[-75.800259,45.715012],[-75.800055,45.714689],[-75.8,45.714616],[-75.8,45.708333],[-75.8,45.7],[-75.794624,45.7],[-75.794512,45.699849],[-75.794249,45.699548],[-75.793959,45.699259],[-75.793643,45.698984],[-75.793301,45.698724],[-75.792937,45.69848],[-75.79255,45.698254],[-75.792142,45.698045],[-75.791717,45.697856],[-75.791667,45.697837],[-75.791274,45.697687],[-75.790817,45.697538],[-75.790347,45.697411],[-75.789865,45.697305],[-75.789376,45.697222],[-75.788879,45.697161],[-75.788378,45.697123],[-75.787874,45.697109],[-75.78737,45.697117],[-75.786999,45.697138],[-75.783333,45.697409],[-75.783333,45.691667],[-75.783333,45.690207],[-75.783399,45.690134],[-75.783508,45.690008],[-75.783582,45.689918],[-75.783684,45.689791],[-75.783852,45.689571],[-75.784064,45.68925],[-75.784246,45.688921],[-75.784396,45.688583],[-75.784515,45.68824],[-75.784565,45.688056],[-75.784624,45.687817],[-75.784661,45.687653],[-75.784714,45.687301],[-75.784735,45.686948],[-75.784723,45.686595],[-75.784679,45.686243],[-75.784601,45.685894],[-75.784491,45.68555],[-75.784395,45.685322],[-75.784865,45.685357],[-75.785369,45.685372],[-75.785873,45.685364],[-75.786375,45.685332],[-75.786562,45.685314],[-75.791667,45.684786],[-75.8,45.683924],[-75.800837,45.683837],[-75.80651,45.683333],[-75.808333,45.683333],[-75.808333,45.691667],[-75.808333,45.7],[-75.816667,45.7],[-75.825,45.7],[-75.830766,45.7],[-75.830795,45.700009],[-75.830812,45.7],[-75.833333,45.7],[-75.841667,45.7],[-75.85,45.7],[-75.85,45.708333],[-75.85,45.716667],[-75.841667,45.716667],[-75.841667,45.725],[-75.841667,45.733333],[-75.841667,45.741667],[-75.833333,45.741667],[-75.825,45.741667]]]}},{"type":"Feature","properties":{"nom":"Anamary Ribaric","designation":"Anamary Ribaric (101781) 100 % (responsable)","statut":"actif","lomiko":false,"centre":[-75.77436,45.73205]},"geometry":{"type":"Polygon","coordinates":[[[-75.783333,45.733333],[-75.783333,45.741667],[-75.775,45.741667],[-75.766667,45.741667],[-75.758333,45.741667],[-75.758333,45.733333],[-75.766667,45.733333],[-75.775,45.733333],[-75.775,45.725],[-75.775,45.716667],[-75.783333,45.716667],[-75.783333,45.725],[-75.783333,45.733333]]]}},{"type":"Feature","properties":{"nom":"Anamary Ribaric","designation":"Anamary Ribaric (101781) 100 % (responsable)","statut":"actif","lomiko":false,"centre":[-75.7383,45.72673]},"geometry":{"type":"Polygon","coordinates":[[[-75.736278,45.725],[-75.736655,45.725],[-75.736992,45.725197],[-75.737357,45.725386],[-75.737499,45.725477],[-75.737613,45.725547],[-75.737636,45.725571],[-75.737926,45.725861],[-75.738242,45.726136],[-75.738387,45.72625],[-75.738779,45.726551],[-75.738976,45.726697],[-75.73934,45.726941],[-75.739727,45.727168],[-75.740134,45.727376],[-75.74056,45.727566],[-75.741003,45.727735],[-75.74146,45.727884],[-75.741667,45.72794],[-75.741667,45.733333],[-75.738404,45.733333],[-75.737247,45.72701],[-75.737176,45.726693],[-75.737066,45.726348],[-75.736924,45.726009],[-75.736751,45.725677],[-75.736547,45.725354],[-75.736314,45.725041],[-75.736278,45.725]]]}},{"type":"Feature","properties":{"nom":"Anamary Ribaric","designation":"Anamary Ribaric (101781) 100 % (responsable)","statut":"actif","lomiko":false,"centre":[-75.75684,45.70329]},"geometry":{"type":"Polygon","coordinates":[[[-75.758333,45.708333],[-75.751972,45.708333],[-75.751962,45.70825],[-75.751884,45.707901],[-75.751774,45.707556],[-75.751632,45.707217],[-75.751459,45.706885],[-75.751255,45.706562],[-75.751022,45.706249],[-75.75076,45.705947],[-75.75047,45.705658],[-75.750154,45.705383],[-75.75,45.705266],[-75.75,45.703137],[-75.750155,45.703105],[-75.750628,45.702984],[-75.751089,45.702841],[-75.751536,45.702677],[-75.751967,45.702494],[-75.752379,45.702291],[-75.752772,45.702069],[-75.753143,45.70183],[-75.753491,45.701574],[-75.753815,45.701303],[-75.754112,45.701018],[-75.754383,45.70072],[-75.754624,45.70041],[-75.754837,45.700089],[-75.754886,45.7],[-75.757422,45.7],[-75.757501,45.700092],[-75.757791,45.700381],[-75.758107,45.700656],[-75.758333,45.700828],[-75.758449,45.700916],[-75.758813,45.70116],[-75.7592,45.701386],[-75.759607,45.701595],[-75.760033,45.701784],[-75.760475,45.701954],[-75.760933,45.702102],[-75.761403,45.70223],[-75.761884,45.702336],[-75.762374,45.702419],[-75.762871,45.70248],[-75.763372,45.702518],[-75.763876,45.702532],[-75.76438,45.702524],[-75.764798,45.702498],[-75.76478,45.702551],[-75.764693,45.702899],[-75.764639,45.70325],[-75.764618,45.703603],[-75.76463,45.703956],[-75.764646,45.70411],[-75.765159,45.708333],[-75.758333,45.708333]]]}},{"type":"Feature","properties":{"nom":"Suzanne Lafetiere","designation":"Suzanne Lafetiere (102952) 100 % (responsable)","statut":"actif","lomiko":false,"centre":[-74.945,45.92833]},"geometry":{"type":"Polygon","coordinates":[[[-74.941667,45.925],[-74.95,45.925],[-74.95,45.933333],[-74.941667,45.933333],[-74.941667,45.925]]]}},{"type":"Feature","properties":{"nom":"Kenneth Kuiper","designation":"Kenneth Kuiper (101995) 100 % (responsable)","statut":"actif","lomiko":false,"centre":[-75.895,46.51167]},"geometry":{"type":"Polygon","coordinates":[[[-75.891667,46.508333],[-75.9,46.508333],[-75.9,46.516667],[-75.891667,46.516667],[-75.891667,46.508333]]]}},{"type":"Feature","properties":{"nom":"Kenneth Kuiper","designation":"Kenneth Kuiper (101995) 100 % (responsable)","statut":"actif","lomiko":false,"centre":[-75.67037,46.50463]},"geometry":{"type":"Polygon","coordinates":[[[-75.666667,46.508333],[-75.658333,46.508333],[-75.658333,46.5],[-75.666667,46.5],[-75.675,46.5],[-75.683333,46.5],[-75.683333,46.508333],[-75.675,46.508333],[-75.666667,46.508333]]]}},{"type":"Feature","properties":{"nom":"Kenneth Kuiper","designation":"Kenneth Kuiper (101995) 100 % (responsable)","statut":"actif","lomiko":false,"centre":[-75.98667,46.45333]},"geometry":{"type":"Polygon","coordinates":[[[-75.983333,46.45],[-75.991667,46.45],[-75.991667,46.458333],[-75.983333,46.458333],[-75.983333,46.45]]]}},{"type":"Feature","properties":{"nom":"Kenneth Kuiper","designation":"Kenneth Kuiper (101995) 100 % (responsable)","statut":"actif","lomiko":false,"centre":[-75.92,46.445]},"geometry":{"type":"Polygon","coordinates":[[[-75.916667,46.441667],[-75.925,46.441667],[-75.925,46.45],[-75.916667,46.45],[-75.916667,46.441667]]]}},{"type":"Feature","properties":{"nom":"Kenneth Kuiper","designation":"Kenneth Kuiper (101995) 100 % (responsable)","statut":"actif","lomiko":false,"centre":[-75.91167,46.42833]},"geometry":{"type":"Polygon","coordinates":[[[-75.908333,46.425],[-75.916667,46.425],[-75.916667,46.433333],[-75.908333,46.433333],[-75.908333,46.425]]]}},{"type":"Feature","properties":{"nom":"Kenneth Kuiper","designation":"Kenneth Kuiper (101995) 100 % (responsable)","statut":"actif","lomiko":false,"centre":[-75.93667,46.40333]},"geometry":{"type":"Polygon","coordinates":[[[-75.933333,46.4],[-75.941667,46.4],[-75.941667,46.408333],[-75.933333,46.408333],[-75.933333,46.4]]]}},{"type":"Feature","properties":{"nom":"Kenneth Kuiper","designation":"Kenneth Kuiper (101995) 100 % (responsable)","statut":"actif","lomiko":false,"centre":[-75.65,46.37976]},"geometry":{"type":"Polygon","coordinates":[[[-75.65,46.383333],[-75.641667,46.383333],[-75.641667,46.375],[-75.65,46.375],[-75.658333,46.375],[-75.658333,46.383333],[-75.65,46.383333]]]}},{"type":"Feature","properties":{"nom":"Kenneth Kuiper","designation":"Kenneth Kuiper (101995) 100 % (responsable)","statut":"actif","lomiko":false,"centre":[-74.67833,46.395]},"geometry":{"type":"Polygon","coordinates":[[[-74.675,46.391667],[-74.683333,46.391667],[-74.683333,46.4],[-74.675,46.4],[-74.675,46.391667]]]}},{"type":"Feature","properties":{"nom":"Kenneth Kuiper","designation":"Kenneth Kuiper (101995) 100 % (responsable)","statut":"actif","lomiko":false,"centre":[-76.02299,46.04397]},"geometry":{"type":"Polygon","coordinates":[[[-76.058333,46.05],[-76.058333,46.058333],[-76.05,46.058333],[-76.05,46.05],[-76.041667,46.05],[-76.033333,46.05],[-76.025,46.05],[-76.025,46.058333],[-76.016667,46.058333],[-76.016667,46.05],[-76.016667,46.041667],[-76.008333,46.041667],[-76.0,46.041667],[-76.0,46.041667],[-75.991667,46.041667],[-75.983333,46.041667],[-75.983333,46.033333],[-75.991667,46.033333],[-76.0,46.033333],[-76.0,46.033333],[-76.008333,46.033333],[-76.016667,46.033333],[-76.025,46.033333],[-76.025,46.041667],[-76.033333,46.041667],[-76.041667,46.041667],[-76.05,46.041667],[-76.058333,46.041667],[-76.058333,46.05]]]}},{"type":"Feature","properties":{"nom":"Kenneth Kuiper","designation":"Kenneth Kuiper (101995) 100 % (responsable)","statut":"actif","lomiko":false,"centre":[-75.995,45.97]},"geometry":{"type":"Polygon","coordinates":[[[-75.991667,45.966667],[-76.0,45.966667],[-76.0,45.975],[-75.991667,45.975],[-75.991667,45.966667]]]}},{"type":"Feature","properties":{"nom":"Kenneth Kuiper","designation":"Kenneth Kuiper (101995) 100 % (responsable)","statut":"actif","lomiko":false,"centre":[-74.65377,45.98966]},"geometry":{"type":"Polygon","coordinates":[[[-74.650534,45.983333],[-74.658333,45.983333],[-74.658333,45.991217],[-74.658184,45.991208],[-74.657678,45.991202],[-74.657172,45.991219],[-74.656668,45.991258],[-74.656471,45.99128],[-74.655978,45.99134],[-74.655675,45.991381],[-74.655193,45.991464],[-74.655011,45.991341],[-74.654645,45.991109],[-74.654249,45.990889],[-74.653833,45.990687],[-74.653398,45.990505],[-74.65303,45.990371],[-74.652975,45.990352],[-74.652893,45.990325],[-74.652428,45.990183],[-74.651952,45.990064],[-74.651465,45.989966],[-74.650969,45.989891],[-74.650666,45.989856],[-74.650601,45.98985],[-74.650404,45.989832],[-74.65,45.989808],[-74.65,45.983608],[-74.650534,45.983333]]]}},{"type":"Feature","properties":{"nom":"Kenneth Kuiper","designation":"Kenneth Kuiper (101995) 100 % (responsable)","statut":"actif","lomiko":false,"centre":[-74.7124,45.89639]},"geometry":{"type":"Polygon","coordinates":[[[-74.714283,45.891667],[-74.716667,45.891667],[-74.716667,45.9],[-74.709499,45.9],[-74.708333,45.899837],[-74.708333,45.897995],[-74.708334,45.897995],[-74.710336,45.898276],[-74.713842,45.898612],[-74.713999,45.89594],[-74.7142,45.893078],[-74.714283,45.891667]]]}},{"type":"Feature","properties":{"nom":"François Goulet-Lessard","designation":"François Goulet-Lessard (93652) 100 % (responsable)","statut":"actif","lomiko":false,"centre":[-74.445,46.22]},"geometry":{"type":"Polygon","coordinates":[[[-74.441667,46.216667],[-74.45,46.216667],[-74.45,46.225],[-74.441667,46.225],[-74.441667,46.216667]]]}},{"type":"Feature","properties":{"nom":"9413-6504 Quebec Inc.","designation":"9413-6504 Quebec Inc. (101713) 100 % (responsable)","statut":"actif","lomiko":false,"centre":[-74.47971,46.05688]},"geometry":{"type":"Polygon","coordinates":[[[-74.5,46.058333],[-74.5,46.066667],[-74.491667,46.066667],[-74.485748,46.066667],[-74.485523,46.066454],[-74.485196,46.066184],[-74.484845,46.065929],[-74.484836,46.065923],[-74.484797,46.065896],[-74.484431,46.065664],[-74.484035,46.065443],[-74.483618,46.065241],[-74.483334,46.065121],[-74.483184,46.065058],[-74.482816,46.064923],[-74.482591,46.064846],[-74.482509,46.064819],[-74.482044,46.064677],[-74.481567,46.064556],[-74.481276,46.064495],[-74.481243,46.064488],[-74.481142,46.06446],[-74.480664,46.064339],[-74.480177,46.064241],[-74.479681,46.064165],[-74.479546,46.064148],[-74.479328,46.064014],[-74.478932,46.063793],[-74.478597,46.063628],[-74.478561,46.063611],[-74.478557,46.063608],[-74.477988,46.063223],[-74.477623,46.062991],[-74.477226,46.06277],[-74.47681,46.062568],[-74.476376,46.062385],[-74.476008,46.06225],[-74.475921,46.062221],[-74.475839,46.062193],[-74.475374,46.062051],[-74.475,46.061957],[-74.475,46.058333],[-74.475,46.052991],[-74.475375,46.052878],[-74.477083,46.052367],[-74.477082,46.052366],[-74.477087,46.052365],[-74.476995,46.052288],[-74.476864,46.052173],[-74.476771,46.052047],[-74.476705,46.051913],[-74.47669,46.051823],[-74.476638,46.051733],[-74.47656,46.051698],[-74.476481,46.05169],[-74.476378,46.051646],[-74.476131,46.051558],[-74.476053,46.051505],[-74.476037,46.051424],[-74.476023,46.051352],[-74.475995,46.051271],[-74.47602,46.05119],[-74.476045,46.051127],[-74.476071,46.05109],[-74.476071,46.051055],[-74.476031,46.05101],[-74.475927,46.050984],[-74.475835,46.05093],[-74.475769,46.050859],[-74.475613,46.050744],[-74.475469,46.050709],[-74.475418,46.050718],[-74.475353,46.050718],[-74.475185,46.050684],[-74.475132,46.050648],[-74.475132,46.050603],[-74.475131,46.050568],[-74.47513,46.050531],[-74.475091,46.050505],[-74.475039,46.050505],[-74.475,46.050502],[-74.475,46.05],[-74.480719,46.05],[-74.480782,46.05006],[-74.480992,46.050194],[-74.481108,46.050246],[-74.481239,46.050281],[-74.481405,46.050235],[-74.481494,46.05017],[-74.481544,46.05009],[-74.48161,46.05],[-74.483334,46.05],[-74.491667,46.05],[-74.5,46.05],[-74.5,46.058333]]]}},{"type":"Feature","properties":{"nom":"Pasquale Manno","designation":"Pasquale Manno (101631) 100 % (responsable)","statut":"actif","lomiko":false,"centre":[-74.7223,46.22935]},"geometry":{"type":"Polygon","coordinates":[[[-74.741667,46.233333],[-74.741667,46.241667],[-74.733334,46.241667],[-74.725,46.241667],[-74.724027,46.241667],[-74.723864,46.24102],[-74.723862,46.24101],[-74.723845,46.240823],[-74.723787,46.240472],[-74.723754,46.24033],[-74.723623,46.239809],[-74.723565,46.239604],[-74.723442,46.239261],[-74.723322,46.238994],[-74.723309,46.238969],[-74.723254,46.238857],[-74.723068,46.238529],[-74.72285,46.238209],[-74.722799,46.23814],[-74.722656,46.237954],[-74.722461,46.237714],[-74.722186,46.237417],[-74.721883,46.237133],[-74.721554,46.236864],[-74.7212,46.23661],[-74.721191,46.236604],[-74.721152,46.236577],[-74.720784,46.236346],[-74.720386,46.236126],[-74.719968,46.235925],[-74.719531,46.235743],[-74.719161,46.235609],[-74.719106,46.23559],[-74.719023,46.235562],[-74.718556,46.235422],[-74.718077,46.235302],[-74.717588,46.235205],[-74.717091,46.23513],[-74.716785,46.235096],[-74.716667,46.235084],[-74.716667,46.233333],[-74.716667,46.230909],[-74.716797,46.230895],[-74.716861,46.230887],[-74.717165,46.230846],[-74.717659,46.230761],[-74.718144,46.230653],[-74.718617,46.230524],[-74.719077,46.230373],[-74.719159,46.230344],[-74.719213,46.230324],[-74.719577,46.230182],[-74.720005,46.22999],[-74.720414,46.22978],[-74.720803,46.229552],[-74.72116,46.229313],[-74.721198,46.229286],[-74.721207,46.229279],[-74.721549,46.229018],[-74.721866,46.228742],[-74.722156,46.228451],[-74.722418,46.228148],[-74.722602,46.227904],[-74.722624,46.227873],[-74.722673,46.227803],[-74.722876,46.227479],[-74.723048,46.227147],[-74.723188,46.226807],[-74.723296,46.226462],[-74.723331,46.226318],[-74.723334,46.22631],[-74.723399,46.226142],[-74.723507,46.225797],[-74.723556,46.22559],[-74.723614,46.225306],[-74.723641,46.225163],[-74.72366,46.225],[-74.723683,46.224811],[-74.723692,46.224458],[-74.723667,46.224105],[-74.72361,46.223754],[-74.723577,46.223612],[-74.723569,46.223581],[-74.723511,46.223376],[-74.723388,46.223033],[-74.723233,46.222697],[-74.723046,46.222368],[-74.722829,46.222049],[-74.722778,46.22198],[-74.722643,46.221803],[-74.722447,46.221563],[-74.722172,46.221266],[-74.721869,46.220982],[-74.72154,46.220713],[-74.721187,46.220459],[-74.721178,46.220453],[-74.720881,46.220253],[-74.720513,46.220022],[-74.720115,46.219802],[-74.719697,46.219601],[-74.719261,46.219419],[-74.718891,46.219285],[-74.718699,46.21922],[-74.718617,46.219192],[-74.71815,46.219052],[-74.717671,46.218932],[-74.717182,46.218835],[-74.716685,46.21876],[-74.716667,46.218758],[-74.716667,46.216667],[-74.725,46.216667],[-74.733334,46.216667],[-74.741667,46.216667],[-74.741667,46.225],[-74.741667,46.233333]]]}},{"type":"Feature","properties":{"nom":"Cannon Bridge Capital Corp","designation":"Cannon Bridge Capital Corp (101723) 100 % (responsable)","statut":"actif","lomiko":false,"centre":[-74.66467,45.65981]},"geometry":{"type":"Polygon","coordinates":[[[-74.666667,45.666667],[-74.666667,45.675],[-74.658333,45.675],[-74.658333,45.666667],[-74.65,45.666667],[-74.65,45.658333],[-74.658333,45.658333],[-74.658333,45.65],[-74.666667,45.65],[-74.666667,45.650523],[-74.666406,45.651428],[-74.666667,45.651463],[-74.674595,45.652513],[-74.675,45.652575],[-74.675,45.658333],[-74.675,45.666667],[-74.666667,45.666667]]]}},{"type":"Feature","properties":{"nom":"Cannon Bridge Capital Corp","designation":"Cannon Bridge Capital Corp (101723) 100 % (responsable)","statut":"actif","lomiko":false,"centre":[-74.64667,45.655]},"geometry":{"type":"Polygon","coordinates":[[[-74.65,45.658333],[-74.641667,45.658333],[-74.641667,45.65],[-74.65,45.65],[-74.65,45.658333]]]}},{"type":"Feature","properties":{"nom":"3ex.resources Corp","designation":"3ex.resources Corp (101787) 100 % (responsable)","statut":"actif","lomiko":false,"centre":[-74.41817,46.05751]},"geometry":{"type":"Polygon","coordinates":[[[-74.418808,46.056607],[-74.418658,46.056847],[-74.418485,46.057179],[-74.418343,46.057518],[-74.418234,46.057863],[-74.418184,46.058069],[-74.418178,46.058099],[-74.41815,46.058242],[-74.418139,46.058333],[-74.41788,46.058333],[-74.417883,46.058317],[-74.417927,46.057965],[-74.417937,46.057612],[-74.417915,46.057259],[-74.417859,46.056908],[-74.417827,46.056765],[-74.417817,46.056724],[-74.418808,46.056607]]]}},{"type":"Feature","properties":{"nom":"9235-4596 Québec inc.","designation":"9235-4596 Québec inc. (89085) 100 % (responsable)","statut":"actif","lomiko":false,"centre":[-74.70709,46.51773]},"geometry":{"type":"Polygon","coordinates":[[[-74.75,46.541667],[-74.75,46.55],[-74.741667,46.55],[-74.733333,46.55],[-74.725,46.55],[-74.725,46.541667],[-74.716667,46.541667],[-74.708333,46.541667],[-74.7,46.541667],[-74.691667,46.541667],[-74.691667,46.55],[-74.683333,46.55],[-74.675,46.55],[-74.675,46.541667],[-74.666667,46.541667],[-74.666667,46.533333],[-74.666667,46.525],[-74.666667,46.516667],[-74.675,46.516667],[-74.675,46.508333],[-74.675,46.5],[-74.675,46.491667],[-74.675,46.483333],[-74.675,46.475],[-74.683333,46.475],[-74.691667,46.475],[-74.691667,46.466667],[-74.7,46.466667],[-74.708333,46.466667],[-74.716667,46.466667],[-74.716667,46.475],[-74.716667,46.483333],[-74.716667,46.491667],[-74.708333,46.491667],[-74.708333,46.5],[-74.708333,46.508333],[-74.716667,46.508333],[-74.716667,46.516667],[-74.716667,46.525],[-74.716667,46.533333],[-74.725,46.533333],[-74.733333,46.533333],[-74.741667,46.533333],[-74.75,46.533333],[-74.758333,46.533333],[-74.758333,46.541667],[-74.75,46.541667]]]}},{"type":"Feature","properties":{"nom":"Olivier Laroche","designation":"Olivier Laroche (102027) 100 % (responsable)","statut":"actif","lomiko":false,"centre":[-74.83667,45.95333]},"geometry":{"type":"Polygon","coordinates":[[[-74.833333,45.95],[-74.841667,45.95],[-74.841667,45.958333],[-74.833333,45.958333],[-74.833333,45.95]]]}},{"type":"Feature","properties":{"nom":"Paul Lynes","designation":"Paul Lynes (102448) 100 % (responsable)","statut":"actif","lomiko":false,"centre":[-74.995,45.93667]},"geometry":{"type":"Polygon","coordinates":[[[-74.991667,45.933333],[-75.0,45.933333],[-75.0,45.941667],[-74.991667,45.941667],[-74.991667,45.933333]]]}},{"type":"Feature","properties":{"nom":"ROBERT ROSENBLAT","designation":"ROBERT ROSENBLAT (18954) 100 % (responsable)","statut":"actif","lomiko":false,"centre":[-75.42255,45.68186]},"geometry":{"type":"Polygon","coordinates":[[[-75.416667,45.691667],[-75.416667,45.7],[-75.408333,45.7],[-75.408333,45.691667],[-75.408333,45.683333],[-75.408333,45.675],[-75.416667,45.675],[-75.425,45.675],[-75.425,45.666667],[-75.433333,45.666667],[-75.441667,45.666667],[-75.441667,45.675],[-75.441667,45.683333],[-75.433333,45.683333],[-75.425,45.683333],[-75.416667,45.683333],[-75.416667,45.691667]]]}},{"type":"Feature","properties":{"nom":"ROBERT ROSENBLAT","designation":"ROBERT ROSENBLAT (18954) 100 % (responsable)","statut":"actif","lomiko":false,"centre":[-75.46574,45.68426]},"geometry":{"type":"Polygon","coordinates":[[[-75.466667,45.683333],[-75.475,45.683333],[-75.475,45.691667],[-75.466667,45.691667],[-75.458333,45.691667],[-75.458333,45.683333],[-75.458333,45.675],[-75.466667,45.675],[-75.466667,45.683333]]]}},{"type":"Feature","properties":{"nom":"ROBERT ROSENBLAT","designation":"ROBERT ROSENBLAT (18954) 100 % (responsable)","statut":"actif","lomiko":false,"centre":[-75.33247,45.65546]},"geometry":{"type":"Polygon","coordinates":[[[-75.333333,45.683333],[-75.333333,45.691667],[-75.325,45.691667],[-75.325,45.683333],[-75.325,45.675],[-75.325,45.666667],[-75.325,45.658333],[-75.333333,45.658333],[-75.333333,45.65],[-75.333333,45.641667],[-75.325,45.641667],[-75.316667,45.641667],[-75.308333,45.641667],[-75.308333,45.633333],[-75.316667,45.633333],[-75.316667,45.625],[-75.325,45.625],[-75.333333,45.625],[-75.333333,45.633333],[-75.341667,45.633333],[-75.35,45.633333],[-75.35,45.641667],[-75.35,45.65],[-75.35,45.658333],[-75.35,45.666667],[-75.35,45.675],[-75.35,45.683333],[-75.341667,45.683333],[-75.333333,45.683333]]]}},{"type":"Feature","properties":{"nom":"ROBERT ROSENBLAT","designation":"ROBERT ROSENBLAT (18954) 100 % (responsable)","statut":"actif","lomiko":false,"centre":[-75.53258,45.66288]},"geometry":{"type":"Polygon","coordinates":[[[-75.525,45.666667],[-75.516667,45.666667],[-75.516667,45.658333],[-75.525,45.658333],[-75.533333,45.658333],[-75.541667,45.658333],[-75.55,45.658333],[-75.55,45.666667],[-75.541667,45.666667],[-75.533333,45.666667],[-75.525,45.666667]]]}},{"type":"Feature","properties":{"nom":"ROBERT ROSENBLAT","designation":"ROBERT ROSENBLAT (18954) 100 % (responsable)","statut":"actif","lomiko":false,"centre":[-75.29335,45.66417]},"geometry":{"type":"Polygon","coordinates":[[[-75.308333,45.675],[-75.308333,45.683333],[-75.3,45.683333],[-75.3,45.675],[-75.3,45.674218],[-75.299942,45.674251],[-75.299812,45.674294],[-75.299671,45.67432],[-75.299568,45.67431],[-75.299518,45.674246],[-75.299429,45.674227],[-75.2993,45.674244],[-75.29921,45.674234],[-75.29907,45.674187],[-75.298994,45.674142],[-75.298739,45.674049],[-75.298599,45.673994],[-75.298382,45.673955],[-75.298113,45.673925],[-75.297884,45.673833],[-75.297793,45.673868],[-75.297665,45.673876],[-75.297447,45.673855],[-75.297179,45.673772],[-75.296887,45.673661],[-75.296658,45.673559],[-75.296364,45.673466],[-75.296224,45.67344],[-75.296211,45.673438],[-75.296059,45.673355],[-75.296009,45.673291],[-75.295972,45.673192],[-75.295949,45.673093],[-75.295953,45.672904],[-75.29597,45.672715],[-75.295987,45.672517],[-75.296006,45.672239],[-75.295935,45.671959],[-75.295886,45.67185],[-75.295798,45.671751],[-75.295633,45.671677],[-75.29539,45.67162],[-75.295172,45.6716],[-75.29489,45.671606],[-75.294646,45.671594],[-75.294415,45.671583],[-75.294159,45.671562],[-75.293929,45.671524],[-75.293712,45.671477],[-75.293392,45.671446],[-75.293008,45.671397],[-75.292802,45.671395],[-75.2927,45.671394],[-75.292506,45.671464],[-75.292261,45.671497],[-75.29185,45.671529],[-75.291667,45.671523],[-75.291667,45.666667],[-75.28807,45.666667],[-75.287935,45.666585],[-75.287827,45.666522],[-75.287717,45.666462],[-75.287605,45.666403],[-75.287491,45.666346],[-75.287376,45.66629],[-75.287259,45.666237],[-75.28714,45.666185],[-75.287019,45.666135],[-75.2869,45.666088],[-75.28678,45.666043],[-75.286658,45.665999],[-75.286535,45.665957],[-75.286306,45.665882],[-75.286175,45.665841],[-75.286044,45.665801],[-75.285911,45.665764],[-75.285777,45.665728],[-75.285645,45.665696],[-75.285512,45.665665],[-75.285378,45.665637],[-75.285243,45.66561],[-75.285107,45.665586],[-75.284971,45.665564],[-75.284834,45.665543],[-75.284696,45.665525],[-75.284547,45.665508],[-75.284396,45.665493],[-75.284245,45.665481],[-75.284094,45.665471],[-75.28394,45.665463],[-75.283765,45.665455],[-75.283724,45.665447],[-75.283679,45.665438],[-75.283583,45.665415],[-75.283448,45.665384],[-75.283333,45.665359],[-75.283333,45.658333],[-75.283333,45.653084],[-75.283844,45.653016],[-75.284139,45.652983],[-75.285799,45.652784],[-75.286391,45.652701],[-75.28715,45.652583],[-75.28773,45.652481],[-75.288954,45.65226],[-75.289546,45.652158],[-75.289803,45.652125],[-75.290512,45.651989],[-75.290602,45.651981],[-75.291207,45.651897],[-75.291438,45.651872],[-75.291667,45.651852],[-75.292145,45.651808],[-75.292442,45.651757],[-75.292789,45.651725],[-75.294423,45.651508],[-75.294693,45.651475],[-75.29486,45.651477],[-75.295001,45.651469],[-75.295091,45.65147],[-75.295231,45.651508],[-75.295282,45.651535],[-75.29532,45.651562],[-75.29556,45.651745],[-75.295813,45.65191],[-75.29613,45.652057],[-75.296181,45.652075],[-75.296437,45.652123],[-75.297078,45.652139],[-75.297333,45.652205],[-75.297548,45.652369],[-75.29771,45.652586],[-75.297874,45.652705],[-75.29819,45.652924],[-75.298329,45.653052],[-75.29876,45.653866],[-75.298962,45.654057],[-75.299101,45.65414],[-75.299394,45.654233],[-75.299764,45.654318],[-75.3,45.654348],[-75.3,45.65],[-75.3,45.641667],[-75.308333,45.641667],[-75.308333,45.65],[-75.308333,45.658333],[-75.308333,45.666667],[-75.308333,45.675]]]}},{"type":"Feature","properties":{"nom":"ROBERT ROSENBLAT","designation":"ROBERT ROSENBLAT (18954) 100 % (responsable)","statut":"actif","lomiko":false,"centre":[-75.52667,45.59611]},"geometry":{"type":"Polygon","coordinates":[[[-75.55,45.6],[-75.541667,45.6],[-75.533333,45.6],[-75.525,45.6],[-75.516667,45.6],[-75.508333,45.6],[-75.5,45.6],[-75.5,45.591667],[-75.508333,45.591667],[-75.516667,45.591667],[-75.525,45.591667],[-75.533333,45.591667],[-75.541667,45.591667],[-75.55,45.591667],[-75.55,45.6]]]}},{"type":"Feature","properties":{"nom":"ROBERT ROSENBLAT","designation":"ROBERT ROSENBLAT (18954) 100 % (responsable)","statut":"actif","lomiko":false,"centre":[-75.55769,45.61859]},"geometry":{"type":"Polygon","coordinates":[[[-75.566667,45.625],[-75.566667,45.633333],[-75.558333,45.633333],[-75.55,45.633333],[-75.55,45.625],[-75.55,45.616667],[-75.55,45.608333],[-75.55,45.6],[-75.558333,45.6],[-75.558333,45.608333],[-75.558333,45.616667],[-75.566667,45.616667],[-75.566667,45.625]]]}},{"type":"Feature","properties":{"nom":"ROBERT ROSENBLAT","designation":"ROBERT ROSENBLAT (18954) 100 % (responsable)","statut":"actif","lomiko":false,"centre":[-75.51856,45.62039]},"geometry":{"type":"Polygon","coordinates":[[[-75.516667,45.625],[-75.512666,45.625],[-75.512051,45.619825],[-75.512293,45.619785],[-75.512776,45.619686],[-75.513249,45.619566],[-75.513711,45.619424],[-75.514157,45.619261],[-75.514588,45.619079],[-75.515001,45.618876],[-75.515394,45.618656],[-75.515766,45.618417],[-75.516114,45.618162],[-75.516438,45.617892],[-75.516667,45.617674],[-75.516702,45.617641],[-75.516737,45.617608],[-75.517008,45.61731],[-75.51725,45.617],[-75.517464,45.61668],[-75.517471,45.616667],[-75.522952,45.616667],[-75.523397,45.62097],[-75.523431,45.621218],[-75.523507,45.621567],[-75.523615,45.621912],[-75.523756,45.622251],[-75.523927,45.622583],[-75.524129,45.622907],[-75.524361,45.623221],[-75.524622,45.623523],[-75.52491,45.623812],[-75.525,45.623891],[-75.525,45.625],[-75.516667,45.625]]]}},{"type":"Feature","properties":{"nom":"Graphano Energy ltd.","designation":"Graphano Energy ltd. (102514) 100 % (responsable)","statut":"actif","lomiko":false,"centre":[-75.08837,46.59689]},"geometry":{"type":"Polygon","coordinates":[[[-75.091667,46.599317],[-75.090566,46.6],[-75.083333,46.6],[-75.083333,46.598077],[-75.083528,46.598041],[-75.083686,46.59798],[-75.084104,46.597985],[-75.084351,46.598024],[-75.085113,46.598313],[-75.085438,46.598398],[-75.085698,46.598419],[-75.085987,46.59836],[-75.086385,46.598086],[-75.086518,46.598015],[-75.086714,46.597991],[-75.086819,46.597992],[-75.087618,46.597381],[-75.086687,46.595534],[-75.086545,46.595443],[-75.086115,46.594942],[-75.085975,46.594806],[-75.084983,46.594299],[-75.084817,46.594153],[-75.084695,46.593836],[-75.084468,46.593528],[-75.083995,46.593153],[-75.083609,46.592923],[-75.083333,46.592796],[-75.083333,46.591667],[-75.091667,46.591667],[-75.1,46.591667],[-75.1,46.6],[-75.099394,46.6],[-75.097866,46.599394],[-75.097056,46.598877],[-75.096404,46.598817],[-75.096115,46.598702],[-75.093407,46.598541],[-75.0917,46.599296],[-75.091667,46.599317]]]}},{"type":"Feature","properties":{"nom":"Graphano Energy ltd.","designation":"Graphano Energy ltd. (102514) 100 % (responsable)","statut":"actif","lomiko":false,"centre":[-75.07018,46.54525]},"geometry":{"type":"Polygon","coordinates":[[[-75.066667,46.541667],[-75.070814,46.541667],[-75.070768,46.541732],[-75.070768,46.541732],[-75.070754,46.541733],[-75.070752,46.541733],[-75.07069,46.541732],[-75.070584,46.541812],[-75.070547,46.541818],[-75.070542,46.541819],[-75.070516,46.541823],[-75.070441,46.541834],[-75.070435,46.541847],[-75.070398,46.541935],[-75.07042,46.542069],[-75.07042,46.54207],[-75.070417,46.542077],[-75.070414,46.542083],[-75.070352,46.542196],[-75.070362,46.542304],[-75.070468,46.54241],[-75.070765,46.542709],[-75.070769,46.542714],[-75.070777,46.542885],[-75.07072,46.542941],[-75.070718,46.542943],[-75.070696,46.542962],[-75.070698,46.542964],[-75.070698,46.542964],[-75.070697,46.542965],[-75.070787,46.543042],[-75.070793,46.543047],[-75.070822,46.543073],[-75.070823,46.543073],[-75.070823,46.543073],[-75.070824,46.543074],[-75.070866,46.543075],[-75.070869,46.543075],[-75.070896,46.543076],[-75.07099,46.54308],[-75.071073,46.543176],[-75.071074,46.543177],[-75.071145,46.543267],[-75.071353,46.543306],[-75.071367,46.543685],[-75.07137,46.543755],[-75.071397,46.544524],[-75.071397,46.544524],[-75.071383,46.544614],[-75.071386,46.54466],[-75.071387,46.544667],[-75.071392,46.544782],[-75.071398,46.544795],[-75.071399,46.544797],[-75.071411,46.544836],[-75.071417,46.545092],[-75.071417,46.545092],[-75.071669,46.545409],[-75.071728,46.545483],[-75.071729,46.545485],[-75.071802,46.545579],[-75.071805,46.54558],[-75.071805,46.54558],[-75.071806,46.545581],[-75.071806,46.545581],[-75.072018,46.545657],[-75.072018,46.545657],[-75.072328,46.545682],[-75.07249,46.545695],[-75.072568,46.545838],[-75.072639,46.545967],[-75.072635,46.545959],[-75.072618,46.545931],[-75.072612,46.54592],[-75.072612,46.54592],[-75.07255,46.54596],[-75.072332,46.546002],[-75.072254,46.546018],[-75.072217,46.546025],[-75.072034,46.546061],[-75.071867,46.546293],[-75.071861,46.5464],[-75.072125,46.547468],[-75.072205,46.547607],[-75.072298,46.547698],[-75.072378,46.547774],[-75.072608,46.547812],[-75.072733,46.547833],[-75.072733,46.547833],[-75.072709,46.547985],[-75.072733,46.548264],[-75.072798,46.548407],[-75.072813,46.548547],[-75.072822,46.548626],[-75.072899,46.548773],[-75.073068,46.548942],[-75.073119,46.548993],[-75.073473,46.54943],[-75.073422,46.549499],[-75.073323,46.54963],[-75.072955,46.549968],[-75.072936,46.55],[-75.066832,46.55],[-75.06685,46.549965],[-75.066894,46.549855],[-75.066928,46.549743],[-75.066952,46.54963],[-75.066954,46.54962],[-75.066966,46.549517],[-75.066969,46.549458],[-75.066983,46.548873],[-75.066993,46.548493],[-75.067002,46.548117],[-75.067012,46.547738],[-75.067021,46.547385],[-75.067021,46.547347],[-75.067021,46.547329],[-75.067013,46.547215],[-75.066995,46.547101],[-75.066967,46.546989],[-75.066928,46.546878],[-75.066871,46.546764],[-75.066898,46.546661],[-75.067015,46.546183],[-75.06704,46.546081],[-75.067092,46.545865],[-75.067112,46.54577],[-75.067125,46.545656],[-75.067128,46.545542],[-75.067121,46.545428],[-75.067103,46.545315],[-75.067072,46.545194],[-75.067009,46.544995],[-75.06688,46.544583],[-75.066764,46.544213],[-75.066695,46.543992],[-75.066707,46.543935],[-75.06672,46.543821],[-75.066723,46.543707],[-75.066716,46.543593],[-75.066698,46.543479],[-75.066669,46.543367],[-75.066667,46.543359],[-75.066667,46.541667]]]}},{"type":"Feature","properties":{"nom":"Graphano Energy ltd.","designation":"Graphano Energy ltd. (102514) 100 % (responsable)","statut":"actif","lomiko":false,"centre":[-75.07975,46.53838]},"geometry":{"type":"Polygon","coordinates":[[[-75.079168,46.533333],[-75.083333,46.533333],[-75.083333,46.541667],[-75.076596,46.541667],[-75.076593,46.541645],[-75.076581,46.541531],[-75.076576,46.541527],[-75.076576,46.541526],[-75.076524,46.541489],[-75.076509,46.541479],[-75.076441,46.541429],[-75.076441,46.541409],[-75.076443,46.541266],[-75.076439,46.541264],[-75.076439,46.541264],[-75.076431,46.541259],[-75.076286,46.54117],[-75.076291,46.541111],[-75.076291,46.541109],[-75.076299,46.541054],[-75.076309,46.540985],[-75.076309,46.540985],[-75.076233,46.540902],[-75.076211,46.540878],[-75.076151,46.54081],[-75.076037,46.54071],[-75.075991,46.540727],[-75.075852,46.54078],[-75.07567,46.540777],[-75.075606,46.540802],[-75.075599,46.540805],[-75.075511,46.540835],[-75.075397,46.540851],[-75.075397,46.540851],[-75.075398,46.540854],[-75.075394,46.540855],[-75.075461,46.540995],[-75.075464,46.541001],[-75.075466,46.541005],[-75.075466,46.54105],[-75.075466,46.541081],[-75.075464,46.541189],[-75.075387,46.541196],[-75.075384,46.541196],[-75.075289,46.541202],[-75.075093,46.541176],[-75.075066,46.541172],[-75.075027,46.541152],[-75.075008,46.541138],[-75.075038,46.541004],[-75.075,46.540964],[-75.075,46.540884],[-75.075,46.540804],[-75.075034,46.540767],[-75.075117,46.540664],[-75.075145,46.540629],[-75.075221,46.540593],[-75.075225,46.540592],[-75.07531,46.540557],[-75.075434,46.540435],[-75.075527,46.540346],[-75.075611,46.540252],[-75.075647,46.540212],[-75.075669,46.540176],[-75.075675,46.540166],[-75.075727,46.540085],[-75.075846,46.539937],[-75.075848,46.539934],[-75.075848,46.539934],[-75.07585,46.539932],[-75.075845,46.539804],[-75.0759,46.539616],[-75.075906,46.539606],[-75.075956,46.539533],[-75.075956,46.539533],[-75.0761,46.539536],[-75.0761,46.539536],[-75.076312,46.539492],[-75.076313,46.539491],[-75.076316,46.53949],[-75.07633,46.539433],[-75.076349,46.539366],[-75.076426,46.539391],[-75.076437,46.539395],[-75.076509,46.539421],[-75.076592,46.539426],[-75.076739,46.539435],[-75.076841,46.539413],[-75.076936,46.539393],[-75.077169,46.539514],[-75.077283,46.539571],[-75.077444,46.539651],[-75.077444,46.539651],[-75.077767,46.539761],[-75.078095,46.539774],[-75.078339,46.539913],[-75.078367,46.540096],[-75.078383,46.540206],[-75.078398,46.540309],[-75.078424,46.540508],[-75.078575,46.540619],[-75.078744,46.540793],[-75.078749,46.540799],[-75.078822,46.54088],[-75.078898,46.54098],[-75.078899,46.54098],[-75.078903,46.540981],[-75.079066,46.541021],[-75.079166,46.541065],[-75.079173,46.541069],[-75.07926,46.54111],[-75.079266,46.54111],[-75.079388,46.541108],[-75.079399,46.541108],[-75.079452,46.541107],[-75.079569,46.541105],[-75.079876,46.541158],[-75.080086,46.541191],[-75.080118,46.541196],[-75.080118,46.541196],[-75.080173,46.541191],[-75.080264,46.541183],[-75.080453,46.541166],[-75.080813,46.541188],[-75.080918,46.541195],[-75.081047,46.541195],[-75.081215,46.541196],[-75.081554,46.541145],[-75.081685,46.541075],[-75.081721,46.541055],[-75.081754,46.541034],[-75.08192,46.540926],[-75.081963,46.540744],[-75.081983,46.540658],[-75.081984,46.540654],[-75.081984,46.540654],[-75.081945,46.540603],[-75.081924,46.540577],[-75.081867,46.540504],[-75.081855,46.540503],[-75.081713,46.540499],[-75.081713,46.540499],[-75.081649,46.54048],[-75.081426,46.540412],[-75.081351,46.54039],[-75.081336,46.540355],[-75.081281,46.540227],[-75.081302,46.540184],[-75.081321,46.540146],[-75.081341,46.540106],[-75.081513,46.54005],[-75.081513,46.54005],[-75.081455,46.539967],[-75.081441,46.539948],[-75.081319,46.539831],[-75.081213,46.539786],[-75.081197,46.539779],[-75.081108,46.53974],[-75.081099,46.539751],[-75.081036,46.539831],[-75.081034,46.539834],[-75.081078,46.539974],[-75.081117,46.540101],[-75.081117,46.540101],[-75.081071,46.540197],[-75.081057,46.540226],[-75.081039,46.540264],[-75.081039,46.540264],[-75.08096,46.540275],[-75.080881,46.540286],[-75.080824,46.540294],[-75.080822,46.540292],[-75.080748,46.540239],[-75.080556,46.5401],[-75.080607,46.540026],[-75.080644,46.539971],[-75.080694,46.539899],[-75.080675,46.539823],[-75.080657,46.539751],[-75.08069,46.539686],[-75.080708,46.53965],[-75.080715,46.539636],[-75.080855,46.53941],[-75.081236,46.539408],[-75.081265,46.539408],[-75.08135,46.539314],[-75.08137,46.539296],[-75.081521,46.539158],[-75.081521,46.539158],[-75.0815,46.539091],[-75.081473,46.539003],[-75.081305,46.538822],[-75.081239,46.538749],[-75.081242,46.538744],[-75.081318,46.538616],[-75.081483,46.538567],[-75.081622,46.538525],[-75.081643,46.538519],[-75.081645,46.538522],[-75.081709,46.538605],[-75.081756,46.538665],[-75.08176,46.538665],[-75.081867,46.538674],[-75.081885,46.538675],[-75.081931,46.538679],[-75.081931,46.538679],[-75.081983,46.538671],[-75.082176,46.538642],[-75.082177,46.538642],[-75.08216,46.538626],[-75.082159,46.538625],[-75.081983,46.538457],[-75.082067,46.53833],[-75.082066,46.53833],[-75.081995,46.538335],[-75.081941,46.538338],[-75.08183,46.538345],[-75.081729,46.5383],[-75.081654,46.538268],[-75.081653,46.538267],[-75.081632,46.538157],[-75.081625,46.538114],[-75.08161,46.538033],[-75.081573,46.537963],[-75.081559,46.537936],[-75.081558,46.537934],[-75.081581,46.537822],[-75.081601,46.537726],[-75.0817,46.537554],[-75.081734,46.537494],[-75.08172,46.537301],[-75.081719,46.537285],[-75.081719,46.537285],[-75.081647,46.537262],[-75.081596,46.537246],[-75.081559,46.537233],[-75.081547,46.537196],[-75.081524,46.537119],[-75.081524,46.537119],[-75.081529,46.537118],[-75.08201,46.537009],[-75.082115,46.536975],[-75.082323,46.536907],[-75.082323,46.536907],[-75.082323,46.536907],[-75.082649,46.536883],[-75.082694,46.53688],[-75.083049,46.53667],[-75.083051,46.536668],[-75.083052,46.536667],[-75.083242,46.536509],[-75.083268,46.536488],[-75.083252,46.536461],[-75.083224,46.536409],[-75.083209,46.536381],[-75.083136,46.536247],[-75.083166,46.536166],[-75.083182,46.536125],[-75.083185,46.536119],[-75.083133,46.536031],[-75.08311,46.535991],[-75.083075,46.535931],[-75.083025,46.535844],[-75.082993,46.535715],[-75.082975,46.535642],[-75.08298,46.53556],[-75.08295,46.535504],[-75.082898,46.53541],[-75.082877,46.535298],[-75.082863,46.535222],[-75.082871,46.535111],[-75.082877,46.535036],[-75.08279,46.534913],[-75.082709,46.5348],[-75.08269,46.534773],[-75.082603,46.534648],[-75.08227,46.534563],[-75.08226,46.534518],[-75.082259,46.534514],[-75.082252,46.534483],[-75.082249,46.534482],[-75.082188,46.534449],[-75.082046,46.534375],[-75.08203,46.534366],[-75.08203,46.534366],[-75.081863,46.534402],[-75.081863,46.534402],[-75.081799,46.534372],[-75.081686,46.534319],[-75.081635,46.534261],[-75.081595,46.534214],[-75.081573,46.534189],[-75.081572,46.534188],[-75.081362,46.534397],[-75.081362,46.534398],[-75.081157,46.534336],[-75.081038,46.534589],[-75.081034,46.53459],[-75.080829,46.534614],[-75.080827,46.534615],[-75.080754,46.534676],[-75.080596,46.534808],[-75.080522,46.534851],[-75.08041,46.534917],[-75.080408,46.534918],[-75.080141,46.534988],[-75.079855,46.534916],[-75.079786,46.534897],[-75.079786,46.534897],[-75.079786,46.534892],[-75.079606,46.534843],[-75.07941,46.534721],[-75.07941,46.534721],[-75.079401,46.534715],[-75.079401,46.534715],[-75.079522,46.534519],[-75.079542,46.534506],[-75.079682,46.534413],[-75.07966,46.534322],[-75.079651,46.534272],[-75.079756,46.534137],[-75.079764,46.534039],[-75.079733,46.533979],[-75.079687,46.533884],[-75.079599,46.533794],[-75.079594,46.533789],[-75.079581,46.53373],[-75.079581,46.533728],[-75.079579,46.533721],[-75.079563,46.533631],[-75.07953,46.533594],[-75.079519,46.533581],[-75.079511,46.533573],[-75.079458,46.53351],[-75.079457,46.53351],[-75.079457,46.53351],[-75.079454,46.533506],[-75.07937,46.533494],[-75.079367,46.533493],[-75.07925,46.533471],[-75.079179,46.533406],[-75.079176,46.533403],[-75.079161,46.533389],[-75.079161,46.533388],[-75.079168,46.533333]]]}},{"type":"Feature","properties":{"nom":"Graphano Energy ltd.","designation":"Graphano Energy ltd. (102514) 100 % (responsable)","statut":"actif","lomiko":false,"centre":[-75.55744,46.3675]},"geometry":{"type":"Polygon","coordinates":[[[-75.6,46.375],[-75.6,46.383333],[-75.591667,46.383333],[-75.583333,46.383333],[-75.575,46.383333],[-75.575,46.375],[-75.575,46.366667],[-75.566667,46.366667],[-75.558333,46.366667],[-75.558333,46.375],[-75.556936,46.375],[-75.556945,46.374391],[-75.55695,46.374094],[-75.556954,46.373842],[-75.55696,46.373469],[-75.556963,46.373253],[-75.556976,46.372393],[-75.556982,46.371993],[-75.556986,46.371741],[-75.556554,46.371738],[-75.55565,46.371738],[-75.554477,46.371735],[-75.553331,46.371736],[-75.551775,46.371734],[-75.551148,46.371733],[-75.55,46.371732],[-75.549433,46.371732],[-75.547557,46.371759],[-75.547317,46.37176],[-75.546752,46.371763],[-75.546114,46.371762],[-75.544493,46.371756],[-75.543471,46.371752],[-75.542927,46.37175],[-75.541976,46.371744],[-75.541667,46.371743],[-75.541182,46.37174],[-75.540966,46.371741],[-75.538501,46.37173],[-75.536927,46.37172],[-75.535786,46.371716],[-75.534564,46.371717],[-75.533729,46.371721],[-75.533333,46.371721],[-75.532609,46.371722],[-75.531072,46.371724],[-75.529247,46.371728],[-75.52685,46.371717],[-75.523209,46.371693],[-75.519593,46.371674],[-75.514603,46.371687],[-75.514656,46.369334],[-75.51471,46.366975],[-75.514717,46.366667],[-75.516667,46.366667],[-75.525,46.366667],[-75.525,46.358333],[-75.533333,46.358333],[-75.533333,46.35],[-75.541667,46.35],[-75.541667,46.341667],[-75.55,46.341667],[-75.558333,46.341667],[-75.558333,46.35],[-75.558333,46.358333],[-75.566667,46.358333],[-75.566667,46.35],[-75.575,46.35],[-75.583333,46.35],[-75.591667,46.35],[-75.6,46.35],[-75.608333,46.35],[-75.608333,46.358333],[-75.616667,46.358333],[-75.625,46.358333],[-75.625,46.366667],[-75.625,46.375],[-75.616667,46.375],[-75.608333,46.375],[-75.6,46.375]]]}},{"type":"Feature","properties":{"nom":"Cedric Brazeau","designation":"Cedric Brazeau (94255) 50 % (responsable); Mélissa Rancourt (102501) 50 %","statut":"actif","lomiko":false,"centre":[-75.00333,45.92833]},"geometry":{"type":"Polygon","coordinates":[[[-75.0,45.925],[-75.008333,45.925],[-75.008333,45.933333],[-75.0,45.933333],[-75.0,45.925]]]}},{"type":"Feature","properties":{"nom":"Michel Gendron","designation":"Michel Gendron (1029) 100 % (responsable)","statut":"actif","lomiko":false,"centre":[-76.08329,45.83589]},"geometry":{"type":"Polygon","coordinates":[[[-76.083333,45.841667],[-76.083333,45.842792],[-76.082956,45.842792],[-76.082586,45.842791],[-76.082118,45.842791],[-76.08144,45.84279],[-76.080834,45.842789],[-76.077466,45.84279],[-76.077849,45.841667],[-76.078185,45.840683],[-76.078671,45.839254],[-76.0791,45.837999],[-76.079503,45.836817],[-76.07959,45.836564],[-76.079668,45.836334],[-76.079872,45.835735],[-76.079876,45.835722],[-76.079883,45.835702],[-76.080317,45.834431],[-76.080691,45.833333],[-76.081155,45.831976],[-76.081304,45.831538],[-76.082206,45.828893],[-76.083333,45.82889],[-76.085571,45.828883],[-76.086759,45.828881],[-76.088936,45.828874],[-76.090353,45.828869],[-76.090685,45.828866],[-76.091667,45.828862],[-76.0923,45.82886],[-76.091667,45.830727],[-76.090782,45.833333],[-76.087953,45.841667],[-76.083333,45.841667]]]}},{"type":"Feature","properties":{"nom":"Michel Gendron","designation":"Michel Gendron (1029) 100 % (responsable)","statut":"actif","lomiko":false,"centre":[-76.09415,45.83803]},"geometry":{"type":"Polygon","coordinates":[[[-76.094686,45.841667],[-76.094305,45.842792],[-76.091667,45.842792],[-76.090938,45.842792],[-76.09132,45.841667],[-76.091667,45.840643],[-76.094145,45.833333],[-76.095665,45.82885],[-76.09903,45.82884],[-76.097509,45.833333],[-76.094686,45.841667]]]}},{"type":"Feature","properties":{"nom":"Edith Majeau","designation":"Edith Majeau (91245) 100 % (responsable)","statut":"actif","lomiko":false,"centre":[-74.82564,45.94326]},"geometry":{"type":"Polygon","coordinates":[[[-74.833333,45.941667],[-74.833333,45.95],[-74.829144,45.95],[-74.829114,45.949929],[-74.82907,45.949836],[-74.829023,45.949743],[-74.828974,45.949651],[-74.828921,45.94956],[-74.828866,45.94947],[-74.828808,45.949381],[-74.828747,45.949292],[-74.828683,45.949205],[-74.828617,45.949118],[-74.828548,45.949033],[-74.828476,45.948948],[-74.828402,45.948865],[-74.828325,45.948783],[-74.828246,45.948702],[-74.828164,45.948622],[-74.828091,45.948555],[-74.828038,45.948441],[-74.828111,45.948379],[-74.828198,45.948301],[-74.828283,45.948223],[-74.828365,45.948143],[-74.828444,45.948062],[-74.828521,45.94798],[-74.828595,45.947897],[-74.828667,45.947812],[-74.828736,45.947727],[-74.828802,45.94764],[-74.828866,45.947552],[-74.828927,45.947464],[-74.828985,45.947375],[-74.82904,45.947284],[-74.829092,45.947193],[-74.829142,45.947101],[-74.829188,45.947009],[-74.829232,45.946916],[-74.829273,45.946822],[-74.829311,45.946727],[-74.829346,45.946632],[-74.829378,45.946536],[-74.829407,45.94644],[-74.829433,45.946344],[-74.829456,45.946247],[-74.829475,45.94615],[-74.829492,45.946053],[-74.829506,45.945955],[-74.829517,45.945857],[-74.829524,45.945759],[-74.829529,45.945661],[-74.829531,45.945563],[-74.829529,45.945465],[-74.829524,45.945367],[-74.829517,45.945269],[-74.829506,45.945171],[-74.829492,45.945073],[-74.829475,45.944976],[-74.829455,45.944879],[-74.829432,45.944782],[-74.829407,45.944685],[-74.829378,45.944589],[-74.829346,45.944494],[-74.829311,45.944399],[-74.829273,45.944304],[-74.829232,45.94421],[-74.829188,45.944117],[-74.829141,45.944024],[-74.829059,45.943874],[-74.828969,45.943727],[-74.828871,45.943581],[-74.828766,45.943438],[-74.828289,45.942817],[-74.828189,45.942693],[-74.828099,45.942587],[-74.828004,45.942482],[-74.827755,45.942216],[-74.827647,45.942105],[-74.827534,45.941996],[-74.827417,45.941889],[-74.827296,45.941784],[-74.827204,45.94171],[-74.827157,45.941673],[-74.827148,45.941667],[-74.82711,45.941637],[-74.827014,45.941565],[-74.826916,45.941495],[-74.826815,45.941426],[-74.826712,45.941359],[-74.826608,45.941294],[-74.826501,45.94123],[-74.826392,45.941168],[-74.826281,45.941107],[-74.826169,45.941048],[-74.826054,45.940991],[-74.825938,45.940936],[-74.825821,45.940882],[-74.825701,45.94083],[-74.82558,45.94078],[-74.825457,45.940732],[-74.825333,45.940686],[-74.825208,45.940641],[-74.825081,45.940599],[-74.825,45.940573],[-74.824953,45.940559],[-74.824824,45.94052],[-74.824693,45.940483],[-74.824561,45.940449],[-74.824415,45.940413],[-74.823896,45.940291],[-74.823665,45.94024],[-74.823431,45.940195],[-74.823195,45.940156],[-74.822957,45.940124],[-74.822818,45.940108],[-74.822679,45.940094],[-74.822539,45.940082],[-74.822399,45.940073],[-74.822259,45.940065],[-74.822118,45.94006],[-74.821978,45.940057],[-74.821837,45.940056],[-74.821697,45.940057],[-74.821556,45.94006],[-74.821415,45.940065],[-74.821275,45.940073],[-74.821135,45.940082],[-74.820996,45.940094],[-74.820856,45.940108],[-74.820718,45.940124],[-74.820579,45.940142],[-74.820442,45.940162],[-74.820305,45.940184],[-74.820168,45.940209],[-74.820033,45.940235],[-74.819898,45.940264],[-74.819765,45.940294],[-74.819632,45.940327],[-74.819533,45.940353],[-74.818992,45.940497],[-74.818974,45.940497],[-74.818956,45.940498],[-74.818815,45.940503],[-74.818675,45.940511],[-74.818535,45.94052],[-74.818396,45.940532],[-74.818256,45.940546],[-74.818118,45.940562],[-74.81799,45.940579],[-74.817569,45.940636],[-74.817533,45.94064],[-74.817475,45.940619],[-74.817349,45.940577],[-74.817221,45.940536],[-74.817091,45.940498],[-74.816961,45.940461],[-74.816829,45.940427],[-74.816696,45.940394],[-74.816667,45.940387],[-74.816667,45.936928],[-74.820837,45.936686],[-74.820761,45.933333],[-74.825,45.933333],[-74.833333,45.933333],[-74.833333,45.941667]]]}},{"type":"Feature","properties":{"nom":"David Lauzon","designation":"David Lauzon (102700) 100 % (responsable)","statut":"actif","lomiko":false,"centre":[-75.22833,45.745]},"geometry":{"type":"Polygon","coordinates":[[[-75.225,45.741667],[-75.233333,45.741667],[-75.233333,45.75],[-75.225,45.75],[-75.225,45.741667]]]}},{"type":"Feature","properties":{"nom":"David Lauzon","designation":"David Lauzon (102700) 100 % (responsable)","statut":"actif","lomiko":false,"centre":[-75.24278,45.72056]},"geometry":{"type":"Polygon","coordinates":[[[-75.25,45.725],[-75.25,45.733333],[-75.241667,45.733333],[-75.241667,45.725],[-75.233333,45.725],[-75.225,45.725],[-75.225,45.716667],[-75.233333,45.716667],[-75.233333,45.708333],[-75.241667,45.708333],[-75.25,45.708333],[-75.25,45.716667],[-75.258333,45.716667],[-75.258333,45.725],[-75.25,45.725]]]}},{"type":"Feature","properties":{"nom":"David Lauzon","designation":"David Lauzon (102700) 100 % (responsable)","statut":"actif","lomiko":false,"centre":[-75.22167,45.72833]},"geometry":{"type":"Polygon","coordinates":[[[-75.225,45.725],[-75.225,45.733333],[-75.216667,45.733333],[-75.216667,45.725],[-75.225,45.725]]]}},{"type":"Feature","properties":{"nom":"Carole Boisvert","designation":"Carole Boisvert (102492) 100 % (responsable)","statut":"actif","lomiko":false,"centre":[-74.975,45.92143]},"geometry":{"type":"Polygon","coordinates":[[[-74.975,45.925],[-74.966667,45.925],[-74.966667,45.916667],[-74.975,45.916667],[-74.983333,45.916667],[-74.983333,45.925],[-74.975,45.925]]]}},{"type":"Feature","properties":{"nom":"Olivier Laroche","designation":"Olivier Laroche (102026) 100 % (responsable)","statut":"actif","lomiko":false,"centre":[-74.84812,45.95755]},"geometry":{"type":"Polygon","coordinates":[[[-74.841667,45.95],[-74.85,45.95],[-74.85,45.957427],[-74.849948,45.957434],[-74.849947,45.957434],[-74.849945,45.957434],[-74.849838,45.957446],[-74.849837,45.957446],[-74.849836,45.957446],[-74.849728,45.957456],[-74.849727,45.957456],[-74.849726,45.957456],[-74.849618,45.957465],[-74.849616,45.957466],[-74.849616,45.957466],[-74.849508,45.957473],[-74.849506,45.957473],[-74.849505,45.957473],[-74.849395,45.95748],[-74.849395,45.95748],[-74.849284,45.957485],[-74.849282,45.957485],[-74.849279,45.957485],[-74.849277,45.957485],[-74.849274,45.957486],[-74.849271,45.957486],[-74.849269,45.957486],[-74.849266,45.957486],[-74.849264,45.957486],[-74.849261,45.957486],[-74.849259,45.957486],[-74.849256,45.957486],[-74.849253,45.957486],[-74.849251,45.957487],[-74.849248,45.957487],[-74.849246,45.957487],[-74.849243,45.957487],[-74.849241,45.957487],[-74.849238,45.957487],[-74.849235,45.957487],[-74.849233,45.957487],[-74.84923,45.957488],[-74.849228,45.957488],[-74.849225,45.957488],[-74.849223,45.957488],[-74.84922,45.957488],[-74.849217,45.957488],[-74.849215,45.957488],[-74.849212,45.957488],[-74.84921,45.957489],[-74.849207,45.957489],[-74.849207,45.957489],[-74.849205,45.957489],[-74.849202,45.957489],[-74.8492,45.957489],[-74.849197,45.957489],[-74.849194,45.957489],[-74.849192,45.95749],[-74.849189,45.95749],[-74.849187,45.95749],[-74.849184,45.95749],[-74.849182,45.95749],[-74.849179,45.95749],[-74.849176,45.95749],[-74.849174,45.957491],[-74.849171,45.957491],[-74.849169,45.957491],[-74.849166,45.957491],[-74.849164,45.957491],[-74.849161,45.957491],[-74.849158,45.957491],[-74.849156,45.957492],[-74.849153,45.957492],[-74.849151,45.957492],[-74.849148,45.957492],[-74.849146,45.957492],[-74.849143,45.957492],[-74.84914,45.957493],[-74.849138,45.957493],[-74.849135,45.957493],[-74.849133,45.957493],[-74.84913,45.957493],[-74.84913,45.957493],[-74.849128,45.957493],[-74.849125,45.957494],[-74.849123,45.957494],[-74.84912,45.957494],[-74.849117,45.957494],[-74.849115,45.957494],[-74.849112,45.957494],[-74.84911,45.957495],[-74.849107,45.957495],[-74.849105,45.957495],[-74.849102,45.957495],[-74.849099,45.957495],[-74.849097,45.957496],[-74.849094,45.957496],[-74.849092,45.957496],[-74.849089,45.957496],[-74.849087,45.957496],[-74.849084,45.957496],[-74.849082,45.957497],[-74.849079,45.957497],[-74.849076,45.957497],[-74.849074,45.957497],[-74.849071,45.957497],[-74.849069,45.957498],[-74.849066,45.957498],[-74.849064,45.957498],[-74.849061,45.957498],[-74.849058,45.957498],[-74.849056,45.957499],[-74.849053,45.957499],[-74.849053,45.957499],[-74.849051,45.957499],[-74.849048,45.957499],[-74.849046,45.957499],[-74.849043,45.9575],[-74.849041,45.9575],[-74.849038,45.9575],[-74.849035,45.9575],[-74.849033,45.9575],[-74.84903,45.957501],[-74.849028,45.957501],[-74.849025,45.957501],[-74.849023,45.957501],[-74.84902,45.957501],[-74.849018,45.957502],[-74.849015,45.957502],[-74.849012,45.957502],[-74.84901,45.957502],[-74.849007,45.957502],[-74.849005,45.957503],[-74.849002,45.957503],[-74.849,45.957503],[-74.848997,45.957503],[-74.848995,45.957504],[-74.848992,45.957504],[-74.848989,45.957504],[-74.848987,45.957504],[-74.848984,45.957504],[-74.848982,45.957505],[-74.848979,45.957505],[-74.848977,45.957505],[-74.848976,45.957505],[-74.848974,45.957505],[-74.848972,45.957506],[-74.848969,45.957506],[-74.848966,45.957506],[-74.848964,45.957506],[-74.848961,45.957507],[-74.848959,45.957507],[-74.848956,45.957507],[-74.848954,45.957507],[-74.848951,45.957507],[-74.848949,45.957508],[-74.848946,45.957508],[-74.848943,45.957508],[-74.848941,45.957508],[-74.848938,45.957509],[-74.848936,45.957509],[-74.848933,45.957509],[-74.848931,45.957509],[-74.848928,45.95751],[-74.848926,45.95751],[-74.848923,45.95751],[-74.84892,45.95751],[-74.848918,45.957511],[-74.848915,45.957511],[-74.848913,45.957511],[-74.84891,45.957511],[-74.848908,45.957512],[-74.848905,45.957512],[-74.848903,45.957512],[-74.8489,45.957512],[-74.848899,45.957513],[-74.848898,45.957513],[-74.848895,45.957513],[-74.848892,45.957513],[-74.84889,45.957514],[-74.848887,45.957514],[-74.848885,45.957514],[-74.848882,45.957514],[-74.84888,45.957515],[-74.848877,45.957515],[-74.848875,45.957515],[-74.848872,45.957515],[-74.84887,45.957516],[-74.848867,45.957516],[-74.848864,45.957516],[-74.848862,45.957517],[-74.848859,45.957517],[-74.848857,45.957517],[-74.848854,45.957517],[-74.848852,45.957518],[-74.848849,45.957518],[-74.848847,45.957518],[-74.848844,45.957518],[-74.848842,45.957519],[-74.848839,45.957519],[-74.848836,45.957519],[-74.848834,45.95752],[-74.848831,45.95752],[-74.848829,45.95752],[-74.848826,45.95752],[-74.848824,45.957521],[-74.848822,45.957521],[-74.848821,45.957521],[-74.848819,45.957521],[-74.848816,45.957522],[-74.848814,45.957522],[-74.848811,45.957522],[-74.848808,45.957523],[-74.848806,45.957523],[-74.848803,45.957523],[-74.848801,45.957523],[-74.848798,45.957524],[-74.848796,45.957524],[-74.848793,45.957524],[-74.848791,45.957525],[-74.848788,45.957525],[-74.848786,45.957525],[-74.848783,45.957526],[-74.848781,45.957526],[-74.848778,45.957526],[-74.848775,45.957526],[-74.848773,45.957527],[-74.84877,45.957527],[-74.848768,45.957527],[-74.848765,45.957528],[-74.848763,45.957528],[-74.84876,45.957528],[-74.848758,45.957529],[-74.848755,45.957529],[-74.848753,45.957529],[-74.84875,45.95753],[-74.848748,45.95753],[-74.848746,45.95753],[-74.848745,45.95753],[-74.848743,45.957531],[-74.84874,45.957531],[-74.848737,45.957531],[-74.848735,45.957532],[-74.848732,45.957532],[-74.84873,45.957532],[-74.848727,45.957533],[-74.848725,45.957533],[-74.848722,45.957533],[-74.84872,45.957534],[-74.848717,45.957534],[-74.848715,45.957534],[-74.848712,45.957535],[-74.84871,45.957535],[-74.848707,45.957535],[-74.848705,45.957536],[-74.848702,45.957536],[-74.848699,45.957536],[-74.848697,45.957537],[-74.848694,45.957537],[-74.848692,45.957537],[-74.848689,45.957538],[-74.848687,45.957538],[-74.848684,45.957538],[-74.848682,45.957539],[-74.848679,45.957539],[-74.848677,45.957539],[-74.848674,45.95754],[-74.848672,45.95754],[-74.84867,45.95754],[-74.848669,45.95754],[-74.848667,45.957541],[-74.848664,45.957541],[-74.848662,45.957541],[-74.848659,45.957542],[-74.848657,45.957542],[-74.848654,45.957543],[-74.848652,45.957543],[-74.848649,45.957543],[-74.848646,45.957544],[-74.848644,45.957544],[-74.848641,45.957544],[-74.848639,45.957545],[-74.848636,45.957545],[-74.848634,45.957545],[-74.848631,45.957546],[-74.848629,45.957546],[-74.848626,45.957547],[-74.848624,45.957547],[-74.848621,45.957547],[-74.848619,45.957548],[-74.848616,45.957548],[-74.848614,45.957548],[-74.848611,45.957549],[-74.848609,45.957549],[-74.848606,45.95755],[-74.848604,45.95755],[-74.848601,45.95755],[-74.848599,45.957551],[-74.848596,45.957551],[-74.848594,45.957551],[-74.848594,45.957551],[-74.848591,45.957552],[-74.848589,45.957552],[-74.848586,45.957553],[-74.848583,45.957553],[-74.848581,45.957553],[-74.848578,45.957554],[-74.848576,45.957554],[-74.848573,45.957555],[-74.848571,45.957555],[-74.848568,45.957555],[-74.848566,45.957556],[-74.848563,45.957556],[-74.848561,45.957557],[-74.848558,45.957557],[-74.848556,45.957557],[-74.848553,45.957558],[-74.848551,45.957558],[-74.848548,45.957559],[-74.848546,45.957559],[-74.848543,45.957559],[-74.848541,45.95756],[-74.848538,45.95756],[-74.848536,45.957561],[-74.848533,45.957561],[-74.848531,45.957561],[-74.848528,45.957562],[-74.848526,45.957562],[-74.848523,45.957563],[-74.848521,45.957563],[-74.848519,45.957563],[-74.848518,45.957563],[-74.848516,45.957564],[-74.848513,45.957564],[-74.848511,45.957565],[-74.848508,45.957565],[-74.848506,45.957566],[-74.848503,45.957566],[-74.848501,45.957566],[-74.848498,45.957567],[-74.848496,45.957567],[-74.848493,45.957568],[-74.848491,45.957568],[-74.848488,45.957568],[-74.848486,45.957569],[-74.848483,45.957569],[-74.848481,45.95757],[-74.848478,45.95757],[-74.848476,45.957571],[-74.848473,45.957571],[-74.848471,45.957572],[-74.848468,45.957572],[-74.848466,45.957572],[-74.848463,45.957573],[-74.848461,45.957573],[-74.848458,45.957574],[-74.848456,45.957574],[-74.848453,45.957575],[-74.848451,45.957575],[-74.848448,45.957575],[-74.848446,45.957576],[-74.848444,45.957576],[-74.848443,45.957576],[-74.848443,45.957576],[-74.848441,45.957577],[-74.848438,45.957577],[-74.848436,45.957578],[-74.848433,45.957578],[-74.848431,45.957579],[-74.848428,45.957579],[-74.848426,45.957579],[-74.848423,45.95758],[-74.848421,45.95758],[-74.848418,45.957581],[-74.848416,45.957581],[-74.848413,45.957582],[-74.848411,45.957582],[-74.848408,45.957583],[-74.848406,45.957583],[-74.848403,45.957584],[-74.848401,45.957584],[-74.848398,45.957585],[-74.848396,45.957585],[-74.848393,45.957585],[-74.848391,45.957586],[-74.848388,45.957586],[-74.848386,45.957587],[-74.848383,45.957587],[-74.848381,45.957588],[-74.848378,45.957588],[-74.848376,45.957589],[-74.848373,45.957589],[-74.848371,45.95759],[-74.848369,45.95759],[-74.848369,45.95759],[-74.848366,45.957591],[-74.848364,45.957591],[-74.848361,45.957592],[-74.848359,45.957592],[-74.848356,45.957593],[-74.848354,45.957593],[-74.848351,45.957593],[-74.848349,45.957594],[-74.848346,45.957594],[-74.848344,45.957595],[-74.848341,45.957595],[-74.848339,45.957596],[-74.848336,45.957596],[-74.848334,45.957597],[-74.848331,45.957597],[-74.848329,45.957598],[-74.848326,45.957598],[-74.848324,45.957599],[-74.848321,45.957599],[-74.848319,45.9576],[-74.848316,45.9576],[-74.848314,45.957601],[-74.848311,45.957601],[-74.848309,45.957602],[-74.848307,45.957602],[-74.848304,45.957603],[-74.848302,45.957603],[-74.848299,45.957604],[-74.848297,45.957604],[-74.848294,45.957605],[-74.848292,45.957605],[-74.848289,45.957606],[-74.848287,45.957606],[-74.848284,45.957607],[-74.848282,45.957607],[-74.848279,45.957608],[-74.848277,45.957608],[-74.848274,45.957609],[-74.848272,45.957609],[-74.848269,45.95761],[-74.848268,45.95761],[-74.848267,45.95761],[-74.848215,45.95762],[-74.848214,45.95762],[-74.848162,45.95763],[-74.848161,45.95763],[-74.84816,45.95763],[-74.848107,45.957639],[-74.848107,45.957639],[-74.848105,45.957639],[-74.848054,45.957647],[-74.848052,45.957647],[-74.848052,45.957647],[-74.847999,45.957655],[-74.847998,45.957655],[-74.847996,45.957655],[-74.847945,45.957661],[-74.847943,45.957662],[-74.847943,45.957662],[-74.84789,45.957668],[-74.847889,45.957668],[-74.847887,45.957668],[-74.847834,45.957674],[-74.847833,45.957674],[-74.84778,45.957678],[-74.847779,45.957679],[-74.847777,45.957679],[-74.847723,45.957683],[-74.847723,45.957683],[-74.84767,45.957686],[-74.847668,45.957686],[-74.847667,45.957687],[-74.847613,45.957689],[-74.847613,45.957689],[-74.847559,45.957692],[-74.847557,45.957692],[-74.847556,45.957692],[-74.847502,45.957693],[-74.847502,45.957693],[-74.8475,45.957693],[-74.847448,45.957694],[-74.847446,45.957694],[-74.847446,45.957694],[-74.847392,45.957694],[-74.847391,45.957694],[-74.847389,45.957694],[-74.847337,45.957694],[-74.847335,45.957694],[-74.847335,45.957694],[-74.847281,45.957693],[-74.84728,45.957693],[-74.847278,45.957693],[-74.847227,45.957691],[-74.847225,45.957691],[-74.847224,45.957691],[-74.84717,45.957689],[-74.847169,45.957689],[-74.847168,45.957688],[-74.847114,45.957685],[-74.847114,45.957685],[-74.84706,45.957682],[-74.847059,45.957682],[-74.847057,45.957681],[-74.847003,45.957677],[-74.847001,45.957677],[-74.846998,45.957677],[-74.846996,45.957676],[-74.846993,45.957676],[-74.846991,45.957676],[-74.846988,45.957676],[-74.846986,45.957676],[-74.846983,45.957675],[-74.84698,45.957675],[-74.846978,45.957675],[-74.846975,45.957675],[-74.846973,45.957674],[-74.84697,45.957674],[-74.846968,45.957674],[-74.846965,45.957674],[-74.846963,45.957674],[-74.84696,45.957673],[-74.846957,45.957673],[-74.846955,45.957673],[-74.846952,45.957673],[-74.84695,45.957673],[-74.846947,45.957672],[-74.846945,45.957672],[-74.846942,45.957672],[-74.84694,45.957672],[-74.846937,45.957672],[-74.846934,45.957671],[-74.846932,45.957671],[-74.846929,45.957671],[-74.846927,45.957671],[-74.846924,45.95767],[-74.846922,45.95767],[-74.846919,45.95767],[-74.846917,45.95767],[-74.846914,45.95767],[-74.846911,45.95767],[-74.846909,45.957669],[-74.846906,45.957669],[-74.846904,45.957669],[-74.846901,45.957669],[-74.846899,45.957669],[-74.846896,45.957668],[-74.846894,45.957668],[-74.846893,45.957668],[-74.846891,45.957668],[-74.846888,45.957668],[-74.846886,45.957668],[-74.846883,45.957667],[-74.846881,45.957667],[-74.846878,45.957667],[-74.846876,45.957667],[-74.846873,45.957667],[-74.846871,45.957666],[-74.846868,45.957666],[-74.846865,45.957666],[-74.846863,45.957666],[-74.84686,45.957666],[-74.846858,45.957666],[-74.846855,45.957665],[-74.846853,45.957665],[-74.84685,45.957665],[-74.846848,45.957665],[-74.846845,45.957665],[-74.846842,45.957664],[-74.84684,45.957664],[-74.846837,45.957664],[-74.846835,45.957664],[-74.846832,45.957664],[-74.84683,45.957664],[-74.846827,45.957663],[-74.846825,45.957663],[-74.846822,45.957663],[-74.846819,45.957663],[-74.846817,45.957663],[-74.846814,45.957663],[-74.846812,45.957662],[-74.846809,45.957662],[-74.846807,45.957662],[-74.846804,45.957662],[-74.846801,45.957662],[-74.846799,45.957662],[-74.846796,45.957661],[-74.846794,45.957661],[-74.846791,45.957661],[-74.846789,45.957661],[-74.846786,45.957661],[-74.846784,45.957661],[-74.846782,45.95766],[-74.846781,45.95766],[-74.846778,45.95766],[-74.846776,45.95766],[-74.846773,45.95766],[-74.846771,45.95766],[-74.846768,45.95766],[-74.846766,45.957659],[-74.846763,45.957659],[-74.84676,45.957659],[-74.846758,45.957659],[-74.846755,45.957659],[-74.846753,45.957659],[-74.84675,45.957658],[-74.846748,45.957658],[-74.846745,45.957658],[-74.846743,45.957658],[-74.84674,45.957658],[-74.846737,45.957658],[-74.846735,45.957658],[-74.846732,45.957657],[-74.84673,45.957657],[-74.846727,45.957657],[-74.846725,45.957657],[-74.846722,45.957657],[-74.846719,45.957657],[-74.846717,45.957657],[-74.846714,45.957656],[-74.846712,45.957656],[-74.846709,45.957656],[-74.846707,45.957656],[-74.846704,45.957656],[-74.846702,45.957656],[-74.846699,45.957656],[-74.846696,45.957655],[-74.846694,45.957655],[-74.846691,45.957655],[-74.846689,45.957655],[-74.846686,45.957655],[-74.846684,45.957655],[-74.846681,45.957655],[-74.846678,45.957654],[-74.846676,45.957654],[-74.846673,45.957654],[-74.846671,45.957654],[-74.846671,45.957654],[-74.846668,45.957654],[-74.846666,45.957654],[-74.846663,45.957654],[-74.84666,45.957654],[-74.846658,45.957653],[-74.846655,45.957653],[-74.846653,45.957653],[-74.84665,45.957653],[-74.846648,45.957653],[-74.846645,45.957653],[-74.846643,45.957653],[-74.84664,45.957653],[-74.846637,45.957652],[-74.846635,45.957652],[-74.846632,45.957652],[-74.84663,45.957652],[-74.846627,45.957652],[-74.846625,45.957652],[-74.846622,45.957652],[-74.846619,45.957652],[-74.846617,45.957652],[-74.846614,45.957651],[-74.846612,45.957651],[-74.846609,45.957651],[-74.846607,45.957651],[-74.846604,45.957651],[-74.846601,45.957651],[-74.846599,45.957651],[-74.846596,45.957651],[-74.846594,45.957651],[-74.846591,45.95765],[-74.846589,45.95765],[-74.846586,45.95765],[-74.846583,45.95765],[-74.846581,45.95765],[-74.846578,45.95765],[-74.846576,45.95765],[-74.846573,45.95765],[-74.846571,45.95765],[-74.846568,45.957649],[-74.846566,45.957649],[-74.846563,45.957649],[-74.84656,45.957649],[-74.84656,45.957649],[-74.846558,45.957649],[-74.846555,45.957649],[-74.846553,45.957649],[-74.84655,45.957649],[-74.846548,45.957649],[-74.846545,45.957649],[-74.846542,45.957649],[-74.84654,45.957648],[-74.846578,45.958333],[-74.841667,45.958333],[-74.841667,45.95]]]}},{"type":"Feature","properties":{"nom":"Olivier Laroche","designation":"Olivier Laroche (102026) 100 % (responsable)","statut":"actif","lomiko":false,"centre":[-74.8476,45.95755]},"geometry":{"type":"Polygon","coordinates":[[[-74.846712,45.957551],[-74.846714,45.957551],[-74.846717,45.957551],[-74.846719,45.957551],[-74.846722,45.957551],[-74.846725,45.957551],[-74.846727,45.957552],[-74.84673,45.957552],[-74.846732,45.957552],[-74.846735,45.957552],[-74.846737,45.957552],[-74.84674,45.957552],[-74.846743,45.957552],[-74.846745,45.957553],[-74.846748,45.957553],[-74.84675,45.957553],[-74.846753,45.957553],[-74.846755,45.957553],[-74.846758,45.957553],[-74.846761,45.957553],[-74.846763,45.957554],[-74.846766,45.957554],[-74.846768,45.957554],[-74.846771,45.957554],[-74.846773,45.957554],[-74.846776,45.957554],[-74.846779,45.957555],[-74.846781,45.957555],[-74.846784,45.957555],[-74.846786,45.957555],[-74.846789,45.957555],[-74.846791,45.957555],[-74.846794,45.957555],[-74.846797,45.957556],[-74.846799,45.957556],[-74.846802,45.957556],[-74.846804,45.957556],[-74.846807,45.957556],[-74.846809,45.957556],[-74.846812,45.957557],[-74.846815,45.957557],[-74.846817,45.957557],[-74.84682,45.957557],[-74.846822,45.957557],[-74.846825,45.957557],[-74.846827,45.957558],[-74.84683,45.957558],[-74.846833,45.957558],[-74.846835,45.957558],[-74.846838,45.957558],[-74.84684,45.957559],[-74.846843,45.957559],[-74.846845,45.957559],[-74.846848,45.957559],[-74.84685,45.957559],[-74.846853,45.957559],[-74.846856,45.95756],[-74.846858,45.95756],[-74.846861,45.95756],[-74.846863,45.95756],[-74.846866,45.95756],[-74.846868,45.95756],[-74.846871,45.957561],[-74.846874,45.957561],[-74.846876,45.957561],[-74.846879,45.957561],[-74.846881,45.957561],[-74.846884,45.957562],[-74.846886,45.957562],[-74.846889,45.957562],[-74.846892,45.957562],[-74.846894,45.957562],[-74.846897,45.957563],[-74.846899,45.957563],[-74.846902,45.957563],[-74.846904,45.957563],[-74.846907,45.957563],[-74.84691,45.957563],[-74.846912,45.957564],[-74.846915,45.957564],[-74.846917,45.957564],[-74.84692,45.957564],[-74.846922,45.957564],[-74.846925,45.957565],[-74.846927,45.957565],[-74.84693,45.957565],[-74.846933,45.957565],[-74.846935,45.957565],[-74.846938,45.957566],[-74.84694,45.957566],[-74.846943,45.957566],[-74.846945,45.957566],[-74.846948,45.957566],[-74.846951,45.957567],[-74.846953,45.957567],[-74.846956,45.957567],[-74.846958,45.957567],[-74.846961,45.957567],[-74.846963,45.957568],[-74.846966,45.957568],[-74.846968,45.957568],[-74.846971,45.957568],[-74.846974,45.957569],[-74.846976,45.957569],[-74.846979,45.957569],[-74.846981,45.957569],[-74.846984,45.957569],[-74.846986,45.95757],[-74.846989,45.95757],[-74.846992,45.95757],[-74.846994,45.95757],[-74.846997,45.95757],[-74.846999,45.957571],[-74.847002,45.957571],[-74.847004,45.957571],[-74.847007,45.957571],[-74.847009,45.957572],[-74.847012,45.957572],[-74.847015,45.957572],[-74.847017,45.957572],[-74.84702,45.957572],[-74.847022,45.957573],[-74.847025,45.957573],[-74.847027,45.957573],[-74.84703,45.957573],[-74.847032,45.957574],[-74.847035,45.957574],[-74.847038,45.957574],[-74.84704,45.957574],[-74.847043,45.957574],[-74.847045,45.957575],[-74.847048,45.957575],[-74.84705,45.957575],[-74.847053,45.957575],[-74.847055,45.957575],[-74.847058,45.957576],[-74.847061,45.957576],[-74.847063,45.957576],[-74.847066,45.957576],[-74.847068,45.957576],[-74.847071,45.957577],[-74.847073,45.957577],[-74.847076,45.957577],[-74.847079,45.957577],[-74.847081,45.957577],[-74.847084,45.957578],[-74.847086,45.957578],[-74.847089,45.957578],[-74.847091,45.957578],[-74.847094,45.957578],[-74.847096,45.957579],[-74.847099,45.957579],[-74.847102,45.957579],[-74.847104,45.957579],[-74.847107,45.957579],[-74.847109,45.957579],[-74.847112,45.95758],[-74.847114,45.95758],[-74.847117,45.95758],[-74.84712,45.95758],[-74.847122,45.95758],[-74.847125,45.95758],[-74.847127,45.957581],[-74.84713,45.957581],[-74.847132,45.957581],[-74.847135,45.957581],[-74.847138,45.957581],[-74.84714,45.957581],[-74.847143,45.957581],[-74.847145,45.957582],[-74.847148,45.957582],[-74.84715,45.957582],[-74.847153,45.957582],[-74.847156,45.957582],[-74.847158,45.957582],[-74.847161,45.957583],[-74.847163,45.957583],[-74.847166,45.957583],[-74.847168,45.957583],[-74.847171,45.957583],[-74.847174,45.957583],[-74.847176,45.957583],[-74.847179,45.957583],[-74.847181,45.957584],[-74.847184,45.957584],[-74.847186,45.957584],[-74.847189,45.957584],[-74.847191,45.957584],[-74.847194,45.957584],[-74.847197,45.957584],[-74.847199,45.957584],[-74.847202,45.957585],[-74.847204,45.957585],[-74.847207,45.957585],[-74.847209,45.957585],[-74.847212,45.957585],[-74.847215,45.957585],[-74.847217,45.957585],[-74.84722,45.957585],[-74.847222,45.957585],[-74.847225,45.957586],[-74.847228,45.957586],[-74.84723,45.957586],[-74.847233,45.957586],[-74.847235,45.957586],[-74.847238,45.957586],[-74.84724,45.957586],[-74.847243,45.957586],[-74.847246,45.957586],[-74.847248,45.957586],[-74.847251,45.957587],[-74.847253,45.957587],[-74.847256,45.957587],[-74.847258,45.957587],[-74.847261,45.957587],[-74.847264,45.957587],[-74.847266,45.957587],[-74.847269,45.957587],[-74.847271,45.957587],[-74.847274,45.957587],[-74.847276,45.957587],[-74.847279,45.957587],[-74.847282,45.957588],[-74.847284,45.957588],[-74.847287,45.957588],[-74.847289,45.957588],[-74.847292,45.957588],[-74.847294,45.957588],[-74.847297,45.957588],[-74.8473,45.957588],[-74.847302,45.957588],[-74.847305,45.957588],[-74.847307,45.957588],[-74.84731,45.957588],[-74.847312,45.957588],[-74.847315,45.957588],[-74.847318,45.957588],[-74.84732,45.957588],[-74.847323,45.957588],[-74.847325,45.957588],[-74.847328,45.957589],[-74.84733,45.957589],[-74.847333,45.957589],[-74.847336,45.957589],[-74.847338,45.957589],[-74.847341,45.957589],[-74.847343,45.957589],[-74.847346,45.957589],[-74.847349,45.957589],[-74.847351,45.957589],[-74.847354,45.957589],[-74.847356,45.957589],[-74.847359,45.957589],[-74.847361,45.957589],[-74.847364,45.957589],[-74.847367,45.957589],[-74.847369,45.957589],[-74.847372,45.957589],[-74.847374,45.957589],[-74.847377,45.957589],[-74.847379,45.957589],[-74.847382,45.957589],[-74.847385,45.957589],[-74.847387,45.957589],[-74.84739,45.957589],[-74.847392,45.957589],[-74.847395,45.957589],[-74.847397,45.957589],[-74.8474,45.957589],[-74.847403,45.957589],[-74.847405,45.957589],[-74.847408,45.957589],[-74.84741,45.957589],[-74.847413,45.957589],[-74.847416,45.957589],[-74.847418,45.957589],[-74.847421,45.957589],[-74.847423,45.957589],[-74.847426,45.957589],[-74.847428,45.957589],[-74.847431,45.957589],[-74.847434,45.957589],[-74.847436,45.957589],[-74.847439,45.957589],[-74.847441,45.957589],[-74.847444,45.957589],[-74.847446,45.957589],[-74.847449,45.957589],[-74.847452,45.957589],[-74.847454,45.957589],[-74.847457,45.957589],[-74.847459,45.957589],[-74.847462,45.957589],[-74.847464,45.957589],[-74.847467,45.957589],[-74.84747,45.957589],[-74.847472,45.957589],[-74.847475,45.957588],[-74.847477,45.957588],[-74.84748,45.957588],[-74.847483,45.957588],[-74.847485,45.957588],[-74.847488,45.957588],[-74.84749,45.957588],[-74.847493,45.957588],[-74.847495,45.957588],[-74.847498,45.957588],[-74.847501,45.957588],[-74.847503,45.957588],[-74.847506,45.957588],[-74.847508,45.957588],[-74.847511,45.957588],[-74.847513,45.957588],[-74.847516,45.957588],[-74.847519,45.957587],[-74.847521,45.957587],[-74.847524,45.957587],[-74.847526,45.957587],[-74.847529,45.957587],[-74.847531,45.957587],[-74.847534,45.957587],[-74.847537,45.957587],[-74.847539,45.957587],[-74.847542,45.957587],[-74.847544,45.957587],[-74.847547,45.957587],[-74.847549,45.957587],[-74.847552,45.957586],[-74.847555,45.957586],[-74.847557,45.957586],[-74.84756,45.957586],[-74.847562,45.957586],[-74.847565,45.957586],[-74.847567,45.957586],[-74.84757,45.957586],[-74.847573,45.957586],[-74.847575,45.957586],[-74.847578,45.957585],[-74.84758,45.957585],[-74.847583,45.957585],[-74.847586,45.957585],[-74.847588,45.957585],[-74.847591,45.957585],[-74.847593,45.957585],[-74.847596,45.957585],[-74.847598,45.957585],[-74.847601,45.957584],[-74.847604,45.957584],[-74.847606,45.957584],[-74.847609,45.957584],[-74.847611,45.957584],[-74.847614,45.957584],[-74.847616,45.957584],[-74.847619,45.957584],[-74.847621,45.957583],[-74.847624,45.957583],[-74.847627,45.957583],[-74.847629,45.957583],[-74.847632,45.957583],[-74.847634,45.957583],[-74.847637,45.957583],[-74.847639,45.957582],[-74.847642,45.957582],[-74.847645,45.957582],[-74.847647,45.957582],[-74.84765,45.957582],[-74.847652,45.957582],[-74.847655,45.957582],[-74.847657,45.957581],[-74.84766,45.957581],[-74.847663,45.957581],[-74.847665,45.957581],[-74.847668,45.957581],[-74.84767,45.957581],[-74.847673,45.957581],[-74.847675,45.95758],[-74.847678,45.95758],[-74.847681,45.95758],[-74.847683,45.95758],[-74.847686,45.95758],[-74.847688,45.95758],[-74.847691,45.957579],[-74.847693,45.957579],[-74.847696,45.957579],[-74.847699,45.957579],[-74.847701,45.957579],[-74.847704,45.957578],[-74.847706,45.957578],[-74.847709,45.957578],[-74.847711,45.957578],[-74.847714,45.957578],[-74.847716,45.957578],[-74.847719,45.957577],[-74.847722,45.957577],[-74.847724,45.957577],[-74.847727,45.957577],[-74.847729,45.957577],[-74.847732,45.957576],[-74.847734,45.957576],[-74.847737,45.957576],[-74.84774,45.957576],[-74.847742,45.957576],[-74.847745,45.957575],[-74.847747,45.957575],[-74.84775,45.957575],[-74.847752,45.957575],[-74.847755,45.957575],[-74.847757,45.957574],[-74.84776,45.957574],[-74.847763,45.957574],[-74.847765,45.957574],[-74.847768,45.957573],[-74.84777,45.957573],[-74.847773,45.957573],[-74.847775,45.957573],[-74.847778,45.957573],[-74.84778,45.957572],[-74.847783,45.957572],[-74.847786,45.957572],[-74.847788,45.957572],[-74.847791,45.957571],[-74.847793,45.957571],[-74.847796,45.957571],[-74.847798,45.957571],[-74.847801,45.957571],[-74.847803,45.95757],[-74.847806,45.95757],[-74.847809,45.95757],[-74.847811,45.95757],[-74.847814,45.957569],[-74.847816,45.957569],[-74.847819,45.957569],[-74.847821,45.957569],[-74.847824,45.957568],[-74.847826,45.957568],[-74.847829,45.957568],[-74.847832,45.957568],[-74.847834,45.957567],[-74.847837,45.957567],[-74.847839,45.957567],[-74.847842,45.957567],[-74.847844,45.957566],[-74.847847,45.957566],[-74.847849,45.957566],[-74.847852,45.957565],[-74.847854,45.957565],[-74.847857,45.957565],[-74.84786,45.957565],[-74.847862,45.957564],[-74.847865,45.957564],[-74.847867,45.957564],[-74.84787,45.957564],[-74.847872,45.957563],[-74.847875,45.957563],[-74.847877,45.957563],[-74.84788,45.957562],[-74.847882,45.957562],[-74.847885,45.957562],[-74.847888,45.957562],[-74.84789,45.957561],[-74.847893,45.957561],[-74.847895,45.957561],[-74.847898,45.95756],[-74.8479,45.95756],[-74.847903,45.95756],[-74.847905,45.957559],[-74.847908,45.957559],[-74.84791,45.957559],[-74.847913,45.957559],[-74.847916,45.957558],[-74.847918,45.957558],[-74.847921,45.957558],[-74.847923,45.957557],[-74.847926,45.957557],[-74.847928,45.957557],[-74.847931,45.957556],[-74.847933,45.957556],[-74.847936,45.957556],[-74.847938,45.957555],[-74.847941,45.957555],[-74.847943,45.957555],[-74.847946,45.957554],[-74.847949,45.957554],[-74.847951,45.957554],[-74.847954,45.957554],[-74.847956,45.957553],[-74.847959,45.957553],[-74.847961,45.957553],[-74.847964,45.957552],[-74.847966,45.957552],[-74.847969,45.957552],[-74.847971,45.957551],[-74.847974,45.957551],[-74.847976,45.95755],[-74.847979,45.95755],[-74.847981,45.95755],[-74.847984,45.957549],[-74.847986,45.957549],[-74.847989,45.957549],[-74.847992,45.957548],[-74.847994,45.957548],[-74.847997,45.957548],[-74.847999,45.957547],[-74.848002,45.957547],[-74.848004,45.957547],[-74.848007,45.957546],[-74.848009,45.957546],[-74.848012,45.957546],[-74.848014,45.957545],[-74.848017,45.957545],[-74.848019,45.957544],[-74.848022,45.957544],[-74.848024,45.957544],[-74.848027,45.957543],[-74.848029,45.957543],[-74.848032,45.957543],[-74.848034,45.957542],[-74.848037,45.957542],[-74.848039,45.957541],[-74.848042,45.957541],[-74.848045,45.957541],[-74.848047,45.95754],[-74.84805,45.95754],[-74.848052,45.95754],[-74.848055,45.957539],[-74.848057,45.957539],[-74.84806,45.957538],[-74.848062,45.957538],[-74.848065,45.957538],[-74.848067,45.957537],[-74.84807,45.957537],[-74.848072,45.957536],[-74.848075,45.957536],[-74.848077,45.957536],[-74.84808,45.957535],[-74.848082,45.957535],[-74.848085,45.957534],[-74.848087,45.957534],[-74.84809,45.957534],[-74.848092,45.957533],[-74.848095,45.957533],[-74.848097,45.957532],[-74.8481,45.957532],[-74.848102,45.957532],[-74.848105,45.957531],[-74.848107,45.957531],[-74.84811,45.95753],[-74.848112,45.95753],[-74.848115,45.957529],[-74.848117,45.957529],[-74.84812,45.957529],[-74.848122,45.957528],[-74.848125,45.957528],[-74.848127,45.957527],[-74.84813,45.957527],[-74.848132,45.957526],[-74.848135,45.957526],[-74.848137,45.957526],[-74.84814,45.957525],[-74.848142,45.957525],[-74.848145,45.957524],[-74.848147,45.957524],[-74.84815,45.957523],[-74.848152,45.957523],[-74.848155,45.957522],[-74.848157,45.957522],[-74.84816,45.957522],[-74.848162,45.957521],[-74.848165,45.957521],[-74.848167,45.95752],[-74.84817,45.95752],[-74.848172,45.957519],[-74.848175,45.957519],[-74.848177,45.957518],[-74.84818,45.957518],[-74.848182,45.957517],[-74.848185,45.957517],[-74.848187,45.957516],[-74.84819,45.957516],[-74.848192,45.957516],[-74.848195,45.957515],[-74.848197,45.957515],[-74.8482,45.957514],[-74.848202,45.957514],[-74.848205,45.957513],[-74.848207,45.957513],[-74.84821,45.957512],[-74.848212,45.957512],[-74.848215,45.957511],[-74.848217,45.957511],[-74.84822,45.95751],[-74.848222,45.95751],[-74.848224,45.957509],[-74.848227,45.957509],[-74.848229,45.957508],[-74.848232,45.957508],[-74.848234,45.957507],[-74.848237,45.957507],[-74.848239,45.957506],[-74.848242,45.957506],[-74.848244,45.957505],[-74.848247,45.957505],[-74.848249,45.957504],[-74.848252,45.957504],[-74.848254,45.957503],[-74.848257,45.957503],[-74.848259,45.957502],[-74.848262,45.957502],[-74.848264,45.957501],[-74.848267,45.957501],[-74.848269,45.9575],[-74.848271,45.9575],[-74.848274,45.957499],[-74.848276,45.957499],[-74.848279,45.957498],[-74.848281,45.957498],[-74.848284,45.957497],[-74.848286,45.957497],[-74.848289,45.957496],[-74.848291,45.957496],[-74.848294,45.957495],[-74.848296,45.957495],[-74.848299,45.957494],[-74.848301,45.957494],[-74.848304,45.957493],[-74.848306,45.957493],[-74.848308,45.957493],[-74.848311,45.957492],[-74.848313,45.957492],[-74.848316,45.957491],[-74.848318,45.957491],[-74.848321,45.95749],[-74.848323,45.95749],[-74.848326,45.957489],[-74.848328,45.957489],[-74.848331,45.957488],[-74.848333,45.957488],[-74.848336,45.957487],[-74.848338,45.957487],[-74.848341,45.957486],[-74.848343,45.957486],[-74.848346,45.957485],[-74.848348,45.957485],[-74.848351,45.957484],[-74.848353,45.957484],[-74.848355,45.957484],[-74.848358,45.957483],[-74.84836,45.957483],[-74.848363,45.957482],[-74.848365,45.957482],[-74.848368,45.957481],[-74.84837,45.957481],[-74.848373,45.95748],[-74.848375,45.95748],[-74.848378,45.957479],[-74.84838,45.957479],[-74.848383,45.957479],[-74.848385,45.957478],[-74.848388,45.957478],[-74.84839,45.957477],[-74.848393,45.957477],[-74.848395,45.957476],[-74.848398,45.957476],[-74.8484,45.957475],[-74.848403,45.957475],[-74.848405,45.957474],[-74.848408,45.957474],[-74.84841,45.957474],[-74.848413,45.957473],[-74.848415,45.957473],[-74.848418,45.957472],[-74.84842,45.957472],[-74.848423,45.957471],[-74.848425,45.957471],[-74.848427,45.957471],[-74.84843,45.95747],[-74.848432,45.95747],[-74.848435,45.957469],[-74.848437,45.957469],[-74.84844,45.957468],[-74.848442,45.957468],[-74.848445,45.957468],[-74.848447,45.957467],[-74.84845,45.957467],[-74.848452,45.957466],[-74.848455,45.957466],[-74.848457,45.957465],[-74.84846,45.957465],[-74.848462,45.957465],[-74.848465,45.957464],[-74.848467,45.957464],[-74.84847,45.957463],[-74.848472,45.957463],[-74.848475,45.957462],[-74.848477,45.957462],[-74.84848,45.957462],[-74.848482,45.957461],[-74.846997,45.957536],[-74.846712,45.957551]]]}},{"type":"Feature","properties":{"nom":"Jean-François Bleoo","designation":"Jean-François Bleoo (101371) 100 % (responsable)","statut":"actif","lomiko":false,"centre":[-75.70488,45.76208]},"geometry":{"type":"Polygon","coordinates":[[[-75.7,45.758333],[-75.704925,45.758333],[-75.704964,45.758426],[-75.705137,45.758758],[-75.70534,45.759081],[-75.705574,45.759394],[-75.705836,45.759696],[-75.706126,45.759985],[-75.706442,45.760261],[-75.706784,45.760521],[-75.706806,45.760536],[-75.706573,45.760707],[-75.706249,45.760977],[-75.70595,45.761263],[-75.70568,45.761561],[-75.705437,45.761871],[-75.705225,45.762191],[-75.705042,45.76252],[-75.704891,45.762857],[-75.704771,45.763201],[-75.704684,45.763548],[-75.70463,45.7639],[-75.704608,45.764253],[-75.70462,45.764606],[-75.704664,45.764958],[-75.704741,45.765307],[-75.704851,45.765652],[-75.704993,45.765991],[-75.705141,45.766279],[-75.705359,45.766667],[-75.7,45.766667],[-75.7,45.758333]]]}},{"type":"Feature","properties":{"nom":"Lise Jasmin","designation":"Lise Jasmin (101026) 100 % (responsable)","statut":"actif","lomiko":false,"centre":[-75.52833,45.58667]},"geometry":{"type":"Polygon","coordinates":[[[-75.525,45.583333],[-75.533333,45.583333],[-75.533333,45.591667],[-75.525,45.591667],[-75.525,45.583333]]]}},{"type":"Feature","properties":{"nom":"Cedric Brazeau","designation":"Cedric Brazeau (94255) 100 % (responsable)","statut":"actif","lomiko":false,"centre":[-75.00333,45.93667]},"geometry":{"type":"Polygon","coordinates":[[[-75.0,45.933333],[-75.008333,45.933333],[-75.008333,45.941667],[-75.0,45.941667],[-75.0,45.933333]]]}},{"type":"Feature","properties":{"nom":"Eastern Ridge Resources Corp.","designation":"Eastern Ridge Resources Corp. (101783) 100 % (responsable)","statut":"actif","lomiko":false,"centre":[-75.23052,46.30389]},"geometry":{"type":"Polygon","coordinates":[[[-75.231028,46.3],[-75.233333,46.3],[-75.233333,46.308333],[-75.22915,46.308333],[-75.229164,46.307889],[-75.229327,46.307446],[-75.229484,46.307039],[-75.22998,46.306249],[-75.230284,46.305772],[-75.230301,46.30503],[-75.230305,46.304714],[-75.23032,46.30407],[-75.230181,46.30343],[-75.228682,46.302033],[-75.23008,46.301301],[-75.231315,46.300786],[-75.231314,46.300784],[-75.231317,46.300783],[-75.231028,46.3]]]}},{"type":"Feature","properties":{"nom":"Gilles Douaire","designation":"Gilles Douaire (88384) 100 % (responsable)","statut":"actif","lomiko":false,"centre":[-76.0803,45.81667]},"geometry":{"type":"Polygon","coordinates":[[[-76.091667,45.816667],[-76.091667,45.825],[-76.083333,45.825],[-76.075,45.825],[-76.066667,45.825],[-76.066667,45.816667],[-76.066667,45.808333],[-76.075,45.808333],[-76.083333,45.808333],[-76.091667,45.808333],[-76.091667,45.816667]]]}},{"type":"Feature","properties":{"nom":"Aladdin Coulombe-Tremblay","designation":"Aladdin Coulombe-Tremblay (100158) 100 % (responsable)","statut":"actif","lomiko":false,"centre":[-74.53296,45.76088]},"geometry":{"type":"Polygon","coordinates":[[[-74.533333,45.760033],[-74.533333,45.761961],[-74.532598,45.761546],[-74.532523,45.761066],[-74.532669,45.760662],[-74.533333,45.760033]]]}},{"type":"Feature","properties":{"nom":"Aladdin Coulombe-Tremblay","designation":"Aladdin Coulombe-Tremblay (100158) 100 % (responsable)","statut":"actif","lomiko":false,"centre":[-74.52863,45.75955]},"geometry":{"type":"Polygon","coordinates":[[[-74.525,45.758333],[-74.531936,45.758333],[-74.532134,45.758379],[-74.532453,45.758559],[-74.532765,45.758916],[-74.532652,45.759721],[-74.531887,45.760048],[-74.531386,45.760087],[-74.529748,45.759742],[-74.529544,45.759673],[-74.529391,45.759435],[-74.529325,45.759355],[-74.529236,45.759272],[-74.529128,45.759179],[-74.529009,45.759086],[-74.528897,45.759042],[-74.52883,45.758996],[-74.528798,45.758973],[-74.528781,45.75894],[-74.528797,45.758907],[-74.528859,45.758881],[-74.528961,45.758854],[-74.52908,45.758826],[-74.529192,45.758779],[-74.529261,45.758731],[-74.529321,45.758678],[-74.529344,45.758616],[-74.52931,45.758555],[-74.529255,45.758527],[-74.529192,45.758532],[-74.52915,45.758573],[-74.529151,45.758616],[-74.529149,45.758653],[-74.529126,45.75869],[-74.52906,45.758718],[-74.528995,45.758725],[-74.528931,45.758712],[-74.52886,45.758698],[-74.528766,45.758716],[-74.528722,45.75876],[-74.528663,45.758835],[-74.528637,45.75889],[-74.528588,45.758946],[-74.528505,45.758994],[-74.52841,45.759047],[-74.528305,45.759102],[-74.528196,45.759156],[-74.52801,45.759238],[-74.527942,45.759277],[-74.527891,45.759334],[-74.527868,45.759393],[-74.527854,45.759454],[-74.527867,45.759531],[-74.527854,45.759667],[-74.527834,45.759713],[-74.527774,45.75977],[-74.527676,45.759833],[-74.527598,45.759866],[-74.52752,45.759878],[-74.527398,45.759884],[-74.52729,45.75987],[-74.527165,45.759839],[-74.52706,45.759828],[-74.526981,45.759847],[-74.526925,45.759893],[-74.526876,45.759951],[-74.526814,45.76002],[-74.526807,45.760081],[-74.526822,45.760126],[-74.526838,45.760169],[-74.526864,45.760228],[-74.526929,45.760343],[-74.526954,45.760409],[-74.526973,45.760459],[-74.52702,45.760501],[-74.527086,45.760531],[-74.527231,45.76055],[-74.52729,45.760552],[-74.526819,45.760878],[-74.526762,45.761101],[-74.530263,45.761696],[-74.53077,45.76178],[-74.532108,45.762003],[-74.533333,45.762206],[-74.533333,45.763067],[-74.525,45.76159],[-74.525,45.758333]]]}},{"type":"Feature","properties":{"nom":"Jerry McCullough","designation":"Jerry McCullough (81080) 100 % (responsable)","statut":"actif","lomiko":false,"centre":[-76.16852,46.49259]},"geometry":{"type":"Polygon","coordinates":[[[-76.175,46.491667],[-76.175,46.5],[-76.166667,46.5],[-76.158333,46.5],[-76.158333,46.491667],[-76.166667,46.491667],[-76.166667,46.483333],[-76.175,46.483333],[-76.175,46.491667]]]}},{"type":"Feature","properties":{"nom":"Jerry McCullough","designation":"Jerry McCullough (81080) 100 % (responsable)","statut":"actif","lomiko":false,"centre":[-76.12619,46.4869]},"geometry":{"type":"Polygon","coordinates":[[[-76.133333,46.483333],[-76.133333,46.491667],[-76.125,46.491667],[-76.116667,46.491667],[-76.116667,46.483333],[-76.125,46.483333],[-76.133333,46.483333]]]}},{"type":"Feature","properties":{"nom":"Jerry McCullough","designation":"Jerry McCullough (81080) 100 % (responsable)","statut":"actif","lomiko":false,"centre":[-76.14048,46.47976]},"geometry":{"type":"Polygon","coordinates":[[[-76.133333,46.483333],[-76.133333,46.475],[-76.141667,46.475],[-76.15,46.475],[-76.15,46.483333],[-76.141667,46.483333],[-76.133333,46.483333]]]}},{"type":"Feature","properties":{"nom":"Jerry McCullough","designation":"Jerry McCullough (81080) 100 % (responsable)","statut":"actif","lomiko":false,"centre":[-76.20441,46.45588]},"geometry":{"type":"Polygon","coordinates":[[[-76.216667,46.458333],[-76.216667,46.466667],[-76.208333,46.466667],[-76.2,46.466667],[-76.191667,46.466667],[-76.183333,46.466667],[-76.183333,46.458333],[-76.191667,46.458333],[-76.191667,46.45],[-76.191667,46.441667],[-76.2,46.441667],[-76.208333,46.441667],[-76.208333,46.45],[-76.216667,46.45],[-76.225,46.45],[-76.225,46.458333],[-76.216667,46.458333]]]}},{"type":"Feature","properties":{"nom":"Jerry McCullough","designation":"Jerry McCullough (81080) 100 % (responsable)","statut":"actif","lomiko":false,"centre":[-76.20333,46.45333]},"geometry":{"type":"Polygon","coordinates":[[[-76.2,46.45],[-76.2,46.458333],[-76.208333,46.458333],[-76.208333,46.45],[-76.2,46.45]]]}},{"type":"Feature","properties":{"nom":"Jerry McCullough","designation":"Jerry McCullough (81080) 100 % (responsable)","statut":"actif","lomiko":false,"centre":[-76.18,46.455]},"geometry":{"type":"Polygon","coordinates":[[[-76.183333,46.458333],[-76.175,46.458333],[-76.175,46.45],[-76.183333,46.45],[-76.183333,46.458333]]]}},{"type":"Feature","properties":{"nom":"François Lefebvre","designation":"François Lefebvre (102747) 100 % (responsable)","statut":"actif","lomiko":false,"centre":[-76.30333,46.55333]},"geometry":{"type":"Polygon","coordinates":[[[-76.3,46.55],[-76.308333,46.55],[-76.308333,46.558333],[-76.3,46.558333],[-76.3,46.55]]]}},{"type":"Feature","properties":{"nom":"François Lefebvre","designation":"François Lefebvre (102747) 100 % (responsable)","statut":"actif","lomiko":false,"centre":[-75.6631,46.09167]},"geometry":{"type":"Polygon","coordinates":[[[-75.666667,46.091667],[-75.666667,46.1],[-75.658333,46.1],[-75.658333,46.091667],[-75.658333,46.083333],[-75.666667,46.083333],[-75.666667,46.091667]]]}},{"type":"Feature","properties":{"nom":"François Lefebvre","designation":"François Lefebvre (102747) 100 % (responsable)","statut":"actif","lomiko":false,"centre":[-75.945,45.93667]},"geometry":{"type":"Polygon","coordinates":[[[-75.941667,45.933333],[-75.95,45.933333],[-75.95,45.941667],[-75.941667,45.941667],[-75.941667,45.933333]]]}},{"type":"Feature","properties":{"nom":"François Lefebvre","designation":"François Lefebvre (102747) 100 % (responsable)","statut":"actif","lomiko":false,"centre":[-75.65333,45.62]},"geometry":{"type":"Polygon","coordinates":[[[-75.65,45.616667],[-75.658333,45.616667],[-75.658333,45.625],[-75.65,45.625],[-75.65,45.616667]]]}},{"type":"Feature","properties":{"nom":"Andre Dubuc","designation":"Andre Dubuc (103049) 100 % (responsable)","statut":"actif","lomiko":false,"centre":[-75.17,45.83667]},"geometry":{"type":"Polygon","coordinates":[[[-75.166667,45.833333],[-75.175,45.833333],[-75.175,45.841667],[-75.166667,45.841667],[-75.166667,45.833333]]]}},{"type":"Feature","properties":{"nom":"Guylaine Gagné","designation":"Guylaine Gagné (102834) 100 % (responsable)","statut":"actif","lomiko":false,"centre":[-75.49146,45.73418]},"geometry":{"type":"Polygon","coordinates":[[[-75.491238,45.733333],[-75.491667,45.733333],[-75.491667,45.735244],[-75.491515,45.735255],[-75.491417,45.734581],[-75.491238,45.733333]]]}},{"type":"Feature","properties":{"nom":"Dany Bernier","designation":"Dany Bernier (103741) 100 % (responsable)","statut":"actif","lomiko":false,"centre":[-75.69546,45.5464]},"geometry":{"type":"Polygon","coordinates":[[[-75.691667,45.541667],[-75.7,45.541667],[-75.7,45.548826],[-75.699957,45.54883],[-75.696579,45.54915],[-75.692104,45.549656],[-75.691667,45.549706],[-75.691667,45.541667]]]}},{"type":"Feature","properties":{"nom":"Denis Pilon","designation":"Denis Pilon (83053) 100 % (responsable)","statut":"actif","lomiko":false,"centre":[-75.82,46.33667]},"geometry":{"type":"Polygon","coordinates":[[[-75.816667,46.333333],[-75.825,46.333333],[-75.825,46.341667],[-75.816667,46.341667],[-75.816667,46.333333]]]}},{"type":"Feature","properties":{"nom":"François Perreault","designation":"François Perreault (103711) 100 % (responsable)","statut":"actif","lomiko":false,"centre":[-74.69001,45.89933]},"geometry":{"type":"Polygon","coordinates":[[[-74.691667,45.9042],[-74.691518,45.90432],[-74.691214,45.905115],[-74.691082,45.90532],[-74.69025,45.905746],[-74.69011,45.905978],[-74.689857,45.906076],[-74.689552,45.906322],[-74.68908,45.906013],[-74.688222,45.906587],[-74.687834,45.906786],[-74.687428,45.907114],[-74.687094,45.907363],[-74.686365,45.907643],[-74.685752,45.908028],[-74.685067,45.908333],[-74.683333,45.908333],[-74.683333,45.907533],[-74.683423,45.907549],[-74.684187,45.907563],[-74.684838,45.9074],[-74.685536,45.906952],[-74.686618,45.906479],[-74.686642,45.905849],[-74.686268,45.905721],[-74.685382,45.905925],[-74.684436,45.905601],[-74.683781,45.905797],[-74.683333,45.905743],[-74.683333,45.904085],[-74.683627,45.903885],[-74.684842,45.903214],[-74.686143,45.903026],[-74.685868,45.902149],[-74.685362,45.901081],[-74.685461,45.90045],[-74.686267,45.9],[-74.687309,45.899419],[-74.687111,45.898384],[-74.687529,45.897859],[-74.688113,45.897573],[-74.687779,45.897241],[-74.687707,45.897202],[-74.68755,45.897078],[-74.686578,45.896843],[-74.685982,45.896545],[-74.685927,45.896663],[-74.685854,45.89655],[-74.685552,45.896516],[-74.685847,45.89646],[-74.685777,45.896324],[-74.68495,45.895189],[-74.684175,45.89513],[-74.683333,45.895429],[-74.683333,45.894445],[-74.683688,45.894334],[-74.684455,45.894218],[-74.684676,45.893852],[-74.685509,45.89358],[-74.686245,45.894062],[-74.686384,45.894146],[-74.686206,45.894421],[-74.686653,45.894317],[-74.687382,45.89402],[-74.687807,45.894263],[-74.687227,45.894586],[-74.687217,45.894589],[-74.687188,45.894588],[-74.68716,45.894565],[-74.687144,45.894571],[-74.687084,45.894592],[-74.687043,45.894624],[-74.687031,45.894654],[-74.687029,45.894664],[-74.686037,45.894687],[-74.686632,45.895519],[-74.686595,45.895529],[-74.686559,45.895541],[-74.686561,45.895561],[-74.686564,45.895613],[-74.686593,45.89567],[-74.686632,45.895708],[-74.686678,45.895736],[-74.686734,45.895762],[-74.686765,45.895776],[-74.686809,45.895766],[-74.686935,45.895943],[-74.688464,45.896393],[-74.68891,45.896762],[-74.689309,45.897266],[-74.689575,45.89744],[-74.690107,45.897607],[-74.691009,45.897587],[-74.691486,45.897202],[-74.691667,45.897132],[-74.692329,45.896877],[-74.692849,45.896185],[-74.694033,45.895486],[-74.695071,45.895433],[-74.695769,45.895602],[-74.696262,45.895577],[-74.696598,45.895675],[-74.698374,45.896838],[-74.698833,45.896929],[-74.7,45.897063],[-74.700452,45.897115],[-74.701444,45.897372],[-74.70548,45.897339],[-74.707492,45.89764],[-74.708333,45.897995],[-74.708333,45.899837],[-74.707119,45.899667],[-74.706233,45.899293],[-74.705396,45.899137],[-74.7009,45.899184],[-74.700148,45.898948],[-74.7,45.898905],[-74.699705,45.898818],[-74.698349,45.898736],[-74.697382,45.898503],[-74.696285,45.897982],[-74.695949,45.898119],[-74.695392,45.898786],[-74.695289,45.89983],[-74.695113,45.9],[-74.694574,45.90052],[-74.69425,45.901057],[-74.69372,45.901878],[-74.693046,45.902993],[-74.692649,45.903609],[-74.691771,45.904115],[-74.691667,45.9042]]]}},{"type":"Feature","properties":{"nom":"François Perreault","designation":"François Perreault (103711) 100 % (responsable)","statut":"actif","lomiko":false,"centre":[-74.68353,45.89251]},"geometry":{"type":"Polygon","coordinates":[[[-74.683473,45.892318],[-74.683926,45.892363],[-74.683628,45.892806],[-74.683333,45.892821],[-74.683333,45.892431],[-74.683473,45.892318]]]}},{"type":"Feature","properties":{"nom":"LAURENTIAN WILDLIFE ESTATE ULC","designation":"LAURENTIAN WILDLIFE ESTATE ULC (103882) 100 % (responsable)","statut":"actif","lomiko":false,"centre":[-74.58557,45.98462]},"geometry":{"type":"Polygon","coordinates":[[[-74.591667,45.98879],[-74.591351,45.988742],[-74.591047,45.988707],[-74.590983,45.988701],[-74.590785,45.988683],[-74.59028,45.988653],[-74.589774,45.988646],[-74.589267,45.988663],[-74.588764,45.988702],[-74.588567,45.988724],[-74.588503,45.988732],[-74.588201,45.988772],[-74.587709,45.988857],[-74.587226,45.988964],[-74.586754,45.989093],[-74.586295,45.989243],[-74.586215,45.989273],[-74.586161,45.989292],[-74.585798,45.989434],[-74.585371,45.989625],[-74.584963,45.989834],[-74.584576,45.990062],[-74.584219,45.990301],[-74.583801,45.990599],[-74.583792,45.990606],[-74.583629,45.990726],[-74.583547,45.990508],[-74.583394,45.990172],[-74.583333,45.990064],[-74.583209,45.989843],[-74.582993,45.989523],[-74.582942,45.989454],[-74.58292,45.989424],[-74.582726,45.989184],[-74.582453,45.988887],[-74.582152,45.988602],[-74.581825,45.988332],[-74.581474,45.988078],[-74.581465,45.988072],[-74.581425,45.988045],[-74.58106,45.987813],[-74.580664,45.987593],[-74.580248,45.987391],[-74.579814,45.987209],[-74.579446,45.987074],[-74.579391,45.987055],[-74.579309,45.987028],[-74.578845,45.986886],[-74.578368,45.986766],[-74.577881,45.986668],[-74.577386,45.986593],[-74.577082,45.986558],[-74.576615,45.986511],[-74.576418,45.986493],[-74.575913,45.986463],[-74.575627,45.986457],[-74.575612,45.986455],[-74.575519,45.986446],[-74.575322,45.986428],[-74.575,45.986409],[-74.575,45.983333],[-74.575,45.975],[-74.575,45.96874],[-74.575809,45.968889],[-74.576585,45.969031],[-74.577341,45.969169],[-74.578103,45.969309],[-74.581259,45.969887],[-74.583333,45.970282],[-74.584617,45.970526],[-74.586954,45.970934],[-74.587263,45.970983],[-74.587417,45.971005],[-74.587685,45.971043],[-74.587906,45.971038],[-74.588073,45.971018],[-74.588292,45.970954],[-74.588521,45.9709],[-74.588795,45.970894],[-74.589137,45.970949],[-74.591311,45.97128],[-74.591002,45.972246],[-74.590113,45.975],[-74.587423,45.983333],[-74.586753,45.985409],[-74.587034,45.985449],[-74.590183,45.98589],[-74.591667,45.986084],[-74.592357,45.986175],[-74.592718,45.986228],[-74.592718,45.986232],[-74.592713,45.986304],[-74.592709,45.986382],[-74.592701,45.98646],[-74.592691,45.986569],[-74.592681,45.986923],[-74.592705,45.987275],[-74.592761,45.987626],[-74.592794,45.987768],[-74.592808,45.987826],[-74.592865,45.988031],[-74.592987,45.988374],[-74.59314,45.988711],[-74.593325,45.98904],[-74.593461,45.98924],[-74.593356,45.989205],[-74.593274,45.989177],[-74.59281,45.989036],[-74.592333,45.988916],[-74.591846,45.988818],[-74.591667,45.98879]]]}},{"type":"Feature","properties":{"nom":"LAURENTIAN WILDLIFE ESTATE ULC","designation":"LAURENTIAN WILDLIFE ESTATE ULC (103882) 100 % (responsable)","statut":"actif","lomiko":false,"centre":[-74.72286,45.9663]},"geometry":{"type":"Polygon","coordinates":[[[-74.725,45.972224],[-74.725,45.975],[-74.723726,45.975],[-74.723733,45.974963],[-74.723775,45.974611],[-74.723784,45.974258],[-74.723759,45.973905],[-74.723702,45.973554],[-74.723669,45.973412],[-74.723661,45.973382],[-74.723604,45.973176],[-74.723481,45.972834],[-74.723327,45.972497],[-74.723145,45.972175],[-74.721692,45.972159],[-74.721269,45.972154],[-74.719885,45.972138],[-74.716667,45.97209],[-74.716667,45.966667],[-74.708333,45.966667],[-74.7,45.966667],[-74.7,45.958333],[-74.7,45.95],[-74.708333,45.95],[-74.716667,45.95],[-74.716667,45.941667],[-74.725,45.941667],[-74.733333,45.941667],[-74.733333,45.95],[-74.733333,45.958333],[-74.733333,45.961669],[-74.732913,45.961679],[-74.732857,45.966667],[-74.725,45.966667],[-74.733333,45.966667],[-74.733333,45.972325],[-74.731766,45.972306],[-74.729911,45.972288],[-74.729406,45.972283],[-74.72602,45.972239],[-74.725,45.972224]]]}},{"type":"Feature","properties":{"nom":"LAURENTIAN WILDLIFE ESTATE ULC","designation":"LAURENTIAN WILDLIFE ESTATE ULC (103882) 100 % (responsable)","statut":"actif","lomiko":false,"centre":[-74.72555,45.96935]},"geometry":{"type":"Polygon","coordinates":[[[-74.725,45.968563],[-74.725,45.972197],[-74.72602,45.972208],[-74.726054,45.969262],[-74.726052,45.96926],[-74.72596,45.969186],[-74.725866,45.969113],[-74.72577,45.969041],[-74.725672,45.968971],[-74.725571,45.968902],[-74.725468,45.968835],[-74.725364,45.96877],[-74.725257,45.968706],[-74.725129,45.968633],[-74.725,45.968563]]]}},{"type":"Feature","properties":{"nom":"LAURENTIAN WILDLIFE ESTATE ULC","designation":"LAURENTIAN WILDLIFE ESTATE ULC (103882) 100 % (responsable)","statut":"actif","lomiko":false,"centre":[-74.60232,45.95641]},"geometry":{"type":"Polygon","coordinates":[[[-74.608333,45.958333],[-74.608333,45.959038],[-74.608081,45.959094],[-74.60761,45.959223],[-74.607151,45.959373],[-74.60707,45.959402],[-74.606991,45.959431],[-74.606629,45.959573],[-74.606202,45.959763],[-74.605795,45.959973],[-74.605408,45.960201],[-74.605052,45.96044],[-74.604754,45.960652],[-74.604746,45.960659],[-74.604406,45.960919],[-74.604329,45.960702],[-74.604175,45.960365],[-74.60399,45.960037],[-74.603775,45.959717],[-74.603724,45.959648],[-74.603701,45.959619],[-74.603508,45.959378],[-74.603234,45.959081],[-74.602934,45.958797],[-74.602607,45.958527],[-74.60234,45.958333],[-74.602256,45.958272],[-74.602246,45.958266],[-74.601971,45.95808],[-74.601606,45.957848],[-74.60138,45.957722],[-74.601385,45.957705],[-74.601435,45.95755],[-74.601435,45.95755],[-74.601021,45.957485],[-74.600803,45.957279],[-74.600476,45.957009],[-74.600125,45.956755],[-74.600116,45.956748],[-74.6,45.95667],[-74.599883,45.956591],[-74.599518,45.956359],[-74.599122,45.956139],[-74.598706,45.955937],[-74.598686,45.955928],[-74.598622,45.955899],[-74.598559,45.955869],[-74.598417,45.955804],[-74.598074,45.955657],[-74.597973,45.955589],[-74.598168,45.955518],[-74.59853,45.955376],[-74.598956,45.955185],[-74.599364,45.954976],[-74.599751,45.954748],[-74.6,45.954581],[-74.600107,45.954509],[-74.600145,45.954482],[-74.600154,45.954476],[-74.600495,45.954215],[-74.600811,45.953938],[-74.6011,45.953648],[-74.601362,45.953346],[-74.601546,45.953102],[-74.601567,45.953072],[-74.601615,45.953002],[-74.601818,45.952679],[-74.60199,45.952346],[-74.60213,45.952007],[-74.602238,45.951662],[-74.602287,45.951455],[-74.602293,45.951425],[-74.60232,45.951282],[-74.602363,45.95093],[-74.602372,45.950577],[-74.602349,45.950224],[-74.602313,45.95],[-74.608333,45.95],[-74.608333,45.958333]]]}},{"type":"Feature","properties":{"nom":"Claude Montreuil","designation":"Claude Montreuil (103858) 100 % (responsable)","statut":"actif","lomiko":false,"centre":[-75.41461,45.62022]},"geometry":{"type":"Polygon","coordinates":[[[-75.416667,45.625],[-75.408333,45.625],[-75.408333,45.618919],[-75.408453,45.618655],[-75.40854,45.618409],[-75.408718,45.618295],[-75.409067,45.61804],[-75.409392,45.61777],[-75.40969,45.617486],[-75.409962,45.617189],[-75.410205,45.616879],[-75.410348,45.616667],[-75.410372,45.616667],[-75.410728,45.616746],[-75.411217,45.616831],[-75.411712,45.616893],[-75.412213,45.616933],[-75.412715,45.616949],[-75.413219,45.616942],[-75.41372,45.616912],[-75.414218,45.61686],[-75.41471,45.616784],[-75.415193,45.616686],[-75.41527,45.616667],[-75.416264,45.616667],[-75.416405,45.620136],[-75.416412,45.620262],[-75.416455,45.620614],[-75.41653,45.620964],[-75.416638,45.621309],[-75.416667,45.621379],[-75.416777,45.621648],[-75.416948,45.62198],[-75.41715,45.622304],[-75.417381,45.622618],[-75.417641,45.62292],[-75.417929,45.62321],[-75.418243,45.623486],[-75.418582,45.623747],[-75.418945,45.623992],[-75.41933,45.62422],[-75.419735,45.62443],[-75.420159,45.62462],[-75.4206,45.624791],[-75.421055,45.624941],[-75.42127,45.625],[-75.416667,45.625]]]}},{"type":"Feature","properties":{"nom":"Claude Montreuil","designation":"Claude Montreuil (103858) 100 % (responsable)","statut":"actif","lomiko":false,"centre":[-75.38667,45.60333]},"geometry":{"type":"Polygon","coordinates":[[[-75.383333,45.6],[-75.391667,45.6],[-75.391667,45.608333],[-75.383333,45.608333],[-75.383333,45.6]]]}},{"type":"Feature","properties":{"nom":"Claude Montreuil","designation":"Claude Montreuil (103858) 100 % (responsable)","statut":"actif","lomiko":false,"centre":[-75.445,45.55333]},"geometry":{"type":"Polygon","coordinates":[[[-75.441667,45.55],[-75.45,45.55],[-75.45,45.558333],[-75.441667,45.558333],[-75.441667,45.55]]]}},{"type":"Feature","properties":{"nom":"Claude Montreuil","designation":"Claude Montreuil (103858) 100 % (responsable)","statut":"actif","lomiko":false,"centre":[-75.64204,45.51869]},"geometry":{"type":"Polygon","coordinates":[[[-75.633333,45.525],[-75.633333,45.533333],[-75.625,45.533333],[-75.625,45.525],[-75.625,45.516667],[-75.616667,45.516667],[-75.616667,45.511439],[-75.618621,45.511441],[-75.618672,45.511442],[-75.619207,45.511441],[-75.620873,45.51144],[-75.622791,45.511449],[-75.623614,45.511453],[-75.623766,45.511454],[-75.62461,45.511451],[-75.624658,45.511452],[-75.6247,45.511452],[-75.625,45.511451],[-75.625481,45.511449],[-75.626415,45.511447],[-75.628808,45.511456],[-75.631765,45.511461],[-75.633333,45.511463],[-75.634785,45.511466],[-75.637411,45.511459],[-75.637401,45.512067],[-75.637533,45.512945],[-75.637581,45.513259],[-75.63788,45.515237],[-75.638096,45.516667],[-75.638155,45.517061],[-75.638397,45.518662],[-75.638605,45.518963],[-75.638689,45.519492],[-75.640725,45.518934],[-75.640764,45.51889],[-75.640855,45.518827],[-75.640893,45.518801],[-75.640958,45.518774],[-75.641023,45.518703],[-75.641114,45.518613],[-75.641203,45.518614],[-75.641255,45.518587],[-75.641319,45.51857],[-75.64146,45.518571],[-75.641524,45.51858],[-75.641575,45.518608],[-75.641667,45.518669],[-75.64174,45.518717],[-75.641803,45.518753],[-75.641867,45.518763],[-75.641931,45.518772],[-75.64202,45.518791],[-75.642109,45.518801],[-75.642121,45.518864],[-75.642108,45.5189],[-75.642107,45.518945],[-75.64212,45.518981],[-75.64217,45.518999],[-75.642222,45.518973],[-75.642261,45.518928],[-75.642339,45.518829],[-75.642442,45.518803],[-75.642544,45.518858],[-75.642595,45.518876],[-75.64271,45.518904],[-75.642773,45.518914],[-75.642824,45.51895],[-75.642912,45.519059],[-75.642937,45.519113],[-75.642987,45.519158],[-75.643051,45.519186],[-75.643115,45.519177],[-75.643233,45.519016],[-75.643259,45.518971],[-75.64331,45.518954],[-75.643374,45.518963],[-75.643489,45.519018],[-75.643526,45.519054],[-75.64359,45.519091],[-75.643666,45.519127],[-75.64373,45.519146],[-75.643768,45.519173],[-75.643806,45.5192],[-75.643856,45.519282],[-75.643894,45.519318],[-75.643944,45.519345],[-75.644008,45.519355],[-75.644072,45.519355],[-75.644201,45.519311],[-75.644252,45.519303],[-75.644316,45.519312],[-75.644354,45.519348],[-75.644379,45.519385],[-75.644455,45.519439],[-75.644596,45.51944],[-75.644878,45.519424],[-75.645031,45.519425],[-75.645095,45.519417],[-75.64521,45.519427],[-75.645325,45.519437],[-75.645517,45.519447],[-75.645619,45.519466],[-75.645657,45.519502],[-75.645733,45.519593],[-75.645784,45.519611],[-75.645834,45.519638],[-75.645898,45.519648],[-75.645962,45.519657],[-75.646077,45.519676],[-75.646128,45.519695],[-75.646179,45.51974],[-75.646254,45.519804],[-75.646318,45.519813],[-75.646382,45.519805],[-75.646421,45.519778],[-75.646447,45.519742],[-75.646461,45.519697],[-75.6465,45.51967],[-75.646564,45.519653],[-75.646615,45.519662],[-75.64664,45.519707],[-75.646652,45.519753],[-75.64669,45.519798],[-75.646753,45.519816],[-75.646842,45.519871],[-75.646867,45.519952],[-75.646905,45.519979],[-75.646956,45.519989],[-75.646994,45.519962],[-75.647021,45.519926],[-75.647034,45.519881],[-75.647086,45.519855],[-75.647252,45.519856],[-75.647303,45.519847],[-75.647406,45.519848],[-75.647457,45.51984],[-75.647547,45.51984],[-75.6477,45.519841],[-75.647982,45.519798],[-75.648137,45.519737],[-75.648214,45.519719],[-75.648521,45.519757],[-75.648661,45.519813],[-75.648711,45.519849],[-75.6488,45.519931],[-75.64885,45.519958],[-75.648902,45.519967],[-75.648953,45.51995],[-75.649069,45.519888],[-75.649198,45.519826],[-75.649288,45.519817],[-75.649352,45.519836],[-75.649402,45.519881],[-75.649439,45.519962],[-75.649438,45.520016],[-75.649412,45.520061],[-75.649399,45.520106],[-75.649385,45.520151],[-75.649409,45.520259],[-75.649447,45.520304],[-75.649485,45.520332],[-75.649536,45.52035],[-75.649587,45.520359],[-75.649638,45.520351],[-75.649729,45.520279],[-75.64978,45.520262],[-75.649946,45.520308],[-75.649997,45.520335],[-75.65,45.520335],[-75.65,45.525],[-75.641667,45.525],[-75.633333,45.525]]]}},{"type":"Feature","properties":{"nom":"Claude Montreuil","designation":"Claude Montreuil (103858) 100 % (responsable)","statut":"actif","lomiko":false,"centre":[-75.82366,45.45196]},"geometry":{"type":"Polygon","coordinates":[[[-75.825,45.458333],[-75.816667,45.458333],[-75.816667,45.452759],[-75.816718,45.452753],[-75.816886,45.452733],[-75.817715,45.452631],[-75.817885,45.45261],[-75.818276,45.452563],[-75.818488,45.452535],[-75.818665,45.45251],[-75.818684,45.452507],[-75.818701,45.452504],[-75.818971,45.452461],[-75.819147,45.452428],[-75.819414,45.452377],[-75.819444,45.452372],[-75.819454,45.45237],[-75.819463,45.452368],[-75.819744,45.452306],[-75.819756,45.452303],[-75.819856,45.452281],[-75.820094,45.452221],[-75.820134,45.452211],[-75.820605,45.452082],[-75.820623,45.452077],[-75.820673,45.452062],[-75.820842,45.452081],[-75.820973,45.453119],[-75.820993,45.453114],[-75.821012,45.453108],[-75.821032,45.453103],[-75.821051,45.453098],[-75.821071,45.453093],[-75.82109,45.453088],[-75.82111,45.453082],[-75.821129,45.453077],[-75.821149,45.453072],[-75.821168,45.453067],[-75.821187,45.453061],[-75.821207,45.453056],[-75.821226,45.453051],[-75.821246,45.453045],[-75.821265,45.45304],[-75.821284,45.453034],[-75.821304,45.453029],[-75.821323,45.453023],[-75.821342,45.453018],[-75.821362,45.453012],[-75.821381,45.453007],[-75.8214,45.453001],[-75.821419,45.452995],[-75.821439,45.45299],[-75.821458,45.452984],[-75.821477,45.452978],[-75.821496,45.452973],[-75.821515,45.452967],[-75.821535,45.452961],[-75.821554,45.452955],[-75.821573,45.45295],[-75.821592,45.452944],[-75.821611,45.452938],[-75.82163,45.452932],[-75.821649,45.452926],[-75.821668,45.45292],[-75.821688,45.452914],[-75.821707,45.452908],[-75.821726,45.452902],[-75.821745,45.452896],[-75.821764,45.45289],[-75.821783,45.452884],[-75.821802,45.452878],[-75.821821,45.452872],[-75.821839,45.452866],[-75.821858,45.45286],[-75.821877,45.452854],[-75.821896,45.452847],[-75.821915,45.452841],[-75.821934,45.452835],[-75.821953,45.452829],[-75.821972,45.452822],[-75.82199,45.452816],[-75.822009,45.45281],[-75.822028,45.452804],[-75.822047,45.452797],[-75.822066,45.452791],[-75.822084,45.452784],[-75.822103,45.452778],[-75.822122,45.452771],[-75.82214,45.452765],[-75.822159,45.452758],[-75.822178,45.452752],[-75.822196,45.452745],[-75.822215,45.452739],[-75.822234,45.452732],[-75.822252,45.452726],[-75.822271,45.452719],[-75.822289,45.452712],[-75.822308,45.452706],[-75.822327,45.452699],[-75.822345,45.452692],[-75.822364,45.452685],[-75.822382,45.452679],[-75.822401,45.452672],[-75.822419,45.452665],[-75.822437,45.452658],[-75.822456,45.452651],[-75.822474,45.452644],[-75.822493,45.452637],[-75.822511,45.45263],[-75.822529,45.452623],[-75.822548,45.452616],[-75.822566,45.452609],[-75.822584,45.452602],[-75.822603,45.452595],[-75.822621,45.452588],[-75.822639,45.452581],[-75.822657,45.452574],[-75.822676,45.452567],[-75.822694,45.45256],[-75.822712,45.452553],[-75.82273,45.452545],[-75.822748,45.452538],[-75.822766,45.452531],[-75.822784,45.452524],[-75.822803,45.452516],[-75.822821,45.452509],[-75.822839,45.452502],[-75.822857,45.452494],[-75.822875,45.452487],[-75.822893,45.45248],[-75.822911,45.452472],[-75.822929,45.452465],[-75.822947,45.452457],[-75.822965,45.45245],[-75.822983,45.452442],[-75.823,45.452435],[-75.823018,45.452427],[-75.823036,45.45242],[-75.823054,45.452412],[-75.823072,45.452404],[-75.82309,45.452397],[-75.823107,45.452389],[-75.823125,45.452382],[-75.823143,45.452374],[-75.823161,45.452366],[-75.823178,45.452358],[-75.823196,45.452351],[-75.823214,45.452343],[-75.823231,45.452335],[-75.823249,45.452327],[-75.823267,45.452319],[-75.823284,45.452311],[-75.823302,45.452304],[-75.823319,45.452296],[-75.823337,45.452288],[-75.823354,45.45228],[-75.823372,45.452272],[-75.823389,45.452264],[-75.823407,45.452256],[-75.823424,45.452248],[-75.823442,45.45224],[-75.823459,45.452232],[-75.823476,45.452223],[-75.823494,45.452215],[-75.823511,45.452207],[-75.823528,45.452199],[-75.823546,45.452191],[-75.823563,45.452183],[-75.82358,45.452174],[-75.823597,45.452166],[-75.823615,45.452158],[-75.823632,45.45215],[-75.823649,45.452141],[-75.823667,45.452133],[-75.823684,45.452124],[-75.825,45.451511],[-75.825633,45.451216],[-75.82565,45.451205],[-75.825667,45.451194],[-75.825684,45.451183],[-75.825701,45.451172],[-75.825718,45.451161],[-75.825735,45.45115],[-75.825752,45.451139],[-75.825769,45.451128],[-75.825785,45.451117],[-75.825802,45.451105],[-75.825819,45.451094],[-75.825836,45.451083],[-75.825853,45.451072],[-75.825869,45.451061],[-75.825886,45.45105],[-75.825903,45.451038],[-75.825919,45.451027],[-75.825936,45.451016],[-75.825953,45.451005],[-75.825969,45.450993],[-75.825986,45.450982],[-75.826002,45.450971],[-75.826019,45.450959],[-75.826035,45.450948],[-75.826052,45.450936],[-75.826068,45.450925],[-75.826085,45.450914],[-75.826101,45.450902],[-75.826117,45.450891],[-75.826134,45.450879],[-75.82615,45.450868],[-75.826166,45.450856],[-75.826182,45.450845],[-75.826199,45.450833],[-75.826215,45.450822],[-75.826231,45.45081],[-75.826247,45.450798],[-75.826263,45.450787],[-75.826279,45.450775],[-75.826295,45.450763],[-75.826312,45.450752],[-75.826328,45.45074],[-75.826344,45.450728],[-75.82636,45.450717],[-75.826375,45.450705],[-75.826391,45.450693],[-75.826407,45.450681],[-75.826423,45.450669],[-75.826439,45.450658],[-75.826455,45.450646],[-75.826471,45.450634],[-75.826486,45.450622],[-75.826502,45.45061],[-75.826518,45.450598],[-75.826533,45.450586],[-75.826549,45.450574],[-75.826565,45.450563],[-75.82658,45.450551],[-75.826596,45.450539],[-75.826612,45.450527],[-75.826627,45.450515],[-75.826643,45.450502],[-75.826658,45.45049],[-75.826673,45.450478],[-75.826689,45.450466],[-75.826704,45.450454],[-75.82672,45.450442],[-75.826735,45.45043],[-75.82675,45.450418],[-75.826766,45.450406],[-75.826781,45.450393],[-75.826796,45.450381],[-75.826811,45.450369],[-75.826826,45.450357],[-75.826842,45.450344],[-75.826857,45.450332],[-75.826872,45.45032],[-75.826887,45.450308],[-75.826902,45.450295],[-75.826917,45.450283],[-75.826932,45.450271],[-75.826947,45.450258],[-75.826962,45.450246],[-75.826977,45.450233],[-75.826992,45.450221],[-75.827007,45.450209],[-75.827021,45.450196],[-75.827036,45.450184],[-75.827051,45.450171],[-75.827066,45.450159],[-75.82708,45.450146],[-75.827095,45.450134],[-75.82711,45.450121],[-75.827124,45.450108],[-75.827139,45.450096],[-75.827154,45.450083],[-75.827168,45.450071],[-75.827183,45.450058],[-75.827197,45.450045],[-75.827212,45.450033],[-75.827226,45.45002],[-75.82724,45.450007],[-75.827249,45.45],[-75.833333,45.45],[-75.833333,45.458333],[-75.825,45.458333]]]}},{"type":"Feature","properties":{"nom":"Pierre Léger","designation":"Pierre Léger (100312) 100 % (responsable)","statut":"actif","lomiko":false,"centre":[-75.9201,45.62212]},"geometry":{"type":"Polygon","coordinates":[[[-75.916667,45.617857],[-75.921767,45.620318],[-75.921845,45.620937],[-75.922356,45.624996],[-75.922407,45.624997],[-75.922408,45.625],[-75.916667,45.625],[-75.916667,45.617857]]]}},{"type":"Feature","properties":{"nom":"Elias Retsinas","designation":"Elias Retsinas (103046) 100 % (responsable)","statut":"actif","lomiko":false,"centre":[-74.5766,45.80523]},"geometry":{"type":"Polygon","coordinates":[[[-74.575,45.8],[-74.575489,45.8],[-74.575444,45.800367],[-74.575446,45.800502],[-74.576671,45.800671],[-74.576514,45.801851],[-74.576491,45.801968],[-74.576601,45.803011],[-74.576619,45.803272],[-74.57682,45.804367],[-74.576985,45.804951],[-74.577001,45.805086],[-74.576541,45.805243],[-74.576377,45.805406],[-74.576366,45.805506],[-74.576283,45.805884],[-74.576239,45.806254],[-74.576483,45.80626],[-74.576934,45.806292],[-74.577409,45.806243],[-74.578075,45.806065],[-74.578279,45.805982],[-74.578961,45.805967],[-74.57966,45.806203],[-74.579951,45.805292],[-74.579573,45.804369],[-74.579488,45.803937],[-74.579455,45.803569],[-74.579763,45.803557],[-74.581937,45.803536],[-74.582131,45.803571],[-74.582515,45.803468],[-74.5829,45.80341],[-74.583132,45.803444],[-74.583333,45.803086],[-74.583333,45.808333],[-74.583333,45.816667],[-74.575,45.816667],[-74.566667,45.816667],[-74.558333,45.816667],[-74.558333,45.808333],[-74.566667,45.808333],[-74.566667,45.8],[-74.575,45.8]]]}},{"type":"Feature","properties":{"nom":"Andre Chatelain","designation":"Andre Chatelain (103084) 100 % (responsable)","statut":"actif","lomiko":false,"centre":[-75.79907,46.45741]},"geometry":{"type":"Polygon","coordinates":[[[-75.8,46.458333],[-75.8,46.466667],[-75.791667,46.466667],[-75.791667,46.458333],[-75.791667,46.45],[-75.8,46.45],[-75.808333,46.45],[-75.808333,46.458333],[-75.8,46.458333]]]}},{"type":"Feature","properties":{"nom":"Kesang Kashi","designation":"Kesang Kashi (97674) 100 % (responsable)","statut":"actif","lomiko":false,"centre":[-75.60435,45.55557]},"geometry":{"type":"Polygon","coordinates":[[[-75.6,45.55],[-75.608333,45.55],[-75.608333,45.556677],[-75.606361,45.556861],[-75.606166,45.556879],[-75.604505,45.557034],[-75.60452,45.557151],[-75.604537,45.557243],[-75.604741,45.558283],[-75.604752,45.558333],[-75.6,45.558333],[-75.6,45.55]]]}},{"type":"Feature","properties":{"nom":"Conservation Manitou","designation":"Conservation Manitou (104160) 100 % (responsable)","statut":"actif","lomiko":false,"centre":[-74.48253,46.07713]},"geometry":{"type":"Polygon","coordinates":[[[-74.483334,46.083333],[-74.475,46.083333],[-74.475,46.076167],[-74.47518,46.076184],[-74.475686,46.076214],[-74.476372,46.076219],[-74.476446,46.076217],[-74.47649,46.076221],[-74.476598,46.076232],[-74.476795,46.07625],[-74.4773,46.07628],[-74.477808,46.076287],[-74.478315,46.076271],[-74.478819,46.076232],[-74.479016,46.076211],[-74.479454,46.076159],[-74.479757,46.076118],[-74.48025,46.076034],[-74.480734,46.075927],[-74.481207,46.075799],[-74.481667,46.075649],[-74.481748,46.07562],[-74.481802,46.0756],[-74.482166,46.075459],[-74.482593,46.075269],[-74.483002,46.075059],[-74.483104,46.075],[-74.483334,46.075],[-74.491667,46.075],[-74.491667,46.077508],[-74.491659,46.077545],[-74.491632,46.077687],[-74.491589,46.078039],[-74.491578,46.078393],[-74.491601,46.078745],[-74.491657,46.079097],[-74.491667,46.079139],[-74.491667,46.083333],[-74.483334,46.083333]]]}},{"type":"Feature","properties":{"nom":"Conservation Manitou","designation":"Conservation Manitou (104160) 100 % (responsable)","statut":"actif","lomiko":false,"centre":[-74.50455,46.06937]},"geometry":{"type":"Polygon","coordinates":[[[-74.508334,46.066667],[-74.508334,46.070253],[-74.508137,46.070223],[-74.507833,46.070188],[-74.507767,46.070181],[-74.50757,46.070163],[-74.507064,46.070133],[-74.506556,46.070126],[-74.506049,46.070142],[-74.505545,46.070181],[-74.5055,46.070186],[-74.505471,46.070171],[-74.505055,46.069969],[-74.504621,46.069786],[-74.504252,46.069651],[-74.504064,46.069587],[-74.503982,46.069559],[-74.503517,46.069418],[-74.50304,46.069297],[-74.502553,46.069199],[-74.502057,46.069123],[-74.501752,46.069088],[-74.501688,46.069082],[-74.501491,46.069064],[-74.500985,46.069033],[-74.500478,46.069026],[-74.5,46.069041],[-74.5,46.066667],[-74.508334,46.066667]]]}},{"type":"Feature","properties":{"nom":"Conservation Manitou","designation":"Conservation Manitou (104160) 100 % (responsable)","statut":"actif","lomiko":false,"centre":[-74.45333,46.07]},"geometry":{"type":"Polygon","coordinates":[[[-74.45,46.066667],[-74.458334,46.066667],[-74.458334,46.075],[-74.45,46.075],[-74.45,46.066667]]]}},{"type":"Feature","properties":{"nom":"Conservation Manitou","designation":"Conservation Manitou (104160) 100 % (responsable)","statut":"actif","lomiko":false,"centre":[-74.43667,46.07]},"geometry":{"type":"Polygon","coordinates":[[[-74.433334,46.066667],[-74.441667,46.066667],[-74.441667,46.075],[-74.433334,46.075],[-74.433334,46.066667]]]}},{"type":"Feature","properties":{"nom":"Conservation Manitou","designation":"Conservation Manitou (104160) 100 % (responsable)","statut":"actif","lomiko":false,"centre":[-74.42,46.07]},"geometry":{"type":"Polygon","coordinates":[[[-74.416667,46.066667],[-74.425,46.066667],[-74.425,46.075],[-74.416667,46.075],[-74.416667,46.066667]]]}},{"type":"Feature","properties":{"nom":"Conservation Manitou","designation":"Conservation Manitou (104160) 100 % (responsable)","statut":"actif","lomiko":false,"centre":[-74.46141,46.05724]},"geometry":{"type":"Polygon","coordinates":[[[-74.466667,46.060572],[-74.466647,46.060573],[-74.46645,46.060595],[-74.466386,46.060602],[-74.466083,46.060643],[-74.46559,46.060727],[-74.465106,46.060834],[-74.464634,46.060962],[-74.464174,46.061112],[-74.464093,46.061141],[-74.464039,46.061161],[-74.463675,46.061302],[-74.463248,46.061492],[-74.462839,46.061701],[-74.46245,46.061928],[-74.462093,46.062167],[-74.462055,46.062194],[-74.462046,46.0622],[-74.461704,46.062461],[-74.461386,46.062737],[-74.461096,46.063026],[-74.460833,46.063329],[-74.460648,46.063572],[-74.460627,46.063602],[-74.460578,46.063672],[-74.460374,46.063995],[-74.460201,46.064327],[-74.46006,46.064667],[-74.45995,46.065012],[-74.459901,46.065218],[-74.459893,46.065258],[-74.459865,46.065401],[-74.459822,46.065753],[-74.459811,46.066106],[-74.459834,46.066459],[-74.459865,46.066667],[-74.459466,46.066667],[-74.459149,46.066513],[-74.458715,46.06633],[-74.458347,46.066195],[-74.458334,46.06619],[-74.457561,46.065925],[-74.457397,46.065708],[-74.457204,46.065468],[-74.456931,46.06517],[-74.45663,46.064886],[-74.456396,46.064688],[-74.456334,46.064639],[-74.456314,46.064622],[-74.456076,46.0644],[-74.45575,46.064129],[-74.455398,46.063874],[-74.455389,46.063868],[-74.454943,46.063566],[-74.454578,46.063334],[-74.454181,46.063113],[-74.453765,46.062911],[-74.453331,46.062728],[-74.452963,46.062593],[-74.452804,46.062538],[-74.452722,46.06251],[-74.452257,46.062368],[-74.45178,46.062248],[-74.451293,46.06215],[-74.450798,46.062073],[-74.450493,46.062038],[-74.450409,46.06203],[-74.450212,46.062012],[-74.45,46.061999],[-74.449706,46.061981],[-74.449199,46.061974],[-74.448692,46.06199],[-74.448321,46.062016],[-74.448318,46.062016],[-74.448306,46.062016],[-74.447929,46.062013],[-74.447574,46.062021],[-74.447512,46.062024],[-74.44745,46.062025],[-74.447151,46.062037],[-74.446646,46.062076],[-74.44645,46.062098],[-74.44576,46.062179],[-74.445457,46.06222],[-74.444964,46.062304],[-74.444524,46.0624],[-74.44448,46.062408],[-74.444414,46.062421],[-74.443931,46.062527],[-74.443458,46.062656],[-74.442998,46.062805],[-74.442917,46.062834],[-74.442543,46.06297],[-74.44218,46.063111],[-74.441752,46.063302],[-74.441667,46.063344],[-74.441667,46.060023],[-74.44176,46.059992],[-74.441841,46.059963],[-74.441896,46.059944],[-74.442259,46.059802],[-74.442687,46.059612],[-74.443096,46.059403],[-74.443484,46.059176],[-74.443842,46.058937],[-74.44388,46.05891],[-74.443889,46.058904],[-74.444231,46.058644],[-74.444548,46.058368],[-74.444583,46.058333],[-74.45,46.058333],[-74.458334,46.058333],[-74.458334,46.05],[-74.458334,46.043921],[-74.458726,46.04372],[-74.459114,46.043492],[-74.459472,46.043254],[-74.459527,46.043215],[-74.459536,46.043209],[-74.459878,46.042948],[-74.460195,46.042672],[-74.460485,46.042383],[-74.460748,46.04208],[-74.460933,46.041837],[-74.460954,46.041807],[-74.461003,46.041737],[-74.461047,46.041667],[-74.466667,46.041667],[-74.475,46.041667],[-74.475,46.05],[-74.474333,46.05],[-74.474189,46.04991],[-74.474109,46.049775],[-74.473965,46.049669],[-74.473937,46.049588],[-74.473923,46.049498],[-74.473947,46.049399],[-74.47396,46.049371],[-74.473958,46.0493],[-74.473932,46.049246],[-74.473892,46.049211],[-74.473879,46.049147],[-74.473903,46.049094],[-74.473976,46.049059],[-74.474066,46.04904],[-74.474118,46.049058],[-74.47417,46.049039],[-74.47417,46.049039],[-74.474174,46.049037],[-74.474172,46.048992],[-74.474197,46.048911],[-74.474221,46.048875],[-74.474273,46.048838],[-74.474325,46.048802],[-74.474349,46.048748],[-74.474308,46.048622],[-74.474294,46.048559],[-74.474242,46.048505],[-74.474151,46.048488],[-74.474098,46.048445],[-74.474059,46.048381],[-74.474043,46.048309],[-74.474082,46.048237],[-74.47412,46.048183],[-74.474118,46.048075],[-74.474104,46.048003],[-74.474024,46.047896],[-74.47392,46.047806],[-74.473735,46.047637],[-74.473538,46.047468],[-74.473407,46.047343],[-74.473301,46.047209],[-74.473274,46.047137],[-74.472768,46.046888],[-74.472258,46.046893],[-74.47057,46.047096],[-74.470571,46.047097],[-74.470566,46.047098],[-74.471605,46.049487],[-74.471825,46.05],[-74.466667,46.05],[-74.466667,46.058333],[-74.475,46.058333],[-74.475,46.061957],[-74.474897,46.061931],[-74.47441,46.061832],[-74.47408,46.061779],[-74.474036,46.061773],[-74.473594,46.061684],[-74.473098,46.061608],[-74.472795,46.061573],[-74.472472,46.061541],[-74.472067,46.061371],[-74.471699,46.061236],[-74.471244,46.06108],[-74.471162,46.061052],[-74.470697,46.060911],[-74.47022,46.06079],[-74.469733,46.060692],[-74.469237,46.060616],[-74.468933,46.060581],[-74.468869,46.060574],[-74.468671,46.060556],[-74.468165,46.060526],[-74.467658,46.060518],[-74.467151,46.060534],[-74.466667,46.060572]]]}},{"type":"Feature","properties":{"nom":"Conservation Manitou","designation":"Conservation Manitou (104160) 100 % (responsable)","statut":"actif","lomiko":false,"centre":[-74.51209,46.06242]},"geometry":{"type":"Polygon","coordinates":[[[-74.508334,46.058333],[-74.511182,46.058333],[-74.51131,46.05838],[-74.511718,46.05852],[-74.511686,46.058575],[-74.511514,46.058907],[-74.511372,46.059246],[-74.511263,46.059591],[-74.511214,46.059798],[-74.511206,46.059839],[-74.511178,46.059982],[-74.511135,46.060334],[-74.511125,46.060687],[-74.511148,46.06104],[-74.511204,46.061391],[-74.511237,46.061534],[-74.511244,46.061564],[-74.511301,46.061769],[-74.511422,46.062112],[-74.511576,46.062449],[-74.51176,46.062778],[-74.511976,46.063098],[-74.512027,46.063167],[-74.512049,46.063196],[-74.512243,46.063437],[-74.512516,46.063734],[-74.512817,46.064019],[-74.513144,46.064289],[-74.513496,46.064543],[-74.513504,46.064549],[-74.513559,46.064587],[-74.513672,46.064902],[-74.513826,46.065238],[-74.51401,46.065567],[-74.514226,46.065887],[-74.514277,46.065956],[-74.514306,46.065994],[-74.5145,46.066235],[-74.514773,46.066532],[-74.514915,46.066667],[-74.508334,46.066667],[-74.508334,46.058333]]]}},{"type":"Feature","properties":{"nom":"Conservation Manitou","designation":"Conservation Manitou (104160) 100 % (responsable)","statut":"actif","lomiko":false,"centre":[-74.50604,46.05421]},"geometry":{"type":"Polygon","coordinates":[[[-74.508334,46.058333],[-74.5,46.058333],[-74.5,46.05],[-74.501323,46.05],[-74.502105,46.050781],[-74.505996,46.051196],[-74.505912,46.051463],[-74.505863,46.051669],[-74.50585,46.05173],[-74.505823,46.051873],[-74.50578,46.052225],[-74.505769,46.052578],[-74.505792,46.052931],[-74.505848,46.053282],[-74.505881,46.053424],[-74.505888,46.053455],[-74.505945,46.05366],[-74.506066,46.054003],[-74.50622,46.05434],[-74.506404,46.054669],[-74.50662,46.054989],[-74.506671,46.055058],[-74.506693,46.055087],[-74.506887,46.055327],[-74.50716,46.055625],[-74.507461,46.05591],[-74.507788,46.05618],[-74.508139,46.056434],[-74.508147,46.05644],[-74.508156,46.056446],[-74.508216,46.056508],[-74.508334,46.056619],[-74.508334,46.058333]]]}},{"type":"Feature","properties":{"nom":"Conservation Manitou","designation":"Conservation Manitou (104160) 100 % (responsable)","statut":"actif","lomiko":false,"centre":[-74.48988,46.04727]},"geometry":{"type":"Polygon","coordinates":[[[-74.5,46.05],[-74.491667,46.05],[-74.483334,46.05],[-74.483334,46.049451],[-74.484364,46.048371],[-74.484549,46.048175],[-74.483334,46.04758],[-74.483334,46.041667],[-74.491667,46.041667],[-74.492982,46.041667],[-74.5,46.048679],[-74.5,46.05]]]}},{"type":"Feature","properties":{"nom":"Conservation Manitou","designation":"Conservation Manitou (104160) 100 % (responsable)","statut":"actif","lomiko":false,"centre":[-74.48,46.03833]},"geometry":{"type":"Polygon","coordinates":[[[-74.483334,46.041667],[-74.475,46.041667],[-74.475,46.033333],[-74.483334,46.033333],[-74.483334,46.041667]]]}},{"type":"Feature","properties":{"nom":"Conservation Manitou","designation":"Conservation Manitou (104160) 100 % (responsable)","statut":"actif","lomiko":false,"centre":[-74.4826,46.03408]},"geometry":{"type":"Polygon","coordinates":[[[-74.482513,46.033846],[-74.482295,46.033965],[-74.482192,46.034057],[-74.482175,46.034182],[-74.482301,46.034294],[-74.482563,46.034467],[-74.482946,46.034292],[-74.483224,46.034203],[-74.483119,46.034114],[-74.482787,46.033895],[-74.482625,46.033857],[-74.482513,46.033846]]]}},{"type":"Feature","properties":{"nom":"Conservation Manitou","designation":"Conservation Manitou (104160) 100 % (responsable)","statut":"actif","lomiko":false,"centre":[-74.47814,46.03829]},"geometry":{"type":"Polygon","coordinates":[[[-74.477795,46.03757],[-74.477191,46.03763],[-74.477134,46.037867],[-74.477066,46.03807],[-74.476944,46.038353],[-74.477286,46.038552],[-74.477631,46.038645],[-74.477721,46.038661],[-74.477759,46.038679],[-74.477864,46.038678],[-74.477927,46.038661],[-74.478017,46.03865],[-74.478083,46.038668],[-74.478288,46.038666],[-74.478496,46.038637],[-74.478688,46.038581],[-74.478803,46.038518],[-74.47884,46.038454],[-74.47884,46.038409],[-74.478865,46.038346],[-74.478876,46.038301],[-74.478876,46.038256],[-74.478901,46.038193],[-74.478952,46.03812],[-74.479028,46.038075],[-74.478323,46.037672],[-74.478012,46.037577],[-74.477795,46.03757]]]}},{"type":"Feature","properties":{"nom":"GREY PAW PROPERTIES ULC","designation":"GREY PAW PROPERTIES ULC (103680) 100 % (responsable)","statut":"actif","lomiko":false,"centre":[-74.70309,46.04285]},"geometry":{"type":"Polygon","coordinates":[[[-74.70799,46.05],[-74.707743,46.050248],[-74.707482,46.050551],[-74.707298,46.050795],[-74.707276,46.050825],[-74.707228,46.050895],[-74.707026,46.051218],[-74.706854,46.051551],[-74.706714,46.05189],[-74.706607,46.052236],[-74.706558,46.052442],[-74.706552,46.052472],[-74.706525,46.052615],[-74.706483,46.052967],[-74.706474,46.053321],[-74.706499,46.053673],[-74.706556,46.054024],[-74.706589,46.054167],[-74.706774,46.054905],[-74.706483,46.055113],[-74.706474,46.055119],[-74.706133,46.055381],[-74.705817,46.055657],[-74.70554,46.055935],[-74.705485,46.055993],[-74.705428,46.05605],[-74.70528,46.056204],[-74.705019,46.056506],[-74.704835,46.056751],[-74.704693,46.056952],[-74.704644,46.057021],[-74.704442,46.057345],[-74.70427,46.057678],[-74.704131,46.058017],[-74.704032,46.058333],[-74.708334,46.058333],[-74.708334,46.066667],[-74.7,46.066667],[-74.699077,46.066667],[-74.698977,46.066611],[-74.698282,46.066276],[-74.697557,46.065972],[-74.696806,46.065703],[-74.69603,46.065468],[-74.695234,46.065269],[-74.694421,46.065106],[-74.693595,46.064981],[-74.692758,46.064894],[-74.691915,46.064845],[-74.691667,46.064839],[-74.691444,46.064834],[-74.689869,46.064819],[-74.689855,46.064819],[-74.689211,46.064813],[-74.689218,46.064531],[-74.689178,46.063943],[-74.689082,46.063358],[-74.688932,46.062779],[-74.688728,46.062208],[-74.68847,46.061647],[-74.68837,46.061457],[-74.68807,46.060911],[-74.687861,46.060553],[-74.687676,46.060268],[-74.68765,46.060181],[-74.687597,46.060019],[-74.687485,46.059684],[-74.687368,46.059362],[-74.687358,46.059338],[-74.687369,46.058813],[-74.687336,46.058333],[-74.687332,46.058279],[-74.687329,46.058225],[-74.687233,46.05764],[-74.687083,46.057061],[-74.686879,46.05649],[-74.686621,46.055929],[-74.686311,46.055381],[-74.685951,46.054849],[-74.685541,46.054334],[-74.685084,46.053838],[-74.684582,46.053365],[-74.684035,46.052915],[-74.683448,46.052492],[-74.683334,46.052419],[-74.682823,46.052096],[-74.682161,46.051729],[-74.681467,46.051393],[-74.680742,46.05109],[-74.67999,46.05082],[-74.679215,46.050585],[-74.67842,46.050386],[-74.677607,46.050223],[-74.67715,46.050149],[-74.676148,46.05],[-74.675904,46.049964],[-74.675534,46.049913],[-74.675,46.049857],[-74.675,46.041667],[-74.675,46.033333],[-74.675,46.030933],[-74.675317,46.030878],[-74.6758,46.03077],[-74.676272,46.030641],[-74.676731,46.030491],[-74.676812,46.030461],[-74.676961,46.030407],[-74.676975,46.030402],[-74.676995,46.030396],[-74.677245,46.030325],[-74.677386,46.03028],[-74.677528,46.030235],[-74.677535,46.030235],[-74.677603,46.030234],[-74.67811,46.030218],[-74.678613,46.030178],[-74.678808,46.030156],[-74.679103,46.030121],[-74.679408,46.03008],[-74.6799,46.029994],[-74.680383,46.029887],[-74.680855,46.029757],[-74.681314,46.029607],[-74.681395,46.029578],[-74.681449,46.029558],[-74.681812,46.029416],[-74.682238,46.029225],[-74.682646,46.029015],[-74.683033,46.028787],[-74.683334,46.028585],[-74.68339,46.028548],[-74.683428,46.02852],[-74.683436,46.028514],[-74.683778,46.028253],[-74.684093,46.027976],[-74.684383,46.027686],[-74.684644,46.027384],[-74.684828,46.02714],[-74.684849,46.02711],[-74.684898,46.02704],[-74.6851,46.026716],[-74.685271,46.026383],[-74.685411,46.026044],[-74.685519,46.025699],[-74.685568,46.025492],[-74.685575,46.025455],[-74.685602,46.025312],[-74.685639,46.025],[-74.691667,46.025],[-74.7,46.025],[-74.700623,46.025],[-74.700956,46.025185],[-74.701373,46.025386],[-74.701808,46.025568],[-74.702176,46.025703],[-74.702231,46.025721],[-74.702313,46.025749],[-74.702778,46.02589],[-74.703255,46.026009],[-74.703743,46.026106],[-74.704238,46.026181],[-74.704542,46.026216],[-74.704832,46.026245],[-74.70503,46.026262],[-74.705535,46.026292],[-74.706042,46.026298],[-74.706549,46.026281],[-74.707052,46.026241],[-74.70725,46.026219],[-74.707676,46.026168],[-74.707702,46.026165],[-74.707729,46.026167],[-74.707973,46.026191],[-74.708171,46.026209],[-74.708334,46.026218],[-74.708677,46.026238],[-74.709184,46.026245],[-74.70969,46.026228],[-74.710194,46.026188],[-74.710391,46.026166],[-74.710455,46.026158],[-74.710757,46.026117],[-74.711249,46.026032],[-74.711732,46.025924],[-74.712204,46.025795],[-74.712663,46.025644],[-74.712707,46.025628],[-74.712761,46.025608],[-74.713161,46.025453],[-74.713587,46.025262],[-74.713995,46.025052],[-74.714082,46.025],[-74.716667,46.025],[-74.725,46.025],[-74.733334,46.025],[-74.733334,46.033333],[-74.733334,46.037991],[-74.73302,46.038029],[-74.732717,46.03807],[-74.732269,46.038147],[-74.732262,46.038146],[-74.732065,46.038129],[-74.731559,46.038099],[-74.731052,46.038093],[-74.730545,46.03811],[-74.730041,46.03815],[-74.729845,46.038172],[-74.729781,46.03818],[-74.729478,46.038221],[-74.728986,46.038307],[-74.728503,46.038414],[-74.728031,46.038544],[-74.727572,46.038695],[-74.727491,46.038724],[-74.727437,46.038744],[-74.727074,46.038886],[-74.726648,46.039077],[-74.72624,46.039287],[-74.725853,46.039515],[-74.725497,46.039754],[-74.725459,46.039782],[-74.72545,46.039788],[-74.725109,46.040049],[-74.725,46.040145],[-74.724793,46.040326],[-74.724504,46.040616],[-74.724243,46.040919],[-74.724059,46.041163],[-74.724038,46.041193],[-74.72399,46.041263],[-74.723788,46.041587],[-74.723747,46.041667],[-74.723616,46.041919],[-74.723477,46.042259],[-74.723369,46.042604],[-74.723321,46.042811],[-74.723211,46.043346],[-74.723184,46.043489],[-74.723158,46.043676],[-74.723157,46.043678],[-74.722682,46.044351],[-74.722634,46.044421],[-74.722431,46.044745],[-74.72226,46.045077],[-74.72212,46.045417],[-74.722024,46.045719],[-74.721517,46.046437],[-74.721472,46.046442],[-74.721057,46.04642],[-74.72055,46.046414],[-74.720043,46.046431],[-74.719539,46.046471],[-74.719365,46.04649],[-74.719337,46.046493],[-74.71931,46.046491],[-74.718809,46.046441],[-74.718612,46.046423],[-74.718106,46.046394],[-74.717126,46.046403],[-74.717068,46.046406],[-74.717052,46.046406],[-74.716667,46.046419],[-74.71656,46.046423],[-74.716056,46.046463],[-74.715859,46.046485],[-74.715325,46.04655],[-74.715022,46.04659],[-74.71453,46.046676],[-74.714047,46.046784],[-74.713952,46.046808],[-74.713914,46.046818],[-74.71389,46.046822],[-74.713472,46.046917],[-74.713,46.047047],[-74.712541,46.047197],[-74.712459,46.047227],[-74.712276,46.047294],[-74.711914,46.047436],[-74.711487,46.047627],[-74.711079,46.047837],[-74.710692,46.048065],[-74.710336,46.048304],[-74.709764,46.048713],[-74.709755,46.048719],[-74.70938,46.048941],[-74.709025,46.04918],[-74.708698,46.049413],[-74.708689,46.04942],[-74.708348,46.049681],[-74.708334,46.049694],[-74.708032,46.049958],[-74.70799,46.05]]]}},{"type":"Feature","properties":{"nom":"Yves Gauthier","designation":"Yves Gauthier (85476) 100 % (responsable)","statut":"actif","lomiko":false,"centre":[-74.7161,45.89063]},"geometry":{"type":"Polygon","coordinates":[[[-74.725,45.891667],[-74.725,45.9],[-74.725,45.902054],[-74.722312,45.90294],[-74.71952,45.904434],[-74.71816,45.905849],[-74.716909,45.907427],[-74.716753,45.908333],[-74.716667,45.908333],[-74.712565,45.908333],[-74.712663,45.907665],[-74.713166,45.904336],[-74.713296,45.903277],[-74.713422,45.90233],[-74.713636,45.900422],[-74.711714,45.900233],[-74.709519,45.900003],[-74.709499,45.9],[-74.716667,45.9],[-74.716667,45.891667],[-74.714283,45.891667],[-74.714379,45.890043],[-74.714592,45.887882],[-74.715168,45.886246],[-74.715064,45.886216],[-74.715091,45.886202],[-74.715127,45.886166],[-74.71517,45.886145],[-74.715227,45.886137],[-74.715273,45.886136],[-74.715306,45.886122],[-74.715324,45.886106],[-74.715336,45.886081],[-74.715361,45.886055],[-74.715416,45.88601],[-74.715473,45.885974],[-74.715521,45.885948],[-74.715569,45.885926],[-74.715627,45.885874],[-74.715684,45.885814],[-74.715719,45.885762],[-74.715755,45.885734],[-74.715807,45.885718],[-74.71589,45.885737],[-74.715893,45.885739],[-74.715993,45.885452],[-74.715999,45.885425],[-74.716004,45.88542],[-74.716085,45.885185],[-74.716069,45.885167],[-74.716043,45.885138],[-74.716013,45.885096],[-74.715972,45.885058],[-74.715932,45.885022],[-74.71588,45.884993],[-74.71582,45.884981],[-74.715764,45.884987],[-74.715711,45.884997],[-74.715651,45.884982],[-74.715599,45.884944],[-74.715575,45.8849],[-74.715569,45.884853],[-74.715581,45.884782],[-74.71559,45.884701],[-74.715734,45.884698],[-74.716289,45.883333],[-74.716667,45.883333],[-74.725,45.883333],[-74.725,45.891667]]]}},{"type":"Feature","properties":{"nom":"Fred labrie","designation":"Fred labrie (103670) 100 % (responsable)","statut":"actif","lomiko":false,"centre":[-75.12963,46.42168]},"geometry":{"type":"Polygon","coordinates":[[[-75.133333,46.420168],[-75.133333,46.422643],[-75.127063,46.422661],[-75.12707,46.422637],[-75.127079,46.422597],[-75.127085,46.422574],[-75.127099,46.42252],[-75.127099,46.422511],[-75.127101,46.422457],[-75.127103,46.422444],[-75.127115,46.422385],[-75.127143,46.42234],[-75.127145,46.42226],[-75.127145,46.422245],[-75.127146,46.422215],[-75.127147,46.42217],[-75.127148,46.422116],[-75.127163,46.422062],[-75.127169,46.422051],[-75.12719,46.422017],[-75.12723,46.421973],[-75.127283,46.421919],[-75.127337,46.421866],[-75.127403,46.421822],[-75.127456,46.421768],[-75.127458,46.421714],[-75.127449,46.421669],[-75.127448,46.42166],[-75.127546,46.42168],[-75.127707,46.421706],[-75.12787,46.421724],[-75.128034,46.421735],[-75.128203,46.421739],[-75.12883,46.421738],[-75.129109,46.421738],[-75.129552,46.421737],[-75.130759,46.421736],[-75.130791,46.421735],[-75.130916,46.421732],[-75.13108,46.421722],[-75.131243,46.421704],[-75.131404,46.421679],[-75.131563,46.421647],[-75.131718,46.421608],[-75.131869,46.421562],[-75.132016,46.42151],[-75.132158,46.421452],[-75.132294,46.421387],[-75.132424,46.421316],[-75.132547,46.42124],[-75.132663,46.421159],[-75.132771,46.421073],[-75.132872,46.420982],[-75.132963,46.420887],[-75.133046,46.420789],[-75.133119,46.420686],[-75.133183,46.420581],[-75.133238,46.420473],[-75.133282,46.420363],[-75.133316,46.420252],[-75.133333,46.420168]]]}},{"type":"Feature","properties":{"nom":"Fred labrie","designation":"Fred labrie (103670) 100 % (responsable)","statut":"actif","lomiko":false,"centre":[-75.14137,46.41625]},"geometry":{"type":"Polygon","coordinates":[[[-75.141667,46.415752],[-75.141667,46.416667],[-75.140751,46.416667],[-75.141084,46.416401],[-75.141667,46.415752]]]}},{"type":"Feature","properties":{"nom":"Fred labrie","designation":"Fred labrie (103670) 100 % (responsable)","statut":"actif","lomiko":false,"centre":[-75.1398,46.40438]},"geometry":{"type":"Polygon","coordinates":[[[-75.138392,46.4],[-75.141667,46.4],[-75.141667,46.407897],[-75.141127,46.407287],[-75.140329,46.40664],[-75.139394,46.406088],[-75.138791,46.405833],[-75.138446,46.405687],[-75.138392,46.4]]]}},{"type":"Feature","properties":{"nom":"Marie-Claude Riendeau","designation":"Marie-Claude Riendeau (103666) 100 % (responsable)","statut":"actif","lomiko":false,"centre":[-74.96921,46.02044]},"geometry":{"type":"Polygon","coordinates":[[[-74.966667,46.020955],[-74.966544,46.020926],[-74.966364,46.020889],[-74.966301,46.020875],[-74.966231,46.020858],[-74.966097,46.020827],[-74.965963,46.020799],[-74.965827,46.020772],[-74.965691,46.020748],[-74.965553,46.020725],[-74.965415,46.020705],[-74.965277,46.020687],[-74.965138,46.020671],[-74.964999,46.020657],[-74.964956,46.020654],[-74.964929,46.020649],[-74.964782,46.020628],[-74.964635,46.020608],[-74.964441,46.020587],[-74.964246,46.020569],[-74.964051,46.020555],[-74.963854,46.020546],[-74.963831,46.020544],[-74.963686,46.020534],[-74.963539,46.020527],[-74.96352,46.020526],[-74.963378,46.02051],[-74.963219,46.020494],[-74.96249,46.020431],[-74.963533,46.020264],[-74.965169,46.019758],[-74.966667,46.018627],[-74.967121,46.018283],[-74.967124,46.017565],[-74.967127,46.016667],[-74.975001,46.016667],[-74.975001,46.018622],[-74.974935,46.018693],[-74.97486,46.018776],[-74.974788,46.018861],[-74.974686,46.018989],[-74.97459,46.01912],[-74.974566,46.019154],[-74.974525,46.019161],[-74.974389,46.019185],[-74.974253,46.019211],[-74.974119,46.01924],[-74.973985,46.01927],[-74.973852,46.019303],[-74.97372,46.019337],[-74.973589,46.019374],[-74.97346,46.019413],[-74.973331,46.019453],[-74.973204,46.019496],[-74.973079,46.01954],[-74.972954,46.019586],[-74.972832,46.019634],[-74.97271,46.019684],[-74.972591,46.019736],[-74.972473,46.01979],[-74.972357,46.019845],[-74.972242,46.019902],[-74.972129,46.019961],[-74.972019,46.020022],[-74.97191,46.020084],[-74.971803,46.020148],[-74.971698,46.020213],[-74.971595,46.02028],[-74.971494,46.020349],[-74.971396,46.020419],[-74.9713,46.020491],[-74.971205,46.020564],[-74.971114,46.020638],[-74.971024,46.020714],[-74.970937,46.020791],[-74.970853,46.02087],[-74.970771,46.02095],[-74.970691,46.021031],[-74.970614,46.021113],[-74.97054,46.021196],[-74.970468,46.021281],[-74.970399,46.021366],[-74.970333,46.021453],[-74.970269,46.02154],[-74.970208,46.021629],[-74.97015,46.021718],[-74.970094,46.021808],[-74.970042,46.021899],[-74.969992,46.021991],[-74.969974,46.022028],[-74.969875,46.021991],[-74.969726,46.021939],[-74.969465,46.021851],[-74.969412,46.021833],[-74.969136,46.021742],[-74.969008,46.021701],[-74.968734,46.021616],[-74.968554,46.02156],[-74.968377,46.021499],[-74.968247,46.021456],[-74.968117,46.021416],[-74.967985,46.021377],[-74.967936,46.021364],[-74.967922,46.02136],[-74.96773,46.021285],[-74.967616,46.021242],[-74.967501,46.0212],[-74.967384,46.021159],[-74.967266,46.021121],[-74.967147,46.021084],[-74.967027,46.021049],[-74.966906,46.021015],[-74.966784,46.020983],[-74.966667,46.020955]]]}},{"type":"Feature","properties":{"nom":"Marie-Claude Riendeau","designation":"Marie-Claude Riendeau (103666) 100 % (responsable)","statut":"actif","lomiko":false,"centre":[-74.95097,46.0183]},"geometry":{"type":"Polygon","coordinates":[[[-74.95134,46.016667],[-74.952087,46.017623],[-74.952281,46.018416],[-74.952096,46.019139],[-74.952058,46.019135],[-74.951552,46.019078],[-74.951484,46.019065],[-74.951282,46.019034],[-74.951078,46.019006],[-74.950945,46.018991],[-74.950813,46.018977],[-74.950679,46.018966],[-74.950546,46.018957],[-74.950412,46.018949],[-74.950278,46.018943],[-74.950144,46.01894],[-74.950009,46.018938],[-74.950001,46.018938],[-74.950001,46.016667],[-74.950001,46.015422],[-74.950807,46.015985],[-74.95134,46.016667]]]}},{"type":"Feature","properties":{"nom":"Marie-Claude Riendeau","designation":"Marie-Claude Riendeau (103666) 100 % (responsable)","statut":"actif","lomiko":false,"centre":[-74.96136,46.0125]},"geometry":{"type":"Polygon","coordinates":[[[-74.958334,46.012807],[-74.956225,46.012743],[-74.954932,46.012537],[-74.953639,46.011885],[-74.953645,46.008333],[-74.958334,46.008333],[-74.966667,46.008333],[-74.966667,46.014384],[-74.966281,46.014344],[-74.966022,46.014294],[-74.966007,46.014222],[-74.965941,46.014178],[-74.96585,46.014152],[-74.964444,46.013243],[-74.963467,46.012878],[-74.961199,46.012772],[-74.95844,46.01281],[-74.958334,46.012807]]]}},{"type":"Feature","properties":{"nom":"Mario Huot","designation":"Mario Huot (102945) 100 % (responsable)","statut":"actif","lomiko":false,"centre":[-75.18333,45.8381]},"geometry":{"type":"Polygon","coordinates":[[[-75.183333,45.841667],[-75.175,45.841667],[-75.175,45.833333],[-75.183333,45.833333],[-75.191667,45.833333],[-75.191667,45.841667],[-75.183333,45.841667]]]}},{"type":"Feature","properties":{"nom":"Jacquelin Coté","designation":"Jacquelin Coté (94706) 100 % (responsable)","statut":"actif","lomiko":false,"centre":[-75.62878,46.14887]},"geometry":{"type":"Polygon","coordinates":[[[-75.633333,46.15],[-75.625716,46.15],[-75.625801,46.149938],[-75.625871,46.149888],[-75.625943,46.14984],[-75.626015,46.149793],[-75.626089,46.149746],[-75.626164,46.1497],[-75.62624,46.149656],[-75.626317,46.149612],[-75.626395,46.149569],[-75.626475,46.149527],[-75.626555,46.149486],[-75.62662,46.149458],[-75.626685,46.149429],[-75.626749,46.149399],[-75.626812,46.149368],[-75.626874,46.149337],[-75.626935,46.149305],[-75.626996,46.149272],[-75.627056,46.149239],[-75.627115,46.149205],[-75.627192,46.149158],[-75.627202,46.149152],[-75.627212,46.149145],[-75.627222,46.149138],[-75.627232,46.149131],[-75.627241,46.149124],[-75.62725,46.149117],[-75.627259,46.14911],[-75.627268,46.149102],[-75.627277,46.149095],[-75.627286,46.149087],[-75.627294,46.14908],[-75.627302,46.149072],[-75.62731,46.149064],[-75.627318,46.149056],[-75.627325,46.149048],[-75.627333,46.14904],[-75.62734,46.149031],[-75.627347,46.149023],[-75.627354,46.149015],[-75.62736,46.149006],[-75.627367,46.148997],[-75.627373,46.148989],[-75.627378,46.14898],[-75.627384,46.148971],[-75.62739,46.148962],[-75.627396,46.148951],[-75.627561,46.148947],[-75.627687,46.148617],[-75.627738,46.148482],[-75.627751,46.148449],[-75.62778,46.148374],[-75.627794,46.148266],[-75.627762,46.148132],[-75.627648,46.147963],[-75.627343,46.147648],[-75.626797,46.147142],[-75.629559,46.147157],[-75.630559,46.146335],[-75.633147,46.146309],[-75.633333,46.146307],[-75.634104,46.1463],[-75.635007,46.146291],[-75.635112,46.148025],[-75.635155,46.148736],[-75.637188,46.148686],[-75.638247,46.14866],[-75.640833,46.148596],[-75.641667,46.148571],[-75.641667,46.15],[-75.633333,46.15]]]}},{"type":"Feature","properties":{"nom":"Patricia Rafael","designation":"Patricia Rafael (102830) 100 % (responsable)","statut":"actif","lomiko":false,"centre":[-74.8985,45.90755]},"geometry":{"type":"Polygon","coordinates":[[[-74.896455,45.908333],[-74.896426,45.908375],[-74.896368,45.908464],[-74.896313,45.908555],[-74.89626,45.908646],[-74.896211,45.908738],[-74.896164,45.90883],[-74.89612,45.908923],[-74.89608,45.909017],[-74.896042,45.909112],[-74.896007,45.909207],[-74.895983,45.909236],[-74.8959,45.90934],[-74.89585,45.909405],[-74.895836,45.909422],[-74.895754,45.909518],[-74.895646,45.909654],[-74.895544,45.909793],[-74.895465,45.909906],[-74.895392,45.910013],[-74.895324,45.910122],[-74.89526,45.910231],[-74.8952,45.910342],[-74.89515,45.91044],[-74.895104,45.910538],[-74.895062,45.910638],[-74.895022,45.910738],[-74.894975,45.910864],[-74.894942,45.910954],[-74.894913,45.911044],[-74.894885,45.911135],[-74.894861,45.911226],[-74.894838,45.911323],[-74.894818,45.91142],[-74.894801,45.911517],[-74.894788,45.911615],[-74.894777,45.911713],[-74.894769,45.911811],[-74.894765,45.911909],[-74.894763,45.912007],[-74.894764,45.912046],[-74.894747,45.912106],[-74.894743,45.912122],[-74.894697,45.91217],[-74.89462,45.912252],[-74.894546,45.912335],[-74.894474,45.91242],[-74.894405,45.912505],[-74.894339,45.912592],[-74.894275,45.912679],[-74.894215,45.912768],[-74.894156,45.912857],[-74.894101,45.912947],[-74.894049,45.913038],[-74.893999,45.91313],[-74.893953,45.913223],[-74.893909,45.913316],[-74.893868,45.91341],[-74.89383,45.913505],[-74.893795,45.9136],[-74.893763,45.913695],[-74.893734,45.913791],[-74.893708,45.913888],[-74.893686,45.913984],[-74.893666,45.914082],[-74.893649,45.914179],[-74.893635,45.914277],[-74.893624,45.914375],[-74.893617,45.914473],[-74.893612,45.914571],[-74.89361,45.914669],[-74.893612,45.914767],[-74.893617,45.914865],[-74.893624,45.914963],[-74.893635,45.915061],[-74.893649,45.915159],[-74.893666,45.915256],[-74.893685,45.915353],[-74.893708,45.91545],[-74.893733,45.915543],[-74.89375,45.915599],[-74.893749,45.915637],[-74.893752,45.915771],[-74.893757,45.915899],[-74.893758,45.915918],[-74.893693,45.915994],[-74.893607,45.916096],[-74.893582,45.916126],[-74.893513,45.916211],[-74.893447,45.916298],[-74.893384,45.916385],[-74.893323,45.916474],[-74.893231,45.916591],[-74.893176,45.916667],[-74.891667,45.916667],[-74.883333,45.916667],[-74.883333,45.908333],[-74.883333,45.9],[-74.883333,45.891667],[-74.891667,45.891667],[-74.9,45.891667],[-74.9,45.9],[-74.904974,45.9],[-74.904971,45.900074],[-74.904968,45.900213],[-74.904969,45.900311],[-74.904974,45.900409],[-74.904981,45.900507],[-74.904992,45.900605],[-74.905006,45.900703],[-74.905023,45.9008],[-74.905043,45.900897],[-74.905065,45.900994],[-74.905091,45.901091],[-74.90512,45.901187],[-74.905152,45.901282],[-74.905187,45.901377],[-74.905225,45.901472],[-74.905266,45.901566],[-74.905309,45.901659],[-74.905356,45.901752],[-74.905403,45.90184],[-74.905453,45.901927],[-74.905506,45.902013],[-74.905561,45.902099],[-74.90563,45.902203],[-74.905693,45.902296],[-74.905759,45.902387],[-74.905828,45.902477],[-74.905899,45.902566],[-74.905971,45.902651],[-74.906045,45.902734],[-74.906069,45.902759],[-74.905985,45.902821],[-74.905894,45.902891],[-74.905805,45.902963],[-74.905682,45.903064],[-74.905658,45.903084],[-74.905576,45.903154],[-74.905495,45.903225],[-74.905416,45.903298],[-74.90534,45.903372],[-74.905243,45.903467],[-74.905205,45.903505],[-74.905099,45.903509],[-74.904959,45.903516],[-74.904819,45.903526],[-74.90468,45.903538],[-74.90454,45.903552],[-74.904402,45.903568],[-74.904213,45.903593],[-74.904026,45.903622],[-74.903976,45.90363],[-74.903907,45.90364],[-74.903821,45.903653],[-74.903757,45.903661],[-74.903619,45.903679],[-74.903481,45.903699],[-74.903345,45.903721],[-74.903208,45.903746],[-74.903073,45.903772],[-74.902938,45.9038],[-74.902805,45.903831],[-74.902672,45.903864],[-74.902444,45.903925],[-74.90222,45.903992],[-74.902076,45.904038],[-74.901932,45.904085],[-74.90179,45.904134],[-74.901649,45.904186],[-74.90151,45.90424],[-74.901396,45.904287],[-74.901283,45.904336],[-74.901172,45.904387],[-74.901062,45.904439],[-74.900954,45.904492],[-74.900847,45.904547],[-74.900742,45.904604],[-74.900639,45.904662],[-74.900518,45.904731],[-74.90047,45.904759],[-74.900363,45.904823],[-74.900258,45.904889],[-74.900156,45.904956],[-74.900055,45.905025],[-74.9,45.905064],[-74.899957,45.905095],[-74.899941,45.905106],[-74.89991,45.905125],[-74.899805,45.905191],[-74.899702,45.905258],[-74.899602,45.905326],[-74.899504,45.905396],[-74.899408,45.905468],[-74.899314,45.905541],[-74.899222,45.905616],[-74.899133,45.905691],[-74.899046,45.905769],[-74.898962,45.905847],[-74.89888,45.905927],[-74.898801,45.906008],[-74.898724,45.90609],[-74.898649,45.906173],[-74.898578,45.906258],[-74.898478,45.906383],[-74.898384,45.90651],[-74.898301,45.906627],[-74.898248,45.906705],[-74.898236,45.906712],[-74.898129,45.906776],[-74.898025,45.906841],[-74.897922,45.906909],[-74.897821,45.906977],[-74.897723,45.907047],[-74.897627,45.907119],[-74.897533,45.907192],[-74.897442,45.907267],[-74.897324,45.907367],[-74.897211,45.90747],[-74.897103,45.907575],[-74.896998,45.907682],[-74.896887,45.9078],[-74.896784,45.907912],[-74.896686,45.908027],[-74.896617,45.908113],[-74.89655,45.908199],[-74.896487,45.908287],[-74.896455,45.908333]]]}},{"type":"Feature","properties":{"nom":"SRQ Resources Inc.","designation":"SRQ Resources Inc. (104147) 100 % (responsable)","statut":"actif","lomiko":false,"centre":[-75.9295,46.09887]},"geometry":{"type":"Polygon","coordinates":[[[-75.9,46.116667],[-75.9,46.125],[-75.891667,46.125],[-75.883333,46.125],[-75.883333,46.116667],[-75.883333,46.108333],[-75.883333,46.1],[-75.883333,46.091667],[-75.883333,46.083333],[-75.891667,46.083333],[-75.891667,46.083333],[-75.9,46.083333],[-75.9,46.083333],[-75.908333,46.083333],[-75.916667,46.083333],[-75.925,46.083333],[-75.933333,46.083333],[-75.941667,46.083333],[-75.95,46.083333],[-75.957069,46.083333],[-75.957224,46.085202],[-75.957286,46.085953],[-75.957417,46.087551],[-75.957621,46.090009],[-75.958333,46.09],[-75.958333,46.091667],[-75.966667,46.091667],[-75.975,46.091667],[-75.975,46.1],[-75.975,46.108333],[-75.975,46.116667],[-75.966667,46.116667],[-75.958333,46.116667],[-75.958333,46.108333],[-75.966667,46.108333],[-75.966667,46.1],[-75.958333,46.1],[-75.95,46.1],[-75.941667,46.1],[-75.933333,46.1],[-75.925,46.1],[-75.916667,46.1],[-75.916667,46.108333],[-75.908333,46.108333],[-75.9,46.108333],[-75.9,46.108333],[-75.9,46.116667]]]}},{"type":"Feature","properties":{"nom":"SRQ Resources Inc.","designation":"SRQ Resources Inc. (104147) 100 % (responsable)","statut":"actif","lomiko":false,"centre":[-75.8875,46.09167]},"geometry":{"type":"Polygon","coordinates":[[[-75.883333,46.091667],[-75.891667,46.091667],[-75.891667,46.091667],[-75.883333,46.091667]]]}},{"type":"Feature","properties":{"nom":"SRQ Resources Inc.","designation":"SRQ Resources Inc. (104147) 100 % (responsable)","statut":"actif","lomiko":false,"centre":[-75.8875,46.1]},"geometry":{"type":"Polygon","coordinates":[[[-75.883333,46.1],[-75.891667,46.1],[-75.891667,46.1],[-75.883333,46.1]]]}},{"type":"Feature","properties":{"nom":"SRQ Resources Inc.","designation":"SRQ Resources Inc. (104147) 100 % (responsable)","statut":"actif","lomiko":false,"centre":[-75.8875,46.10833]},"geometry":{"type":"Polygon","coordinates":[[[-75.883333,46.108333],[-75.891667,46.108333],[-75.891667,46.108333],[-75.883333,46.108333]]]}},{"type":"Feature","properties":{"nom":"SRQ Resources Inc.","designation":"SRQ Resources Inc. (104147) 100 % (responsable)","statut":"actif","lomiko":false,"centre":[-75.8875,46.11667]},"geometry":{"type":"Polygon","coordinates":[[[-75.883333,46.116667],[-75.891667,46.116667],[-75.891667,46.116667],[-75.883333,46.116667]]]}},{"type":"Feature","properties":{"nom":"René Roberge","designation":"René Roberge (102987) 100 % (responsable)","statut":"actif","lomiko":false,"centre":[-74.95926,45.96667]},"geometry":{"type":"Polygon","coordinates":[[[-74.966667,45.966667],[-74.966667,45.975],[-74.958333,45.975],[-74.95,45.975],[-74.95,45.966667],[-74.95,45.958333],[-74.958333,45.958333],[-74.966667,45.958333],[-74.966667,45.966667]]]}},{"type":"Feature","properties":{"nom":"14764391 Canada inc.","designation":"14764391 Canada inc. (103555) 100 % (responsable)","statut":"actif","lomiko":false,"centre":[-75.13333,45.85098]},"geometry":{"type":"Polygon","coordinates":[[[-75.141667,45.858333],[-75.141667,45.866667],[-75.133333,45.866667],[-75.125,45.866667],[-75.116667,45.866667],[-75.116667,45.858333],[-75.116667,45.85],[-75.116667,45.841667],[-75.125,45.841667],[-75.125,45.833333],[-75.133333,45.833333],[-75.141667,45.833333],[-75.141667,45.841667],[-75.15,45.841667],[-75.15,45.85],[-75.15,45.858333],[-75.141667,45.858333]]]}},{"type":"Feature","properties":{"nom":"andre godard","designation":"andre godard (103665) 100 % (responsable)","statut":"actif","lomiko":false,"centre":[-75.05447,46.42238]},"geometry":{"type":"Polygon","coordinates":[[[-75.052846,46.420268],[-75.05316,46.420413],[-75.054148,46.42087],[-75.054546,46.422468],[-75.05457,46.422551],[-75.054625,46.422695],[-75.054697,46.422835],[-75.054786,46.42297],[-75.05482,46.423012],[-75.054891,46.4231],[-75.055011,46.423224],[-75.055145,46.42334],[-75.055296,46.42345],[-75.055613,46.423664],[-75.055657,46.423698],[-75.055774,46.423776],[-75.055825,46.423806],[-75.056536,46.424105],[-75.056595,46.42413],[-75.056601,46.424132],[-75.057076,46.424227],[-75.057238,46.424246],[-75.057403,46.424257],[-75.057568,46.424263],[-75.057733,46.424261],[-75.057898,46.424252],[-75.058062,46.424237],[-75.058224,46.424215],[-75.058321,46.424197],[-75.058333,46.424195],[-75.058333,46.425],[-75.052017,46.425],[-75.052007,46.423177],[-75.052005,46.422988],[-75.051997,46.421006],[-75.051996,46.420916],[-75.052073,46.420902],[-75.052165,46.420885],[-75.05223,46.420859],[-75.052283,46.420814],[-75.052337,46.420761],[-75.05239,46.420717],[-75.052443,46.420681],[-75.052466,46.420672],[-75.052509,46.420655],[-75.052613,46.420648],[-75.052678,46.420657],[-75.052757,46.420631],[-75.052784,46.420578],[-75.052786,46.420524],[-75.052787,46.420461],[-75.052789,46.420407],[-75.052803,46.420353],[-75.052818,46.420299],[-75.052846,46.420268]]]}},{"type":"Feature","properties":{"nom":"andre godard","designation":"andre godard (103665) 100 % (responsable)","statut":"actif","lomiko":false,"centre":[-75.05747,46.4172]},"geometry":{"type":"Polygon","coordinates":[[[-75.057206,46.416676],[-75.057751,46.416683],[-75.057719,46.416975],[-75.057718,46.416976],[-75.057718,46.416977],[-75.057718,46.416978],[-75.057713,46.417202],[-75.057654,46.417937],[-75.057637,46.418108],[-75.057619,46.418143],[-75.056294,46.41753],[-75.057194,46.416688],[-75.057206,46.416676]]]}},{"type":"Feature","properties":{"nom":"andre godard","designation":"andre godard (103665) 100 % (responsable)","statut":"actif","lomiko":false,"centre":[-75.05066,46.41592]},"geometry":{"type":"Polygon","coordinates":[[[-75.05,46.41533],[-75.050461,46.415668],[-75.050468,46.415673],[-75.050623,46.415776],[-75.050789,46.41587],[-75.05097,46.415956],[-75.051242,46.416075],[-75.051328,46.416112],[-75.051255,46.416181],[-75.051094,46.416331],[-75.050389,46.416338],[-75.05,46.416341],[-75.05,46.41533]]]}},{"type":"Feature","properties":{"nom":"andre godard","designation":"andre godard (103665) 100 % (responsable)","statut":"actif","lomiko":false,"centre":[-75.05554,46.41133]},"geometry":{"type":"Polygon","coordinates":[[[-75.052918,46.408477],[-75.053208,46.408655],[-75.05341,46.408791],[-75.0536,46.408927],[-75.053678,46.408985],[-75.054097,46.409293],[-75.054862,46.409851],[-75.055142,46.410061],[-75.055373,46.410236],[-75.05559,46.410392],[-75.055768,46.410519],[-75.055781,46.41053],[-75.055155,46.411223],[-75.054861,46.411549],[-75.054417,46.412041],[-75.05525,46.412488],[-75.055973,46.411673],[-75.0561,46.41153],[-75.05648,46.411101],[-75.056486,46.411107],[-75.056611,46.411233],[-75.056736,46.411368],[-75.056876,46.411525],[-75.056962,46.41162],[-75.05706,46.411753],[-75.057159,46.411897],[-75.057246,46.412032],[-75.057333,46.412168],[-75.057363,46.412218],[-75.057429,46.41233],[-75.057481,46.412419],[-75.057553,46.412569],[-75.057586,46.412653],[-75.057674,46.412873],[-75.057721,46.413024],[-75.057756,46.413153],[-75.057454,46.413185],[-75.057318,46.4132],[-75.057195,46.413213],[-75.056378,46.413301],[-75.056464,46.413872],[-75.05649,46.41404],[-75.056344,46.414038],[-75.054031,46.413034],[-75.053481,46.412632],[-75.053419,46.412385],[-75.053846,46.410715],[-75.053874,46.41057],[-75.053885,46.410421],[-75.053878,46.410273],[-75.053854,46.410125],[-75.053812,46.409979],[-75.053752,46.409836],[-75.053675,46.409695],[-75.053234,46.408986],[-75.052918,46.408477]]]}},{"type":"Feature","properties":{"nom":"andre godard","designation":"andre godard (103665) 100 % (responsable)","statut":"actif","lomiko":false,"centre":[-75.05708,46.41092]},"geometry":{"type":"Polygon","coordinates":[[[-75.054357,46.408333],[-75.058333,46.408333],[-75.058333,46.412803],[-75.058319,46.412758],[-75.058318,46.412756],[-75.058318,46.412754],[-75.058317,46.412752],[-75.058232,46.412526],[-75.058231,46.412523],[-75.058229,46.412519],[-75.058227,46.412516],[-75.058116,46.412289],[-75.058005,46.412063],[-75.058003,46.412059],[-75.058001,46.412055],[-75.057998,46.412051],[-75.057861,46.411833],[-75.05786,46.411831],[-75.057858,46.411829],[-75.057856,46.411826],[-75.057626,46.411506],[-75.057555,46.411408],[-75.057553,46.411406],[-75.057551,46.411403],[-75.057548,46.4114],[-75.057371,46.41119],[-75.057369,46.411187],[-75.057366,46.411184],[-75.057363,46.411181],[-75.057173,46.41099],[-75.057172,46.410988],[-75.05717,46.410987],[-75.057169,46.410986],[-75.056966,46.410794],[-75.056965,46.410793],[-75.056963,46.410792],[-75.056962,46.410791],[-75.056746,46.410599],[-75.056744,46.410598],[-75.056742,46.410596],[-75.05674,46.410595],[-75.056651,46.410521],[-75.056649,46.41052],[-75.056646,46.410518],[-75.056644,46.410515],[-75.056295,46.410258],[-75.057463,46.409503],[-75.056761,46.408988],[-75.056374,46.408704],[-75.055934,46.408987],[-75.055207,46.409454],[-75.054933,46.409252],[-75.05457,46.408986],[-75.054334,46.408812],[-75.054002,46.408554],[-75.054357,46.408333]]]}},{"type":"Feature","properties":{"nom":"Eric Maltais","designation":"Eric Maltais (104181) 100 % (responsable)","statut":"actif","lomiko":false,"centre":[-74.6029,45.72689]},"geometry":{"type":"Polygon","coordinates":[[[-74.602947,45.725],[-74.603307,45.725],[-74.603327,45.725035],[-74.603348,45.725114],[-74.603375,45.725189],[-74.60339,45.725336],[-74.603437,45.725506],[-74.603461,45.725648],[-74.603497,45.725799],[-74.603514,45.725862],[-74.603521,45.725926],[-74.603522,45.725935],[-74.603516,45.726012],[-74.603494,45.726081],[-74.603475,45.72612],[-74.603385,45.726188],[-74.603269,45.726761],[-74.603551,45.727254],[-74.603529,45.727284],[-74.603502,45.727336],[-74.603497,45.727411],[-74.603499,45.727461],[-74.603479,45.727507],[-74.603446,45.72755],[-74.603407,45.727593],[-74.603368,45.727643],[-74.603304,45.727728],[-74.60329,45.727778],[-74.603298,45.727818],[-74.603334,45.727852],[-74.603399,45.72788],[-74.603494,45.727896],[-74.603593,45.727901],[-74.603665,45.727869],[-74.603703,45.7278],[-74.603704,45.727798],[-74.603787,45.728162],[-74.603275,45.728755],[-74.602664,45.728918],[-74.602159,45.728929],[-74.601291,45.728561],[-74.600894,45.728978],[-74.600265,45.729562],[-74.6,45.729664],[-74.6,45.726799],[-74.600813,45.726103],[-74.600923,45.725915],[-74.601087,45.725823],[-74.601943,45.726102],[-74.602193,45.725674],[-74.602669,45.725332],[-74.602914,45.725034],[-74.602947,45.725]]]}},{"type":"Feature","properties":{"nom":"Eric Maltais","designation":"Eric Maltais (104181) 100 % (responsable)","statut":"actif","lomiko":false,"centre":[-74.5881,45.72294]},"geometry":{"type":"Polygon","coordinates":[[[-74.583333,45.716667],[-74.591667,45.716667],[-74.591667,45.722973],[-74.591562,45.722972],[-74.591438,45.722968],[-74.591347,45.722974],[-74.59126,45.722972],[-74.59116,45.722954],[-74.591039,45.722914],[-74.590958,45.72287],[-74.590838,45.722798],[-74.590736,45.722755],[-74.590623,45.72272],[-74.590497,45.72268],[-74.590374,45.722648],[-74.59023,45.722627],[-74.59013,45.722616],[-74.590076,45.722614],[-74.589908,45.722597],[-74.589529,45.722604],[-74.589294,45.722628],[-74.589297,45.722644],[-74.589288,45.722674],[-74.589274,45.722712],[-74.589271,45.722745],[-74.589273,45.722784],[-74.589279,45.722828],[-74.589279,45.722887],[-74.589273,45.722954],[-74.589255,45.723018],[-74.589231,45.7231],[-74.58922,45.723165],[-74.589218,45.723204],[-74.589235,45.72326],[-74.589256,45.723305],[-74.589298,45.723359],[-74.589341,45.723419],[-74.589381,45.723488],[-74.589434,45.723566],[-74.589495,45.723625],[-74.58954,45.723671],[-74.589656,45.723759],[-74.589689,45.723781],[-74.589751,45.723798],[-74.589793,45.723813],[-74.589868,45.723836],[-74.589926,45.723875],[-74.589954,45.723926],[-74.589981,45.723964],[-74.590006,45.723997],[-74.590037,45.724038],[-74.590066,45.724103],[-74.590072,45.724179],[-74.590041,45.724249],[-74.589993,45.724312],[-74.589927,45.724387],[-74.589865,45.724453],[-74.589847,45.724506],[-74.589843,45.724577],[-74.589858,45.72464],[-74.589881,45.724694],[-74.589912,45.724768],[-74.589989,45.724853],[-74.590104,45.72499],[-74.590109,45.725],[-74.583333,45.725],[-74.583333,45.722488],[-74.583417,45.722449],[-74.583491,45.722423],[-74.583562,45.722408],[-74.5837,45.722409],[-74.583859,45.722412],[-74.583928,45.722404],[-74.58412,45.722408],[-74.584202,45.722422],[-74.584308,45.722431],[-74.58439,45.722421],[-74.584419,45.722387],[-74.584407,45.722336],[-74.584326,45.722282],[-74.584226,45.722275],[-74.58413,45.722278],[-74.584023,45.722275],[-74.583901,45.722246],[-74.583811,45.722208],[-74.583712,45.722181],[-74.583638,45.722169],[-74.583533,45.722144],[-74.583449,45.722098],[-74.583388,45.72205],[-74.583333,45.721986],[-74.583333,45.716667]]]}},{"type":"Feature","properties":{"nom":"Jacques Riel","designation":"Jacques Riel (104385) 100 % (responsable)","statut":"actif","lomiko":false,"centre":[-75.15468,46.47227]},"geometry":{"type":"Polygon","coordinates":[[[-75.15,46.466667],[-75.158333,46.466667],[-75.166667,46.466667],[-75.166667,46.475],[-75.158333,46.475],[-75.156294,46.475],[-75.156226,46.472899],[-75.154521,46.472887],[-75.15452,46.472615],[-75.154519,46.472302],[-75.153679,46.472538],[-75.153503,46.472612],[-75.152624,46.472979],[-75.151682,46.473529],[-75.150877,46.474175],[-75.150229,46.474901],[-75.150169,46.475],[-75.15,46.475],[-75.15,46.466667]]]}},{"type":"Feature","properties":{"nom":"Association des Propriétaires Valdurn Limitée","designation":"Association des Propriétaires Valdurn Limitée (104161) 100 % (responsable)","statut":"actif","lomiko":false,"centre":[-74.4402,46.10632]},"geometry":{"type":"Polygon","coordinates":[[[-74.441667,46.108333],[-74.441667,46.108471],[-74.441355,46.10854],[-74.440882,46.108668],[-74.440558,46.108771],[-74.44037,46.108835],[-74.439925,46.109006],[-74.439497,46.109196],[-74.439087,46.109405],[-74.438876,46.109524],[-74.438579,46.109699],[-74.438401,46.109807],[-74.438031,46.110054],[-74.437238,46.110321],[-74.437102,46.110367],[-74.436657,46.110538],[-74.436229,46.110728],[-74.43582,46.110937],[-74.435609,46.111056],[-74.43538,46.111191],[-74.434545,46.110625],[-74.434179,46.110393],[-74.434082,46.110335],[-74.433997,46.110281],[-74.433813,46.110168],[-74.433417,46.109947],[-74.433334,46.109907],[-74.433,46.109745],[-74.432566,46.109562],[-74.432198,46.109427],[-74.43214,46.109407],[-74.432058,46.109379],[-74.431593,46.109237],[-74.431115,46.109116],[-74.430628,46.109018],[-74.430132,46.108942],[-74.429827,46.108906],[-74.429751,46.108899],[-74.429553,46.10888],[-74.429047,46.10885],[-74.42854,46.108843],[-74.428086,46.108857],[-74.428087,46.108855],[-74.428273,46.108612],[-74.428471,46.108333],[-74.428499,46.108295],[-74.428547,46.108225],[-74.428752,46.107902],[-74.428925,46.10757],[-74.429067,46.107231],[-74.429176,46.106886],[-74.429226,46.10668],[-74.429324,46.106215],[-74.429351,46.106072],[-74.429389,46.105791],[-74.429392,46.105759],[-74.429395,46.105745],[-74.429434,46.105557],[-74.429462,46.105414],[-74.429506,46.105062],[-74.429516,46.104709],[-74.429494,46.104356],[-74.429438,46.104005],[-74.429406,46.103863],[-74.429351,46.103637],[-74.429493,46.103734],[-74.429497,46.103739],[-74.429599,46.103862],[-74.429872,46.10416],[-74.430172,46.104444],[-74.430499,46.104715],[-74.430851,46.10497],[-74.43086,46.104976],[-74.430902,46.105005],[-74.431268,46.105237],[-74.431664,46.105458],[-74.43208,46.10566],[-74.432515,46.105843],[-74.432883,46.105978],[-74.432938,46.105997],[-74.43302,46.106025],[-74.433334,46.106121],[-74.433485,46.106167],[-74.433963,46.106288],[-74.434451,46.106386],[-74.434946,46.106462],[-74.435251,46.106497],[-74.435315,46.106504],[-74.435513,46.106522],[-74.436019,46.106553],[-74.436527,46.10656],[-74.437034,46.106544],[-74.437539,46.106506],[-74.437735,46.106484],[-74.438024,46.10645],[-74.438328,46.10641],[-74.438821,46.106326],[-74.439299,46.10622],[-74.439703,46.106224],[-74.44021,46.106209],[-74.440715,46.10617],[-74.440912,46.106148],[-74.441093,46.106127],[-74.441396,46.106087],[-74.441667,46.10604],[-74.441889,46.106003],[-74.442373,46.105896],[-74.442846,46.105768],[-74.443306,46.105618],[-74.443387,46.105589],[-74.443442,46.105569],[-74.443805,46.105428],[-74.444233,46.105238],[-74.444643,46.105029],[-74.445031,46.104802],[-74.445389,46.104563],[-74.445428,46.104536],[-74.445436,46.10453],[-74.445779,46.104269],[-74.446096,46.103993],[-74.446387,46.103704],[-74.44665,46.103402],[-74.446835,46.103158],[-74.446858,46.103127],[-74.446907,46.103057],[-74.447111,46.102734],[-74.447284,46.102401],[-74.447425,46.102062],[-74.447535,46.101717],[-74.447558,46.101627],[-74.447824,46.101394],[-74.448115,46.101104],[-74.448378,46.100802],[-74.448563,46.100558],[-74.448609,46.100493],[-74.448658,46.100423],[-74.448862,46.1001],[-74.448914,46.1],[-74.45,46.1],[-74.457689,46.1],[-74.457744,46.100014],[-74.458195,46.100105],[-74.458054,46.100151],[-74.457313,46.100435],[-74.456599,46.100751],[-74.455917,46.1011],[-74.45527,46.101479],[-74.454659,46.101887],[-74.454088,46.102321],[-74.453559,46.102781],[-74.453074,46.103263],[-74.452636,46.103767],[-74.452246,46.104289],[-74.451906,46.104829],[-74.451617,46.105382],[-74.451381,46.105947],[-74.451363,46.105998],[-74.45104,46.1069],[-74.450671,46.107905],[-74.45064,46.107992],[-74.450594,46.108121],[-74.45056,46.108179],[-74.45048,46.108333],[-74.45,46.108333],[-74.449841,46.108333],[-74.44982,46.108329],[-74.449324,46.108253],[-74.448822,46.1082],[-74.448316,46.108169],[-74.448294,46.108168],[-74.448225,46.108166],[-74.447739,46.108159],[-74.447232,46.108175],[-74.446727,46.108214],[-74.446479,46.108242],[-74.446459,46.108242],[-74.445951,46.108258],[-74.445503,46.108291],[-74.445496,46.10829],[-74.445362,46.108278],[-74.444856,46.108248],[-74.444833,46.108247],[-74.44439,46.108231],[-74.443905,46.108225],[-74.443397,46.10824],[-74.442892,46.108279],[-74.442457,46.108331],[-74.442444,46.108333],[-74.441667,46.108333]]]}},{"type":"Feature","properties":{"nom":"Association des Propriétaires Valdurn Limitée","designation":"Association des Propriétaires Valdurn Limitée (104161) 100 % (responsable)","statut":"actif","lomiko":false,"centre":[-74.47485,46.08255]},"geometry":{"type":"Polygon","coordinates":[[[-74.483334,46.091667],[-74.483334,46.1],[-74.475,46.1],[-74.466667,46.1],[-74.466667,46.091667],[-74.458334,46.091667],[-74.458334,46.083333],[-74.45,46.083333],[-74.441667,46.083333],[-74.441667,46.075],[-74.441667,46.066667],[-74.45,46.066667],[-74.45,46.075],[-74.458334,46.075],[-74.466667,46.075],[-74.466667,46.083333],[-74.473318,46.083333],[-74.473321,46.083324],[-74.47337,46.083118],[-74.4734,46.082973],[-74.473428,46.08283],[-74.473471,46.082478],[-74.473482,46.082125],[-74.473459,46.081772],[-74.473403,46.081421],[-74.473371,46.081279],[-74.473363,46.081249],[-74.473307,46.081043],[-74.473185,46.0807],[-74.473032,46.080363],[-74.472847,46.080034],[-74.472632,46.079714],[-74.472581,46.079645],[-74.472559,46.079616],[-74.472365,46.079375],[-74.472092,46.079078],[-74.471791,46.078793],[-74.471465,46.078523],[-74.471113,46.078268],[-74.471104,46.078262],[-74.471064,46.078235],[-74.470699,46.078003],[-74.470303,46.077782],[-74.469886,46.07758],[-74.469452,46.077397],[-74.469143,46.077283],[-74.469121,46.077192],[-74.469064,46.076986],[-74.468943,46.076643],[-74.46879,46.076306],[-74.468605,46.075977],[-74.46839,46.075657],[-74.468338,46.075588],[-74.468316,46.075559],[-74.468123,46.075318],[-74.46785,46.075021],[-74.467828,46.075],[-74.469938,46.075],[-74.470126,46.075078],[-74.470493,46.075213],[-74.471168,46.075444],[-74.471251,46.075472],[-74.471716,46.075614],[-74.472193,46.075735],[-74.472484,46.075796],[-74.472492,46.075798],[-74.472532,46.075808],[-74.472756,46.075861],[-74.473244,46.07596],[-74.47374,46.076036],[-74.474044,46.076071],[-74.474983,46.076166],[-74.475,46.076167],[-74.475,46.083333],[-74.483334,46.083333],[-74.491667,46.083333],[-74.491667,46.087907],[-74.491456,46.087924],[-74.49126,46.087945],[-74.491195,46.087953],[-74.490892,46.087993],[-74.490399,46.088078],[-74.489915,46.088184],[-74.489442,46.088313],[-74.488982,46.088463],[-74.488901,46.088492],[-74.488326,46.088701],[-74.487963,46.088842],[-74.48771,46.088952],[-74.487695,46.088957],[-74.487613,46.088987],[-74.487249,46.089128],[-74.486821,46.089319],[-74.486647,46.089404],[-74.486385,46.089508],[-74.485957,46.089698],[-74.485548,46.089907],[-74.485338,46.090027],[-74.485015,46.090217],[-74.484837,46.090325],[-74.484471,46.090569],[-74.484128,46.09083],[-74.483811,46.091106],[-74.483699,46.091213],[-74.483486,46.091422],[-74.483464,46.091442],[-74.483436,46.091459],[-74.483334,46.09152],[-74.483334,46.091667]]]}},{"type":"Feature","properties":{"nom":"Association des Propriétaires Valdurn Limitée","designation":"Association des Propriétaires Valdurn Limitée (104161) 100 % (responsable)","statut":"actif","lomiko":false,"centre":[-74.47871,46.0298]},"geometry":{"type":"Polygon","coordinates":[[[-74.483334,46.033333],[-74.475,46.033333],[-74.475,46.028957],[-74.47625,46.028809],[-74.476561,46.028825],[-74.477069,46.028832],[-74.477575,46.028816],[-74.478079,46.028777],[-74.478276,46.028756],[-74.478367,46.028745],[-74.478669,46.028704],[-74.479162,46.02862],[-74.479645,46.028513],[-74.479785,46.028475],[-74.483334,46.032023],[-74.483334,46.033333]]]}},{"type":"Feature","properties":{"nom":"Association des Propriétaires Valdurn Limitée","designation":"Association des Propriétaires Valdurn Limitée (104161) 100 % (responsable)","statut":"actif","lomiko":false,"centre":[-74.43,46.07]},"geometry":{"type":"Polygon","coordinates":[[[-74.433334,46.066667],[-74.433334,46.075],[-74.425,46.075],[-74.425,46.066667],[-74.433334,46.066667]]]}},{"type":"Feature","properties":{"nom":"Association des Propriétaires Valdurn Limitée","designation":"Association des Propriétaires Valdurn Limitée (104161) 100 % (responsable)","statut":"actif","lomiko":false,"centre":[-74.49071,46.07116]},"geometry":{"type":"Polygon","coordinates":[[[-74.5,46.066667],[-74.5,46.069041],[-74.499971,46.069042],[-74.499466,46.069081],[-74.49927,46.069103],[-74.499205,46.06911],[-74.498902,46.069151],[-74.498409,46.069235],[-74.497926,46.069342],[-74.497453,46.069471],[-74.496993,46.06962],[-74.496912,46.06965],[-74.496858,46.069669],[-74.496495,46.069811],[-74.496067,46.070001],[-74.495658,46.07021],[-74.49527,46.070438],[-74.494913,46.070676],[-74.494874,46.070703],[-74.494866,46.07071],[-74.494523,46.07097],[-74.494206,46.071246],[-74.493916,46.071536],[-74.493653,46.071838],[-74.493468,46.072082],[-74.493447,46.072112],[-74.493398,46.072182],[-74.493195,46.072505],[-74.493022,46.072837],[-74.492881,46.073177],[-74.492772,46.073522],[-74.492722,46.073728],[-74.492717,46.073752],[-74.492714,46.073767],[-74.492707,46.073777],[-74.49269,46.073801],[-74.492641,46.073871],[-74.492437,46.074195],[-74.492264,46.074527],[-74.492123,46.074866],[-74.492081,46.075],[-74.491667,46.075],[-74.483334,46.075],[-74.483334,46.074865],[-74.48339,46.074832],[-74.483748,46.074594],[-74.484195,46.074276],[-74.484204,46.074269],[-74.484546,46.074009],[-74.484675,46.073901],[-74.484685,46.073893],[-74.484974,46.073688],[-74.484983,46.073682],[-74.485325,46.073421],[-74.485642,46.073145],[-74.485933,46.072856],[-74.486195,46.072553],[-74.48638,46.07231],[-74.486401,46.07228],[-74.48645,46.07221],[-74.486654,46.071887],[-74.486827,46.071555],[-74.486968,46.071215],[-74.487077,46.07087],[-74.487126,46.070663],[-74.487133,46.070633],[-74.48716,46.070491],[-74.487203,46.070139],[-74.487214,46.069786],[-74.487191,46.069433],[-74.487135,46.069082],[-74.487103,46.06894],[-74.487095,46.068909],[-74.487038,46.068704],[-74.486917,46.068361],[-74.486764,46.068024],[-74.486579,46.067695],[-74.486364,46.067375],[-74.486312,46.067306],[-74.48629,46.067276],[-74.486097,46.067036],[-74.485824,46.066738],[-74.485748,46.066667],[-74.491667,46.066667],[-74.5,46.066667]]]}},{"type":"Feature","properties":{"nom":"Association des Propriétaires Valdurn Limitée","designation":"Association des Propriétaires Valdurn Limitée (104161) 100 % (responsable)","statut":"actif","lomiko":false,"centre":[-74.50333,46.06333]},"geometry":{"type":"Polygon","coordinates":[[[-74.5,46.066667],[-74.5,46.058333],[-74.508334,46.058333],[-74.508334,46.066667],[-74.5,46.066667]]]}},{"type":"Feature","properties":{"nom":"Association des Propriétaires Valdurn Limitée","designation":"Association des Propriétaires Valdurn Limitée (104161) 100 % (responsable)","statut":"actif","lomiko":false,"centre":[-74.43764,46.06315]},"geometry":{"type":"Polygon","coordinates":[[[-74.433334,46.066667],[-74.433334,46.064574],[-74.433349,46.064563],[-74.433358,46.064557],[-74.4337,46.064296],[-74.434018,46.064021],[-74.434308,46.063731],[-74.434571,46.063429],[-74.434756,46.063185],[-74.434785,46.063145],[-74.434797,46.063129],[-74.434815,46.063115],[-74.434996,46.062987],[-74.435005,46.06298],[-74.435348,46.06272],[-74.435665,46.062444],[-74.435956,46.062155],[-74.436219,46.061852],[-74.436403,46.061609],[-74.436479,46.061503],[-74.436528,46.061433],[-74.436732,46.061109],[-74.436905,46.060777],[-74.437014,46.060524],[-74.437066,46.060529],[-74.437263,46.060547],[-74.437769,46.060577],[-74.438276,46.060585],[-74.438783,46.060569],[-74.439287,46.06053],[-74.439484,46.060509],[-74.439549,46.060501],[-74.439851,46.060461],[-74.440344,46.060377],[-74.440828,46.06027],[-74.441301,46.060142],[-74.441667,46.060023],[-74.441667,46.063344],[-74.441499,46.063428],[-74.441435,46.063461],[-74.441371,46.063492],[-74.441073,46.063646],[-74.441067,46.063649],[-74.440765,46.063786],[-74.440356,46.063995],[-74.440146,46.064114],[-74.440122,46.064128],[-74.439944,46.064236],[-74.439586,46.064475],[-74.439147,46.064787],[-74.439138,46.064793],[-74.438796,46.065054],[-74.438478,46.06533],[-74.438188,46.065619],[-74.437925,46.065921],[-74.43774,46.066165],[-74.437718,46.066195],[-74.437669,46.066265],[-74.437465,46.066588],[-74.437424,46.066667],[-74.433334,46.066667]]]}},{"type":"Feature","properties":{"nom":"Association des Propriétaires Valdurn Limitée","designation":"Association des Propriétaires Valdurn Limitée (104161) 100 % (responsable)","statut":"actif","lomiko":false,"centre":[-74.48259,46.04969]},"geometry":{"type":"Polygon","coordinates":[[[-74.483334,46.049451],[-74.483334,46.05],[-74.48161,46.05],[-74.481658,46.049936],[-74.481696,46.049881],[-74.481733,46.049845],[-74.482069,46.049752],[-74.48239,46.049659],[-74.482712,46.049594],[-74.482879,46.049538],[-74.483046,46.049519],[-74.483162,46.049536],[-74.483233,46.049557],[-74.483334,46.049451]]]}},{"type":"Feature","properties":{"nom":"Association des Propriétaires Valdurn Limitée","designation":"Association des Propriétaires Valdurn Limitée (104161) 100 % (responsable)","statut":"actif","lomiko":false,"centre":[-74.4711,46.05332]},"geometry":{"type":"Polygon","coordinates":[[[-74.466667,46.05],[-74.471825,46.05],[-74.473325,46.053494],[-74.473683,46.053386],[-74.475,46.052991],[-74.475,46.058333],[-74.466667,46.058333],[-74.466667,46.05]]]}},{"type":"Feature","properties":{"nom":"Association des Propriétaires Valdurn Limitée","designation":"Association des Propriétaires Valdurn Limitée (104161) 100 % (responsable)","statut":"actif","lomiko":false,"centre":[-74.4747,46.05022]},"geometry":{"type":"Polygon","coordinates":[[[-74.475,46.05],[-74.475,46.050502],[-74.474949,46.050497],[-74.474766,46.050462],[-74.474702,46.050427],[-74.474674,46.050356],[-74.474606,46.050185],[-74.474554,46.050096],[-74.474463,46.050042],[-74.474359,46.050016],[-74.474333,46.05],[-74.475,46.05]]]}},{"type":"Feature","properties":{"nom":"Association des Propriétaires Valdurn Limitée","designation":"Association des Propriétaires Valdurn Limitée (104161) 100 % (responsable)","statut":"actif","lomiko":false,"centre":[-74.48645,46.03673]},"geometry":{"type":"Polygon","coordinates":[[[-74.483334,46.033333],[-74.484376,46.033333],[-74.484315,46.033445],[-74.484205,46.034117],[-74.484339,46.034786],[-74.484709,46.035412],[-74.485253,46.035919],[-74.485206,46.035988],[-74.485103,46.036043],[-74.484936,46.036098],[-74.484847,46.03618],[-74.484797,46.036297],[-74.484798,46.03636],[-74.484877,46.036405],[-74.484955,46.036449],[-74.485073,46.036529],[-74.485295,46.036618],[-74.485581,46.036749],[-74.485698,46.03682],[-74.48575,46.03682],[-74.485775,46.036802],[-74.485839,46.036811],[-74.486046,46.036772],[-74.486239,46.036744],[-74.486278,46.036747],[-74.486427,46.036639],[-74.486503,46.036532],[-74.486504,46.036523],[-74.486936,46.036659],[-74.487215,46.036694],[-74.487169,46.03693],[-74.487099,46.037128],[-74.487007,46.037341],[-74.487413,46.03741],[-74.487856,46.037444],[-74.488267,46.037404],[-74.488525,46.037381],[-74.488471,46.037292],[-74.488456,46.037192],[-74.488428,46.037116],[-74.488811,46.037499],[-74.488655,46.03747],[-74.48854,46.037722],[-74.488557,46.03776],[-74.48892,46.03781],[-74.489141,46.037829],[-74.491667,46.040353],[-74.491667,46.041667],[-74.483334,46.041667],[-74.483334,46.033333]]]}},{"type":"Feature","properties":{"nom":"Association des Propriétaires Valdurn Limitée","designation":"Association des Propriétaires Valdurn Limitée (104161) 100 % (responsable)","statut":"actif","lomiko":false,"centre":[-74.48728,46.03776]},"geometry":{"type":"Polygon","coordinates":[[[-74.486839,46.03759],[-74.486648,46.037961],[-74.487029,46.037968],[-74.487437,46.037936],[-74.487723,46.03786],[-74.487984,46.037706],[-74.487739,46.037648],[-74.487275,46.037604],[-74.486839,46.03759]]]}},{"type":"Feature","properties":{"nom":"Association des Propriétaires Valdurn Limitée","designation":"Association des Propriétaires Valdurn Limitée (104161) 100 % (responsable)","statut":"actif","lomiko":false,"centre":[-74.4792,46.04786]},"geometry":{"type":"Polygon","coordinates":[[[-74.483334,46.041667],[-74.483334,46.04758],[-74.482308,46.047078],[-74.481803,46.046833],[-74.481411,46.046929],[-74.479759,46.047336],[-74.478831,46.047322],[-74.478342,46.047318],[-74.477982,46.047421],[-74.47779,46.047485],[-74.477726,46.047513],[-74.477712,46.047531],[-74.477716,46.047648],[-74.477755,46.04772],[-74.477807,46.047747],[-74.477847,46.047782],[-74.477912,46.047826],[-74.477952,46.047862],[-74.477991,46.047942],[-74.477968,46.047988],[-74.477916,46.048042],[-74.477891,46.048088],[-74.477879,46.048141],[-74.477893,46.048213],[-74.477933,46.04824],[-74.477985,46.048267],[-74.478114,46.048248],[-74.47828,46.048157],[-74.478472,46.04802],[-74.478573,46.047965],[-74.478691,46.047964],[-74.478872,46.047989],[-74.479053,46.048032],[-74.4793,46.048111],[-74.479458,46.048218],[-74.479589,46.048334],[-74.479628,46.048415],[-74.479721,46.048486],[-74.479851,46.048548],[-74.480033,46.0486],[-74.480176,46.048653],[-74.480306,46.04876],[-74.480384,46.048822],[-74.480452,46.048948],[-74.480507,46.049118],[-74.480509,46.049261],[-74.480501,46.049568],[-74.480516,46.049693],[-74.480558,46.049801],[-74.48065,46.049936],[-74.480719,46.05],[-74.475,46.05],[-74.475,46.041667],[-74.483334,46.041667]]]}},{"type":"Feature","properties":{"nom":"Association des Propriétaires Valdurn Limitée","designation":"Association des Propriétaires Valdurn Limitée (104161) 100 % (responsable)","statut":"actif","lomiko":false,"centre":[-74.46982,46.03547]},"geometry":{"type":"Polygon","coordinates":[[[-74.475,46.041667],[-74.466667,46.041667],[-74.466667,46.035069],[-74.467088,46.034976],[-74.46756,46.034848],[-74.46802,46.034698],[-74.468101,46.034669],[-74.468632,46.034475],[-74.468995,46.034334],[-74.469336,46.034185],[-74.469435,46.034139],[-74.469536,46.034095],[-74.469846,46.033955],[-74.470254,46.033746],[-74.470643,46.033518],[-74.470919,46.033333],[-74.475,46.033333],[-74.475,46.041667]]]}},{"type":"Feature","properties":{"nom":"Gill Kirkwood","designation":"Gill Kirkwood (86267) 100 % (responsable)","statut":"actif","lomiko":false,"centre":[-75.31994,45.77301]},"geometry":{"type":"Polygon","coordinates":[[[-75.332084,45.775],[-75.331951,45.775714],[-75.332949,45.775759],[-75.333333,45.776018],[-75.333333,45.776749],[-75.332903,45.7767],[-75.332094,45.776811],[-75.328872,45.77726],[-75.326536,45.777337],[-75.326425,45.777341],[-75.325514,45.777371],[-75.326273,45.783333],[-75.325,45.783333],[-75.316667,45.783333],[-75.308333,45.783333],[-75.308333,45.779692],[-75.308356,45.779661],[-75.308417,45.779572],[-75.308468,45.779493],[-75.30855,45.779419],[-75.308648,45.779326],[-75.308743,45.779231],[-75.308777,45.779196],[-75.308866,45.779159],[-75.308986,45.779107],[-75.309103,45.779053],[-75.309219,45.778998],[-75.309333,45.778941],[-75.309445,45.778882],[-75.309555,45.778821],[-75.309664,45.778759],[-75.309668,45.778756],[-75.309883,45.77863],[-75.309952,45.778626],[-75.310091,45.778614],[-75.31023,45.7786],[-75.310368,45.778584],[-75.310506,45.778566],[-75.310643,45.778546],[-75.31078,45.778523],[-75.310916,45.778499],[-75.311051,45.778473],[-75.311185,45.778444],[-75.311318,45.778414],[-75.311451,45.778381],[-75.311582,45.778346],[-75.311712,45.77831],[-75.311841,45.778271],[-75.311969,45.778231],[-75.312095,45.778188],[-75.312221,45.778144],[-75.312344,45.778098],[-75.312466,45.77805],[-75.312587,45.778],[-75.312706,45.777948],[-75.312824,45.777894],[-75.312939,45.777839],[-75.313053,45.777782],[-75.313166,45.777723],[-75.313276,45.777662],[-75.313384,45.7776],[-75.313491,45.777536],[-75.313595,45.77747],[-75.313698,45.777403],[-75.313798,45.777335],[-75.313896,45.777264],[-75.313992,45.777193],[-75.314085,45.77712],[-75.314177,45.777045],[-75.314328,45.776914],[-75.314473,45.776779],[-75.31461,45.77664],[-75.314739,45.776497],[-75.316045,45.775],[-75.31666,45.774295],[-75.316667,45.774287],[-75.31674,45.7742],[-75.316809,45.774115],[-75.316875,45.774028],[-75.316939,45.773941],[-75.316999,45.773852],[-75.317057,45.773763],[-75.317112,45.773673],[-75.317164,45.773582],[-75.317214,45.77349],[-75.31726,45.773397],[-75.317304,45.773304],[-75.317345,45.77321],[-75.317382,45.773115],[-75.317417,45.77302],[-75.317449,45.772925],[-75.317478,45.772829],[-75.317504,45.772732],[-75.317527,45.772635],[-75.317546,45.772538],[-75.317563,45.772441],[-75.317577,45.772343],[-75.317588,45.772245],[-75.317595,45.772147],[-75.3176,45.772049],[-75.317601,45.771951],[-75.317598,45.77181],[-75.317589,45.771669],[-75.317554,45.771284],[-75.319953,45.769628],[-75.320059,45.769553],[-75.320163,45.769476],[-75.320264,45.769397],[-75.320363,45.769317],[-75.320452,45.769241],[-75.320538,45.769164],[-75.320622,45.769085],[-75.320704,45.769005],[-75.320783,45.768924],[-75.32086,45.768842],[-75.320934,45.768759],[-75.321005,45.768674],[-75.321074,45.768589],[-75.32114,45.768502],[-75.321204,45.768415],[-75.321264,45.768326],[-75.321322,45.768237],[-75.321377,45.768146],[-75.321429,45.768055],[-75.321479,45.767964],[-75.321522,45.767879],[-75.321562,45.767793],[-75.3216,45.767707],[-75.321635,45.76762],[-75.322011,45.766667],[-75.32234,45.76583],[-75.32393,45.764154],[-75.324038,45.764036],[-75.324142,45.763915],[-75.324229,45.763805],[-75.324313,45.763693],[-75.324392,45.76358],[-75.324466,45.763465],[-75.325,45.762609],[-75.325141,45.762382],[-75.325218,45.762253],[-75.32529,45.762122],[-75.325336,45.762029],[-75.32538,45.761936],[-75.325413,45.761861],[-75.326326,45.761792],[-75.326847,45.764842],[-75.333333,45.764149],[-75.334089,45.764069],[-75.334032,45.764441],[-75.33403,45.765152],[-75.333981,45.76534],[-75.333582,45.765669],[-75.333404,45.766216],[-75.333333,45.766455],[-75.333271,45.766667],[-75.33321,45.766871],[-75.333105,45.767302],[-75.333135,45.767745],[-75.333333,45.768033],[-75.333717,45.768591],[-75.333537,45.769122],[-75.333533,45.769553],[-75.333474,45.770541],[-75.33339,45.771232],[-75.333333,45.771328],[-75.333189,45.771575],[-75.332829,45.77176],[-75.332513,45.772244],[-75.332447,45.773201],[-75.332307,45.773892],[-75.332223,45.774303],[-75.332114,45.774838],[-75.332084,45.775]]]}},{"type":"Feature","properties":{"nom":"Gill Kirkwood","designation":"Gill Kirkwood (86267) 100 % (responsable)","statut":"actif","lomiko":false,"centre":[-75.33454,45.7518]},"geometry":{"type":"Polygon","coordinates":[[[-75.334103,45.75],[-75.341667,45.75],[-75.341667,45.756068],[-75.340965,45.752845],[-75.333333,45.753553],[-75.333333,45.753389],[-75.333376,45.753339],[-75.333444,45.753254],[-75.333511,45.753167],[-75.333574,45.75308],[-75.333635,45.752991],[-75.333692,45.752902],[-75.333747,45.752811],[-75.3338,45.75272],[-75.333849,45.752629],[-75.333914,45.752498],[-75.333972,45.752366],[-75.334025,45.752233],[-75.334073,45.752099],[-75.334095,45.75203],[-75.334131,45.751916],[-75.334162,45.751802],[-75.334184,45.751705],[-75.334204,45.751608],[-75.334221,45.75151],[-75.334235,45.751413],[-75.334245,45.751315],[-75.334253,45.751217],[-75.334258,45.751119],[-75.334259,45.75102],[-75.334256,45.75088],[-75.334247,45.750739],[-75.334231,45.750598],[-75.334209,45.750458],[-75.334194,45.750375],[-75.334172,45.750265],[-75.334147,45.750156],[-75.334105,45.750005],[-75.334103,45.75],[-75.334103,45.75]]]}},{"type":"Feature","properties":{"nom":"Jean Robert","designation":"Jean Robert (3790) 30 % (responsable); Explorations Carat inc. (Les) (12443) 30 %; 9495-6976 Québec inc. (104273) 40 %","statut":"actif","lomiko":false,"centre":[-76.20333,46.45333]},"geometry":{"type":"Polygon","coordinates":[[[-76.2,46.45],[-76.208333,46.45],[-76.208333,46.458333],[-76.2,46.458333],[-76.2,46.45]]]}},{"type":"Feature","properties":{"nom":"Jean Robert","designation":"Jean Robert (3790) 30 % (responsable); Explorations Carat inc. (Les) (12443) 30 %; 9495-6976 Québec inc. (104273) 40 %","statut":"actif","lomiko":false,"centre":[-76.17,46.47]},"geometry":{"type":"Polygon","coordinates":[[[-76.166667,46.466667],[-76.175,46.466667],[-76.175,46.475],[-76.166667,46.475],[-76.166667,46.466667]]]}},{"type":"Feature","properties":{"nom":"Jean Robert","designation":"Jean Robert (3790) 30 % (responsable); Explorations Carat inc. (Les) (12443) 30 %; 9495-6976 Québec inc. (104273) 40 %","statut":"actif","lomiko":false,"centre":[-76.15333,46.47833]},"geometry":{"type":"Polygon","coordinates":[[[-76.15,46.475],[-76.158333,46.475],[-76.158333,46.483333],[-76.15,46.483333],[-76.15,46.475]]]}},{"type":"Feature","properties":{"nom":"monarquebek 9483-4603 Québec inc.","designation":"monarquebek 9483-4603 Québec inc. (103673) 100 % (responsable)","statut":"actif","lomiko":false,"centre":[-74.98667,45.93667]},"geometry":{"type":"Polygon","coordinates":[[[-74.983333,45.933333],[-74.991667,45.933333],[-74.991667,45.941667],[-74.983333,45.941667],[-74.983333,45.933333]]]}},{"type":"Feature","properties":{"nom":"Benoit Brazeau","designation":"Benoit Brazeau (103739) 100 % (responsable)","statut":"actif","lomiko":false,"centre":[-75.49167,45.60476]},"geometry":{"type":"Polygon","coordinates":[[[-75.491667,45.608333],[-75.483333,45.608333],[-75.483333,45.6],[-75.491667,45.6],[-75.5,45.6],[-75.5,45.608333],[-75.491667,45.608333]]]}},{"type":"Feature","properties":{"nom":"Benoit Laplante","designation":"Benoit Laplante (102931) 100 % (responsable)","statut":"actif","lomiko":false,"centre":[-76.17833,45.76167]},"geometry":{"type":"Polygon","coordinates":[[[-76.175,45.758333],[-76.183333,45.758333],[-76.183333,45.766667],[-76.175,45.766667],[-76.175,45.758333]]]}},{"type":"Feature","properties":{"nom":"Melanie Dardel","designation":"Melanie Dardel (103102) 100 % (responsable)","statut":"actif","lomiko":false,"centre":[-74.90246,45.87825]},"geometry":{"type":"Polygon","coordinates":[[[-74.9,45.875],[-74.903544,45.875],[-74.903538,45.875],[-74.904039,45.879547],[-74.90407,45.879772],[-74.904486,45.883333],[-74.9,45.883333],[-74.9,45.875]]]}},{"type":"Feature","properties":{"nom":"9260-0352 Québec inc.","designation":"9260-0352 Québec inc. (103130) 100 % (responsable)","statut":"actif","lomiko":false,"centre":[-75.46957,46.51954]},"geometry":{"type":"Polygon","coordinates":[[[-75.466667,46.516667],[-75.475,46.516667],[-75.475,46.520908],[-75.470368,46.520978],[-75.468845,46.520985],[-75.468698,46.520985],[-75.468184,46.520987],[-75.466667,46.520994],[-75.466667,46.516667]]]}},{"type":"Feature","properties":{"nom":"14130219 Canada Inc.","designation":"14130219 Canada Inc. (102009) 100 % (responsable)","statut":"actif","lomiko":false,"centre":[-74.77058,46.03016]},"geometry":{"type":"Polygon","coordinates":[[[-74.783334,46.041667],[-74.783334,46.05],[-74.775,46.05],[-74.766667,46.05],[-74.758334,46.05],[-74.758334,46.041667],[-74.758334,46.033333],[-74.758334,46.025],[-74.76245,46.025],[-74.762443,46.0253],[-74.762468,46.025653],[-74.762525,46.026004],[-74.762558,46.026147],[-74.762566,46.026177],[-74.762624,46.026382],[-74.762747,46.026724],[-74.762901,46.027061],[-74.763088,46.027389],[-74.763304,46.027709],[-74.763356,46.027777],[-74.763378,46.027807],[-74.763573,46.028047],[-74.763847,46.028344],[-74.764149,46.028628],[-74.764477,46.028897],[-74.76483,46.029151],[-74.764839,46.029158],[-74.764878,46.029184],[-74.765244,46.029415],[-74.765641,46.029635],[-74.766058,46.029836],[-74.766493,46.030018],[-74.766667,46.030081],[-74.766862,46.030152],[-74.766917,46.03017],[-74.766999,46.030198],[-74.767465,46.030339],[-74.767942,46.030458],[-74.76843,46.030555],[-74.768925,46.03063],[-74.76923,46.030664],[-74.769294,46.03067],[-74.769492,46.030688],[-74.769997,46.030717],[-74.770504,46.030723],[-74.771011,46.030706],[-74.771514,46.030665],[-74.771711,46.030643],[-74.771775,46.030636],[-74.772078,46.030595],[-74.77257,46.030509],[-74.773052,46.030401],[-74.773524,46.030271],[-74.773983,46.03012],[-74.774064,46.030091],[-74.774118,46.030071],[-74.77448,46.029929],[-74.774907,46.029738],[-74.775,46.029689],[-74.775314,46.029527],[-74.775701,46.029299],[-74.776056,46.02906],[-74.776095,46.029032],[-74.776103,46.029026],[-74.776444,46.028764],[-74.77676,46.028488],[-74.777048,46.028197],[-74.777309,46.027894],[-74.777493,46.02765],[-74.777514,46.02762],[-74.777562,46.02755],[-74.777764,46.027226],[-74.777935,46.026894],[-74.778074,46.026554],[-74.778181,46.026209],[-74.77823,46.026002],[-74.778349,46.025417],[-74.778352,46.025406],[-74.77839,46.025304],[-74.778484,46.025],[-74.783334,46.025],[-74.783334,46.033333],[-74.783334,46.041667]]]}},{"type":"Feature","properties":{"nom":"David Di Giulio","designation":"David Di Giulio (104454) 100 % (responsable)","statut":"actif","lomiko":false,"centre":[-75.46049,45.57011]},"geometry":{"type":"Polygon","coordinates":[[[-75.458333,45.583333],[-75.458333,45.591667],[-75.45,45.591667],[-75.45,45.583333],[-75.45,45.575],[-75.45,45.572492],[-75.45006,45.572489],[-75.450452,45.572473],[-75.450844,45.572458],[-75.451055,45.572449],[-75.451053,45.572317],[-75.450816,45.571652],[-75.45,45.568577],[-75.45,45.566667],[-75.45,45.558333],[-75.45,45.55],[-75.458333,45.55],[-75.466667,45.55],[-75.475,45.55],[-75.475,45.558333],[-75.483333,45.558333],[-75.483333,45.566667],[-75.483333,45.575],[-75.475,45.575],[-75.475,45.566667],[-75.466667,45.566667],[-75.466667,45.575],[-75.466667,45.583333],[-75.458333,45.583333]]]}},{"type":"Feature","properties":{"nom":"David Di Giulio","designation":"David Di Giulio (104454) 100 % (responsable)","statut":"actif","lomiko":false,"centre":[-75.345,45.57833]},"geometry":{"type":"Polygon","coordinates":[[[-75.341667,45.575],[-75.35,45.575],[-75.35,45.583333],[-75.341667,45.583333],[-75.341667,45.575]]]}},{"type":"Feature","properties":{"nom":"David Di Giulio","designation":"David Di Giulio (104454) 100 % (responsable)","statut":"actif","lomiko":false,"centre":[-75.31204,45.68796]},"geometry":{"type":"Polygon","coordinates":[[[-75.308333,45.691667],[-75.3,45.691667],[-75.3,45.683333],[-75.308333,45.683333],[-75.316667,45.683333],[-75.325,45.683333],[-75.325,45.691667],[-75.316667,45.691667],[-75.308333,45.691667]]]}},{"type":"Feature","properties":{"nom":"David Di Giulio","designation":"David Di Giulio (104454) 100 % (responsable)","statut":"actif","lomiko":false,"centre":[-75.53258,45.67121]},"geometry":{"type":"Polygon","coordinates":[[[-75.525,45.675],[-75.516667,45.675],[-75.516667,45.666667],[-75.525,45.666667],[-75.533333,45.666667],[-75.541667,45.666667],[-75.55,45.666667],[-75.55,45.675],[-75.541667,45.675],[-75.533333,45.675],[-75.525,45.675]]]}},{"type":"Feature","properties":{"nom":"David Di Giulio","designation":"David Di Giulio (104454) 100 % (responsable)","statut":"actif","lomiko":false,"centre":[-75.35833,45.67976]},"geometry":{"type":"Polygon","coordinates":[[[-75.358333,45.683333],[-75.35,45.683333],[-75.35,45.675],[-75.358333,45.675],[-75.366667,45.675],[-75.366667,45.683333],[-75.358333,45.683333]]]}},{"type":"Feature","properties":{"nom":"David Di Giulio","designation":"David Di Giulio (104454) 100 % (responsable)","statut":"actif","lomiko":false,"centre":[-75.35833,45.65128]},"geometry":{"type":"Polygon","coordinates":[[[-75.366667,45.658333],[-75.366667,45.666667],[-75.358333,45.666667],[-75.35,45.666667],[-75.35,45.658333],[-75.35,45.65],[-75.35,45.641667],[-75.35,45.633333],[-75.358333,45.633333],[-75.358333,45.641667],[-75.366667,45.641667],[-75.366667,45.65],[-75.366667,45.658333]]]}},{"type":"Feature","properties":{"nom":"David Di Giulio","designation":"David Di Giulio (104454) 100 % (responsable)","statut":"actif","lomiko":false,"centre":[-75.35051,45.62336]},"geometry":{"type":"Polygon","coordinates":[[[-75.35,45.625],[-75.35,45.628063],[-75.348624,45.628226],[-75.348577,45.628232],[-75.348328,45.628266],[-75.348082,45.628307],[-75.347838,45.628355],[-75.347597,45.62841],[-75.346163,45.628757],[-75.346063,45.628782],[-75.345837,45.628844],[-75.345697,45.628886],[-75.345491,45.628883],[-75.345395,45.628883],[-75.345228,45.628884],[-75.344712,45.628894],[-75.344681,45.628802],[-75.344646,45.628707],[-75.344609,45.628613],[-75.344568,45.628519],[-75.344525,45.628426],[-75.344478,45.628333],[-75.344429,45.628241],[-75.344377,45.62815],[-75.344322,45.62806],[-75.344264,45.62797],[-75.344204,45.627882],[-75.34414,45.627794],[-75.344074,45.627708],[-75.344006,45.627622],[-75.343935,45.627538],[-75.343861,45.627454],[-75.343784,45.627372],[-75.343705,45.627291],[-75.343624,45.627212],[-75.34354,45.627133],[-75.343453,45.627056],[-75.343365,45.62698],[-75.343274,45.626905],[-75.34318,45.626832],[-75.343085,45.626761],[-75.342987,45.626691],[-75.342887,45.626622],[-75.342785,45.626555],[-75.342681,45.626489],[-75.342574,45.626425],[-75.342466,45.626363],[-75.342356,45.626303],[-75.342244,45.626244],[-75.342131,45.626187],[-75.342015,45.626131],[-75.341898,45.626078],[-75.341779,45.626026],[-75.341667,45.625979],[-75.341667,45.625],[-75.333333,45.625],[-75.333333,45.616667],[-75.341667,45.616667],[-75.35,45.616667],[-75.35,45.608333],[-75.355433,45.608333],[-75.355516,45.608935],[-75.35555,45.60915],[-75.35555,45.60915],[-75.355578,45.609322],[-75.355578,45.609322],[-75.355588,45.609382],[-75.35572,45.610203],[-75.355899,45.611313],[-75.356165,45.613005],[-75.356739,45.616667],[-75.358333,45.616667],[-75.366667,45.616667],[-75.375,45.616667],[-75.383333,45.616667],[-75.383333,45.608333],[-75.391667,45.608333],[-75.391667,45.616667],[-75.391667,45.625],[-75.383333,45.625],[-75.375,45.625],[-75.366667,45.625],[-75.358333,45.625],[-75.35,45.625]]]}},{"type":"Feature","properties":{"nom":"David Di Giulio","designation":"David Di Giulio (104454) 100 % (responsable)","statut":"actif","lomiko":false,"centre":[-75.31667,45.61603]},"geometry":{"type":"Polygon","coordinates":[[[-75.325,45.616667],[-75.325,45.625],[-75.316667,45.625],[-75.308333,45.625],[-75.3,45.625],[-75.3,45.616667],[-75.3,45.608333],[-75.308333,45.608333],[-75.316667,45.608333],[-75.325,45.608333],[-75.333333,45.608333],[-75.333333,45.616667],[-75.325,45.616667]]]}},{"type":"Feature","properties":{"nom":"David Di Giulio","designation":"David Di Giulio (104454) 100 % (responsable)","statut":"actif","lomiko":false,"centre":[-75.50307,45.58202]},"geometry":{"type":"Polygon","coordinates":[[[-75.5,45.591667],[-75.5,45.6],[-75.491667,45.6],[-75.491667,45.591667],[-75.491667,45.583333],[-75.5,45.583333],[-75.508333,45.583333],[-75.508333,45.575],[-75.5,45.575],[-75.491667,45.575],[-75.491667,45.566667],[-75.5,45.566667],[-75.508333,45.566667],[-75.516667,45.566667],[-75.516667,45.575],[-75.516667,45.583333],[-75.516667,45.591667],[-75.508333,45.591667],[-75.5,45.591667]]]}},{"type":"Feature","properties":{"nom":"David Di Giulio","designation":"David Di Giulio (104454) 100 % (responsable)","statut":"actif","lomiko":false,"centre":[-75.38724,45.59545]},"geometry":{"type":"Polygon","coordinates":[[[-75.388109,45.594709],[-75.389016,45.594651],[-75.390788,45.594538],[-75.391228,45.59451],[-75.391667,45.594482],[-75.391667,45.6],[-75.383333,45.6],[-75.383333,45.595246],[-75.383979,45.595165],[-75.384797,45.595119],[-75.385457,45.59503],[-75.385884,45.594972],[-75.386027,45.594914],[-75.38617,45.594894],[-75.386518,45.594909],[-75.387082,45.594838],[-75.388109,45.594709]]]}},{"type":"Feature","properties":{"nom":"Labonté Constance","designation":"Labonté Constance (103929) 100 % (responsable)","statut":"actif","lomiko":false,"centre":[-75.62,45.52]},"geometry":{"type":"Polygon","coordinates":[[[-75.616667,45.516667],[-75.625,45.516667],[-75.625,45.525],[-75.616667,45.525],[-75.616667,45.516667]]]}},{"type":"Feature","properties":{"nom":"Janik Spattz","designation":"Janik Spattz (17930) 100 % (responsable)","statut":"actif","lomiko":false,"centre":[-75.63667,45.65333]},"geometry":{"type":"Polygon","coordinates":[[[-75.633333,45.65],[-75.641667,45.65],[-75.641667,45.658333],[-75.633333,45.658333],[-75.633333,45.65]]]}},{"type":"Feature","properties":{"nom":"Sylvie Ott","designation":"Sylvie Ott (104520) 100 % (responsable)","statut":"actif","lomiko":false,"centre":[-75.95192,45.87861]},"geometry":{"type":"Polygon","coordinates":[[[-75.958333,45.883333],[-75.958333,45.891667],[-75.955113,45.891667],[-75.955112,45.891544],[-75.955112,45.891514],[-75.955104,45.890366],[-75.955096,45.889188],[-75.95508,45.886832],[-75.953858,45.886873],[-75.951943,45.886938],[-75.9513,45.88696],[-75.950315,45.886993],[-75.950214,45.886996],[-75.950104,45.887],[-75.950004,45.887003],[-75.95,45.887004],[-75.949713,45.887013],[-75.9497,45.887014],[-75.949425,45.887023],[-75.9494,45.887024],[-75.949131,45.887033],[-75.94911,45.887034],[-75.94883,45.887043],[-75.948815,45.887044],[-75.948512,45.887054],[-75.948467,45.887055],[-75.94822,45.887061],[-75.948207,45.887061],[-75.947903,45.887067],[-75.947593,45.887074],[-75.947286,45.887081],[-75.946982,45.887087],[-75.94668,45.887093],[-75.946639,45.887094],[-75.946577,45.887096],[-75.946505,45.887097],[-75.946423,45.887167],[-75.946374,45.887209],[-75.946295,45.887276],[-75.94617,45.887353],[-75.945984,45.887449],[-75.945736,45.887534],[-75.945496,45.887587],[-75.945065,45.887637],[-75.944872,45.887657],[-75.944746,45.887679],[-75.944594,45.887706],[-75.944393,45.887771],[-75.944267,45.887841],[-75.944182,45.887888],[-75.944131,45.88792],[-75.944041,45.887976],[-75.944018,45.887991],[-75.943984,45.888012],[-75.943744,45.888182],[-75.943496,45.888358],[-75.94329,45.888485],[-75.942961,45.888689],[-75.94278,45.888792],[-75.942636,45.888861],[-75.942471,45.888919],[-75.942291,45.888973],[-75.942037,45.889041],[-75.94193,45.889075],[-75.941811,45.889113],[-75.941667,45.889181],[-75.941667,45.883333],[-75.941667,45.875],[-75.941667,45.866667],[-75.941667,45.858333],[-75.95,45.858333],[-75.95,45.866667],[-75.954325,45.866667],[-75.954371,45.867704],[-75.954375,45.867784],[-75.954376,45.867798],[-75.954386,45.867932],[-75.954388,45.867951],[-75.954396,45.868069],[-75.954398,45.868087],[-75.954403,45.868167],[-75.954398,45.868282],[-75.954392,45.868421],[-75.954391,45.868443],[-75.954387,45.86857],[-75.954383,45.868699],[-75.95438,45.869018],[-75.95438,45.869053],[-75.95443,45.869576],[-75.954434,45.869625],[-75.954431,45.869681],[-75.954427,45.86974],[-75.954424,45.869801],[-75.95442,45.869859],[-75.954419,45.869884],[-75.954418,45.869908],[-75.954418,45.869919],[-75.95442,45.869936],[-75.954427,45.870016],[-75.95443,45.870052],[-75.954448,45.870531],[-75.954065,45.870592],[-75.954088,45.87114],[-75.953939,45.871189],[-75.953676,45.871293],[-75.953486,45.871385],[-75.95315,45.871495],[-75.952802,45.871612],[-75.952542,45.871675],[-75.952406,45.87174],[-75.952223,45.871781],[-75.952023,45.871873],[-75.951801,45.871909],[-75.951545,45.871969],[-75.951549,45.872004],[-75.951383,45.872161],[-75.951185,45.87223],[-75.951038,45.872305],[-75.950975,45.87236],[-75.950976,45.872413],[-75.950913,45.872502],[-75.950838,45.872582],[-75.950546,45.872697],[-75.950381,45.872753],[-75.950282,45.872829],[-75.950232,45.872898],[-75.950205,45.872954],[-75.950188,45.873004],[-75.950179,45.873076],[-75.950166,45.873179],[-75.950182,45.873469],[-75.950248,45.873625],[-75.950205,45.873832],[-75.95023,45.873992],[-75.9503,45.874081],[-75.950427,45.874154],[-75.950652,45.874193],[-75.95089,45.874268],[-75.950997,45.874317],[-75.951135,45.874306],[-75.95143,45.874378],[-75.95169,45.874362],[-75.951958,45.874346],[-75.95219,45.874417],[-75.952274,45.874515],[-75.952488,45.874652],[-75.95261,45.874701],[-75.952698,45.87474],[-75.952888,45.874839],[-75.952958,45.87488],[-75.952996,45.874929],[-75.953063,45.874971],[-75.953096,45.875],[-75.95312,45.875022],[-75.953164,45.875084],[-75.953186,45.875112],[-75.953249,45.875129],[-75.953304,45.875173],[-75.95333,45.875217],[-75.95334,45.875306],[-75.953326,45.875348],[-75.953301,45.875448],[-75.953257,45.875566],[-75.953187,45.875697],[-75.953116,45.875784],[-75.95303,45.875853],[-75.952975,45.875897],[-75.952954,45.875931],[-75.952937,45.87598],[-75.952912,45.876045],[-75.952874,45.876082],[-75.952788,45.876146],[-75.952699,45.876245],[-75.952621,45.876338],[-75.952556,45.876395],[-75.952489,45.876464],[-75.952452,45.876515],[-75.952478,45.876571],[-75.952499,45.876632],[-75.952477,45.876667],[-75.952429,45.876694],[-75.952352,45.876717],[-75.952157,45.876751],[-75.952069,45.876763],[-75.951897,45.876819],[-75.951774,45.876875],[-75.951622,45.876962],[-75.951483,45.877039],[-75.951414,45.87709],[-75.951371,45.877138],[-75.951334,45.877185],[-75.951317,45.877222],[-75.951313,45.877278],[-75.951315,45.877359],[-75.951315,45.87739],[-75.951329,45.877503],[-75.95136,45.877588],[-75.951423,45.877689],[-75.95149,45.877756],[-75.951566,45.877829],[-75.951635,45.877897],[-75.951907,45.877972],[-75.951984,45.877968],[-75.952067,45.877977],[-75.952162,45.878011],[-75.952335,45.878091],[-75.952508,45.87817],[-75.952577,45.878197],[-75.952673,45.878221],[-75.952742,45.878232],[-75.952923,45.878232],[-75.953185,45.878224],[-75.953466,45.878207],[-75.953659,45.878194],[-75.953831,45.87819],[-75.953952,45.878189],[-75.954029,45.8782],[-75.954129,45.878234],[-75.954222,45.878268],[-75.95432,45.878314],[-75.954386,45.878365],[-75.954462,45.878402],[-75.954589,45.87845],[-75.954746,45.8785],[-75.954751,45.878641],[-75.954751,45.878652],[-75.954759,45.878859],[-75.95476,45.878872],[-75.954768,45.879081],[-75.954768,45.87909],[-75.954777,45.879306],[-75.954785,45.879535],[-75.954794,45.879748],[-75.954795,45.879779],[-75.954795,45.879793],[-75.954797,45.879839],[-75.954799,45.879882],[-75.954801,45.879926],[-75.954803,45.87997],[-75.954804,45.880012],[-75.954806,45.88005],[-75.954807,45.880065],[-75.954808,45.880096],[-75.954809,45.880139],[-75.954811,45.880181],[-75.954813,45.880224],[-75.954814,45.880265],[-75.954816,45.880305],[-75.954818,45.880348],[-75.954819,45.880391],[-75.954821,45.880433],[-75.954823,45.880475],[-75.954824,45.880519],[-75.954826,45.880563],[-75.954828,45.880606],[-75.954829,45.880649],[-75.954831,45.880692],[-75.954832,45.880713],[-75.954839,45.88089],[-75.954841,45.88095],[-75.954887,45.882122],[-75.955047,45.882122],[-75.955224,45.882122],[-75.955398,45.882122],[-75.955571,45.882122],[-75.955748,45.882122],[-75.955921,45.882122],[-75.956096,45.882122],[-75.956272,45.882122],[-75.956445,45.882122],[-75.956461,45.882122],[-75.956614,45.882122],[-75.956793,45.882122],[-75.95697,45.882122],[-75.957146,45.882122],[-75.957328,45.882122],[-75.957524,45.882122],[-75.957687,45.882122],[-75.957806,45.882122],[-75.957874,45.882122],[-75.958054,45.882121],[-75.958239,45.882121],[-75.958333,45.882121],[-75.958333,45.883333]]]}},{"type":"Feature","properties":{"nom":"Sylvie Ott","designation":"Sylvie Ott (104520) 100 % (responsable)","statut":"actif","lomiko":false,"centre":[-75.97477,45.86662]},"geometry":{"type":"Polygon","coordinates":[[[-75.983333,45.866667],[-75.983333,45.875],[-75.975135,45.875],[-75.975099,45.872328],[-75.975079,45.870767],[-75.975077,45.870588],[-75.975069,45.87001],[-75.97504,45.867692],[-75.975025,45.866667],[-75.975006,45.865337],[-75.975,45.865337],[-75.972429,45.865339],[-75.972207,45.865339],[-75.971285,45.865339],[-75.969854,45.86534],[-75.967294,45.865342],[-75.966667,45.865343],[-75.966667,45.858333],[-75.975,45.858333],[-75.983333,45.858333],[-75.983333,45.866667]]]}},{"type":"Feature","properties":{"nom":"Richard Létourneau","designation":"Richard Létourneau (102765) 100 % (responsable)","statut":"actif","lomiko":false,"centre":[-75.645,45.61167]},"geometry":{"type":"Polygon","coordinates":[[[-75.641667,45.608333],[-75.65,45.608333],[-75.65,45.616667],[-75.641667,45.616667],[-75.641667,45.608333]]]}},{"type":"Feature","properties":{"nom":"Alexandre Grenier","designation":"Alexandre Grenier (104116) 100 % (responsable)","statut":"actif","lomiko":false,"centre":[-75.61531,45.54884]},"geometry":{"type":"Polygon","coordinates":[[[-75.612345,45.55],[-75.612343,45.550019],[-75.612335,45.550216],[-75.612337,45.550414],[-75.612346,45.550566],[-75.612349,45.550611],[-75.612458,45.552034],[-75.612462,45.552078],[-75.612484,45.552275],[-75.612517,45.552471],[-75.61256,45.552665],[-75.612613,45.552859],[-75.612676,45.553051],[-75.612749,45.553242],[-75.612832,45.55343],[-75.612924,45.553616],[-75.613026,45.5538],[-75.613138,45.553981],[-75.613259,45.554159],[-75.613389,45.554334],[-75.613528,45.554505],[-75.613676,45.554672],[-75.613833,45.554836],[-75.613998,45.554996],[-75.614171,45.555151],[-75.614352,45.555302],[-75.614541,45.555447],[-75.614737,45.555588],[-75.614941,45.555724],[-75.615151,45.555855],[-75.615368,45.55598],[-75.615522,45.556062],[-75.615466,45.556067],[-75.613398,45.556228],[-75.613219,45.556244],[-75.612866,45.556274],[-75.612542,45.556302],[-75.612117,45.556339],[-75.609806,45.55654],[-75.609227,45.556594],[-75.608333,45.556677],[-75.608333,45.55],[-75.608333,45.541667],[-75.616667,45.541667],[-75.621858,45.541667],[-75.621794,45.54173],[-75.621641,45.541895],[-75.621497,45.542064],[-75.621361,45.542237],[-75.621235,45.542413],[-75.621117,45.542592],[-75.62101,45.542774],[-75.620911,45.542959],[-75.620823,45.543146],[-75.620744,45.543335],[-75.620675,45.543526],[-75.620616,45.543719],[-75.620567,45.543913],[-75.620528,45.544109],[-75.620499,45.544305],[-75.620481,45.544502],[-75.620473,45.544699],[-75.620474,45.544854],[-75.619822,45.544878],[-75.619624,45.544885],[-75.619542,45.544888],[-75.619262,45.544903],[-75.618983,45.544926],[-75.618706,45.544957],[-75.61843,45.544994],[-75.618157,45.545038],[-75.617886,45.545089],[-75.617618,45.545148],[-75.617353,45.545213],[-75.617091,45.545284],[-75.616834,45.545363],[-75.616667,45.545419],[-75.616581,45.545448],[-75.616332,45.545539],[-75.616088,45.545637],[-75.61585,45.545741],[-75.615617,45.545851],[-75.61539,45.545967],[-75.615169,45.546088],[-75.614954,45.546216],[-75.614747,45.546348],[-75.614546,45.546486],[-75.614353,45.546629],[-75.614167,45.546777],[-75.613989,45.54693],[-75.613819,45.547086],[-75.613658,45.547248],[-75.613504,45.547413],[-75.61336,45.547582],[-75.613224,45.547755],[-75.613098,45.547931],[-75.61298,45.54811],[-75.612873,45.548292],[-75.612774,45.548477],[-75.612685,45.548664],[-75.612607,45.548853],[-75.612538,45.549044],[-75.612478,45.549237],[-75.612429,45.549431],[-75.612391,45.549626],[-75.612362,45.549823],[-75.612345,45.55]]]}},{"type":"Feature","properties":{"nom":"Pierre-Marc Beaulieu","designation":"Pierre-Marc Beaulieu (94317) 100 % (responsable)","statut":"actif","lomiko":false,"centre":[-74.92761,46.02833]},"geometry":{"type":"Polygon","coordinates":[[[-74.933334,46.033333],[-74.933334,46.040232],[-74.93027,46.039695],[-74.927176,46.039444],[-74.925001,46.039492],[-74.924588,46.039501],[-74.922352,46.040001],[-74.918855,46.04053],[-74.916923,46.040804],[-74.916667,46.040923],[-74.916667,46.033333],[-74.916667,46.025],[-74.923228,46.025],[-74.92327,46.02503],[-74.923371,46.025099],[-74.923473,46.025166],[-74.923578,46.025231],[-74.923685,46.025295],[-74.923794,46.025357],[-74.923905,46.025418],[-74.924018,46.025477],[-74.924132,46.025534],[-74.924248,46.02559],[-74.924366,46.025643],[-74.924486,46.025695],[-74.924607,46.025745],[-74.92473,46.025793],[-74.924854,46.025839],[-74.92498,46.025884],[-74.925001,46.025891],[-74.925107,46.025926],[-74.925235,46.025967],[-74.925365,46.026005],[-74.925496,46.026042],[-74.925627,46.026076],[-74.925807,46.02612],[-74.925989,46.02616],[-74.926173,46.026196],[-74.926357,46.026228],[-74.926985,46.026331],[-74.927163,46.026358],[-74.927474,46.026528],[-74.927662,46.026628],[-74.927855,46.026723],[-74.928053,46.026813],[-74.928255,46.026898],[-74.928378,46.026946],[-74.928502,46.026993],[-74.928628,46.027037],[-74.928755,46.02708],[-74.928883,46.02712],[-74.929013,46.027159],[-74.929144,46.027195],[-74.929276,46.02723],[-74.929408,46.027262],[-74.929542,46.027293],[-74.929677,46.027321],[-74.929813,46.027348],[-74.929949,46.027372],[-74.930087,46.027394],[-74.930224,46.027415],[-74.930363,46.027433],[-74.930582,46.027457],[-74.930802,46.027476],[-74.930841,46.027479],[-74.930938,46.027499],[-74.931074,46.027526],[-74.93121,46.02755],[-74.931348,46.027572],[-74.931485,46.027593],[-74.931624,46.027611],[-74.931763,46.027627],[-74.931902,46.027641],[-74.932042,46.027652],[-74.932182,46.027662],[-74.932323,46.027669],[-74.932464,46.027675],[-74.932604,46.027678],[-74.932745,46.027679],[-74.932883,46.027678],[-74.933021,46.027675],[-74.933158,46.02767],[-74.933296,46.027663],[-74.933334,46.02766],[-74.933334,46.033333]]]}},{"type":"Feature","properties":{"nom":"Manon Landry","designation":"Manon Landry (102878) 100 % (responsable)","statut":"actif","lomiko":false,"centre":[-75.62233,46.02277]},"geometry":{"type":"Polygon","coordinates":[[[-75.623196,46.020311],[-75.625,46.020311],[-75.625,46.025],[-75.620612,46.025],[-75.620611,46.023502],[-75.620614,46.023502],[-75.620639,46.023502],[-75.62079,46.023498],[-75.620953,46.023487],[-75.621114,46.023468],[-75.621274,46.023442],[-75.621431,46.02341],[-75.621585,46.02337],[-75.621735,46.023324],[-75.62188,46.023271],[-75.62202,46.023212],[-75.622155,46.023147],[-75.622283,46.023076],[-75.622405,46.022999],[-75.622519,46.022917],[-75.622626,46.022831],[-75.622725,46.022739],[-75.622815,46.022644],[-75.622896,46.022545],[-75.622968,46.022442],[-75.623031,46.022337],[-75.623084,46.022229],[-75.623127,46.022118],[-75.623159,46.022007],[-75.623182,46.021894],[-75.623194,46.02178],[-75.623196,46.021702],[-75.623196,46.020311]]]}},{"type":"Feature","properties":{"nom":"Lakdar Kamouche","designation":"Lakdar Kamouche (102854) 100 % (responsable)","statut":"actif","lomiko":false,"centre":[-74.68961,46.02082]},"geometry":{"type":"Polygon","coordinates":[[[-74.691667,46.025],[-74.685639,46.025],[-74.685644,46.02496],[-74.685653,46.024607],[-74.685629,46.024254],[-74.685577,46.023929],[-74.68559,46.023789],[-74.685599,46.023436],[-74.685575,46.023083],[-74.685525,46.022768],[-74.685525,46.02273],[-74.685527,46.022721],[-74.685538,46.02267],[-74.685564,46.022527],[-74.685607,46.022175],[-74.685616,46.021822],[-74.685591,46.021469],[-74.685534,46.021118],[-74.685501,46.020976],[-74.685494,46.020946],[-74.685437,46.020741],[-74.685314,46.020398],[-74.68516,46.020061],[-74.684974,46.019733],[-74.684758,46.019413],[-74.684706,46.019344],[-74.684453,46.019011],[-74.684427,46.018873],[-74.684394,46.018731],[-74.684128,46.017668],[-74.684125,46.017656],[-74.684122,46.017629],[-74.68412,46.017605],[-74.684062,46.017254],[-74.68403,46.017112],[-74.683987,46.016942],[-74.683984,46.016927],[-74.68398,46.016898],[-74.68394,46.016667],[-74.684793,46.016667],[-74.684923,46.016789],[-74.685251,46.017059],[-74.685603,46.017313],[-74.685612,46.017319],[-74.686137,46.017673],[-74.686156,46.017686],[-74.686169,46.017703],[-74.686319,46.0179],[-74.686513,46.01814],[-74.686788,46.018438],[-74.687089,46.018722],[-74.687416,46.018991],[-74.687769,46.019245],[-74.687777,46.019251],[-74.687817,46.019278],[-74.688183,46.019509],[-74.68858,46.019729],[-74.688996,46.019931],[-74.689431,46.020113],[-74.6898,46.020247],[-74.690046,46.020331],[-74.690128,46.020359],[-74.690593,46.0205],[-74.69107,46.020619],[-74.691301,46.020668],[-74.691587,46.020824],[-74.691667,46.020863],[-74.692004,46.021025],[-74.692438,46.021207],[-74.692807,46.021342],[-74.692924,46.021382],[-74.693006,46.021409],[-74.693471,46.02155],[-74.693949,46.02167],[-74.694436,46.021767],[-74.694931,46.021842],[-74.695236,46.021877],[-74.6953,46.021883],[-74.695498,46.021901],[-74.696003,46.02193],[-74.69651,46.021936],[-74.697016,46.02192],[-74.69752,46.02188],[-74.697716,46.021858],[-74.697915,46.021834],[-74.697942,46.02193],[-74.698065,46.022272],[-74.698219,46.022609],[-74.698405,46.022938],[-74.698621,46.023257],[-74.698673,46.023326],[-74.698695,46.023356],[-74.69889,46.023596],[-74.699164,46.023893],[-74.699465,46.024177],[-74.699793,46.024447],[-74.7,46.024597],[-74.7,46.025],[-74.691667,46.025]]]}},{"type":"Feature","properties":{"nom":"Philippe Douville","designation":"Philippe Douville (102826) 100 % (responsable)","statut":"actif","lomiko":false,"centre":[-74.90363,45.89771]},"geometry":{"type":"Polygon","coordinates":[[[-74.9,45.895397],[-74.90025,45.895385],[-74.900433,45.895392],[-74.900705,45.895425],[-74.900825,45.895446],[-74.900967,45.89548],[-74.901008,45.895491],[-74.901099,45.895517],[-74.901182,45.895545],[-74.90143,45.895641],[-74.901559,45.895704],[-74.901808,45.895854],[-74.901924,45.895941],[-74.902122,45.896128],[-74.9022,45.896219],[-74.90232,45.896398],[-74.902341,45.896431],[-74.902452,45.896629],[-74.902531,45.89672],[-74.902617,45.896768],[-74.902714,45.896796],[-74.902933,45.89682],[-74.903227,45.896824],[-74.903284,45.896826],[-74.903622,45.896849],[-74.903895,45.896862],[-74.904077,45.896876],[-74.904426,45.896934],[-74.904601,45.89698],[-74.904654,45.896999],[-74.904651,45.897012],[-74.904637,45.897069],[-74.904622,45.897134],[-74.904602,45.897224],[-74.904585,45.897314],[-74.904571,45.897404],[-74.904559,45.897494],[-74.90455,45.897585],[-74.904543,45.897676],[-74.904539,45.897767],[-74.904538,45.897858],[-74.904538,45.897931],[-74.904541,45.898083],[-74.904552,45.898234],[-74.90456,45.89831],[-74.90457,45.898404],[-74.904584,45.898498],[-74.9046,45.898592],[-74.904619,45.898685],[-74.904626,45.898717],[-74.904631,45.898739],[-74.904639,45.898777],[-74.904658,45.898856],[-74.904677,45.898923],[-74.904683,45.898945],[-74.904689,45.89897],[-74.90469,45.898977],[-74.904699,45.899017],[-74.90471,45.899063],[-74.904712,45.899072],[-74.904727,45.899135],[-74.904741,45.899186],[-74.904756,45.899243],[-74.904766,45.89928],[-74.904775,45.899319],[-74.904783,45.899349],[-74.904832,45.899516],[-74.904839,45.899539],[-74.904873,45.899639],[-74.904911,45.899739],[-74.904951,45.899838],[-74.904962,45.899862],[-74.904963,45.899864],[-74.90498,45.899903],[-74.904976,45.899958],[-74.904974,45.9],[-74.9,45.9],[-74.9,45.895397]]]}},{"type":"Feature","properties":{"nom":"Philippe Douville","designation":"Philippe Douville (102826) 100 % (responsable)","statut":"actif","lomiko":false,"centre":[-74.90228,45.88381]},"geometry":{"type":"Polygon","coordinates":[[[-74.9,45.883333],[-74.904486,45.883333],[-74.904596,45.884273],[-74.904583,45.884273],[-74.9,45.884329],[-74.9,45.883333]]]}},{"type":"Feature","properties":{"nom":"laurent savard-gervais","designation":"laurent savard-gervais (103059) 100 % (responsable)","statut":"actif","lomiko":false,"centre":[-74.93404,46.33526]},"geometry":{"type":"Polygon","coordinates":[[[-74.937607,46.333333],[-74.938005,46.333645],[-74.938954,46.334187],[-74.939426,46.334379],[-74.939406,46.33447],[-74.93942,46.335348],[-74.939587,46.336008],[-74.939573,46.33601],[-74.939594,46.336079],[-74.939688,46.336423],[-74.940072,46.337357],[-74.940307,46.337688],[-74.940423,46.33805],[-74.940463,46.338123],[-74.940476,46.338277],[-74.940491,46.338383],[-74.940491,46.338386],[-74.940543,46.338749],[-74.940558,46.338821],[-74.940575,46.338899],[-74.94059,46.338963],[-74.940625,46.33906],[-74.94062,46.339061],[-74.940635,46.339119],[-74.94082,46.339664],[-74.940816,46.339665],[-74.940844,46.339737],[-74.940882,46.339832],[-74.940898,46.339872],[-74.940923,46.339932],[-74.941038,46.340149],[-74.941069,46.340208],[-74.941038,46.340222],[-74.94122,46.340495],[-74.941292,46.340632],[-74.941333,46.340695],[-74.941484,46.340897],[-74.941667,46.341179],[-74.941667,46.341667],[-74.93457,46.341667],[-74.934561,46.341644],[-74.934561,46.341615],[-74.93455,46.341615],[-74.934266,46.340901],[-74.934148,46.34075],[-74.934148,46.340721],[-74.934126,46.340721],[-74.934014,46.340577],[-74.934013,46.340542],[-74.933989,46.340543],[-74.933884,46.340385],[-74.933904,46.340371],[-74.933879,46.340366],[-74.933878,46.340364],[-74.93387,46.340364],[-74.933772,46.340217],[-74.933744,46.340187],[-74.933744,46.340186],[-74.933743,46.340186],[-74.933567,46.340002],[-74.933427,46.339822],[-74.933333,46.339745],[-74.933274,46.339696],[-74.933118,46.339532],[-74.932582,46.339123],[-74.932504,46.339059],[-74.932463,46.339032],[-74.932321,46.338925],[-74.932107,46.338804],[-74.931808,46.338612],[-74.931618,46.338529],[-74.93143,46.338424],[-74.931429,46.338423],[-74.931401,46.338407],[-74.930529,46.338054],[-74.930362,46.337981],[-74.930365,46.33798],[-74.930352,46.337977],[-74.93019,46.337906],[-74.930077,46.337898],[-74.929226,46.337655],[-74.928309,46.337504],[-74.928292,46.337493],[-74.928284,46.3375],[-74.927954,46.337445],[-74.927807,46.337328],[-74.927848,46.337298],[-74.927835,46.337295],[-74.927989,46.337167],[-74.928063,46.337195],[-74.928493,46.336703],[-74.928488,46.336677],[-74.928621,46.336524],[-74.928651,46.336526],[-74.928949,46.336149],[-74.929232,46.335666],[-74.92925,46.335658],[-74.929336,46.335499],[-74.929514,46.335323],[-74.929436,46.335299],[-74.929717,46.334343],[-74.929657,46.334173],[-74.929697,46.333776],[-74.929692,46.333333],[-74.929685,46.332687],[-74.929701,46.332399],[-74.92968,46.332297],[-74.929678,46.33211],[-74.929565,46.331235],[-74.929453,46.330934],[-74.929427,46.329902],[-74.929309,46.32906],[-74.929003,46.328241],[-74.928782,46.327888],[-74.928781,46.327888],[-74.928517,46.327466],[-74.927861,46.326752],[-74.927777,46.326686],[-74.927052,46.326118],[-74.926349,46.325716],[-74.926052,46.325545],[-74.925071,46.325136],[-74.925,46.325115],[-74.925,46.325],[-74.933333,46.325],[-74.935552,46.325],[-74.935531,46.325231],[-74.935534,46.325361],[-74.935543,46.325788],[-74.935506,46.325788],[-74.935459,46.32665],[-74.93542,46.327367],[-74.93554,46.327323],[-74.93553,46.327864],[-74.93553,46.327864],[-74.935529,46.32794],[-74.93558,46.327864],[-74.93558,46.327864],[-74.935586,46.327854],[-74.935587,46.327864],[-74.935587,46.327864],[-74.935617,46.329306],[-74.935634,46.329423],[-74.935622,46.329535],[-74.935622,46.329557],[-74.935627,46.32983],[-74.935739,46.330678],[-74.936043,46.331504],[-74.936531,46.332287],[-74.93719,46.333006],[-74.937607,46.333333]]]}},{"type":"Feature","properties":{"nom":"Drakensberg Capital Limited","designation":"Drakensberg Capital Limited (93647) 100 % (responsable)","statut":"actif","lomiko":false,"centre":[-76.28406,46.48007]},"geometry":{"type":"Polygon","coordinates":[[[-76.308333,46.491667],[-76.308333,46.5],[-76.3,46.5],[-76.291667,46.5],[-76.283333,46.5],[-76.275,46.5],[-76.266667,46.5],[-76.266667,46.491667],[-76.266667,46.483333],[-76.266667,46.475],[-76.258333,46.475],[-76.258333,46.466667],[-76.258333,46.458333],[-76.266667,46.458333],[-76.275,46.458333],[-76.283333,46.458333],[-76.291667,46.458333],[-76.291667,46.466667],[-76.291667,46.475],[-76.3,46.475],[-76.308333,46.475],[-76.308333,46.483333],[-76.308333,46.491667]]]}},{"type":"Feature","properties":{"nom":"Drakensberg Capital Limited","designation":"Drakensberg Capital Limited (93647) 100 % (responsable)","statut":"actif","lomiko":false,"centre":[-76.15595,46.47183]},"geometry":{"type":"Polygon","coordinates":[[[-76.166667,46.483333],[-76.166667,46.491667],[-76.158333,46.491667],[-76.158333,46.483333],[-76.158333,46.475],[-76.15,46.475],[-76.141667,46.475],[-76.133333,46.475],[-76.133333,46.466667],[-76.141667,46.466667],[-76.141667,46.458333],[-76.15,46.458333],[-76.15,46.45],[-76.158333,46.45],[-76.158333,46.458333],[-76.158333,46.466667],[-76.166667,46.466667],[-76.166667,46.475],[-76.175,46.475],[-76.175,46.483333],[-76.166667,46.483333]]]}},{"type":"Feature","properties":{"nom":"Mathieu Cleroux","designation":"Mathieu Cleroux (104604) 100 % (responsable)","statut":"actif","lomiko":false,"centre":[-75.20744,46.47027]},"geometry":{"type":"Polygon","coordinates":[[[-75.216667,46.466667],[-75.225,46.466667],[-75.225,46.475],[-75.216667,46.475],[-75.208333,46.475],[-75.208205,46.475],[-75.208143,46.474403],[-75.207901,46.473686],[-75.207864,46.473577],[-75.207401,46.472791],[-75.207304,46.47268],[-75.207044,46.472684],[-75.206972,46.472684],[-75.200435,46.472742],[-75.200375,46.472743],[-75.200367,46.473412],[-75.2,46.473411],[-75.191667,46.473386],[-75.191667,46.466667],[-75.2,46.466667],[-75.2,46.458333],[-75.208333,46.458333],[-75.216667,46.458333],[-75.216667,46.466667]]]}},{"type":"Feature","properties":{"nom":"Aleksandra Gniazdowska","designation":"Aleksandra Gniazdowska (104912) 100 % (responsable)","statut":"actif","lomiko":false,"centre":[-76.04167,45.80093]},"geometry":{"type":"Polygon","coordinates":[[[-76.041667,45.808333],[-76.033333,45.808333],[-76.033333,45.8],[-76.033333,45.791667],[-76.041667,45.791667],[-76.05,45.791667],[-76.05,45.8],[-76.05,45.808333],[-76.041667,45.808333]]]}},{"type":"Feature","properties":{"nom":"Pierre Lemieux","designation":"Pierre Lemieux (103014) 100 % (responsable)","statut":"actif","lomiko":false,"centre":[-76.11167,45.77833]},"geometry":{"type":"Polygon","coordinates":[[[-76.108333,45.775],[-76.116667,45.775],[-76.116667,45.783333],[-76.108333,45.783333],[-76.108333,45.775]]]}},{"type":"Feature","properties":{"nom":"Philippe Van Dyk","designation":"Philippe Van Dyk (104367) 100 % (responsable)","statut":"actif","lomiko":false,"centre":[-75.87833,45.62]},"geometry":{"type":"Polygon","coordinates":[[[-75.875,45.616667],[-75.883333,45.616667],[-75.883333,45.625],[-75.875,45.625],[-75.875,45.616667]]]}},{"type":"Feature","properties":{"nom":"NeoTerrex Minerals inc.","designation":"NeoTerrex Minerals inc. (105181) 100 % (responsable)","statut":"actif","lomiko":false,"centre":[-75.70542,45.57825]},"geometry":{"type":"Polygon","coordinates":[[[-75.7,45.575608],[-75.700108,45.57568],[-75.700493,45.575907],[-75.700899,45.576116],[-75.701324,45.576305],[-75.701765,45.576475],[-75.702221,45.576624],[-75.70269,45.576752],[-75.70317,45.576858],[-75.703659,45.576941],[-75.704154,45.577002],[-75.704654,45.57704],[-75.705157,45.577055],[-75.70566,45.577047],[-75.706161,45.577016],[-75.706658,45.576962],[-75.706884,45.57693],[-75.708017,45.576755],[-75.708018,45.576891],[-75.708018,45.576899],[-75.708019,45.577299],[-75.708031,45.577583],[-75.708052,45.577747],[-75.708041,45.577818],[-75.708019,45.578171],[-75.708019,45.578223],[-75.708019,45.580358],[-75.708029,45.580611],[-75.708019,45.58077],[-75.708019,45.580823],[-75.708018,45.582216],[-75.70803,45.582517],[-75.708075,45.582869],[-75.708152,45.583218],[-75.708188,45.583333],[-75.7,45.583333],[-75.7,45.575608]]]}},{"type":"Feature","properties":{"nom":"NeoTerrex Minerals inc.","designation":"NeoTerrex Minerals inc. (105181) 100 % (responsable)","statut":"actif","lomiko":false,"centre":[-75.9484,46.50675]},"geometry":{"type":"Polygon","coordinates":[[[-75.95,46.525],[-75.95,46.533333],[-75.941667,46.533333],[-75.933333,46.533333],[-75.925,46.533333],[-75.916667,46.533333],[-75.916667,46.525],[-75.916667,46.516667],[-75.916667,46.508333],[-75.925,46.508333],[-75.925,46.5],[-75.925,46.491667],[-75.933333,46.491667],[-75.941667,46.491667],[-75.941667,46.5],[-75.941667,46.491667],[-75.95,46.491667],[-75.95,46.483333],[-75.95,46.475],[-75.958333,46.475],[-75.966667,46.475],[-75.975,46.475],[-75.975,46.483333],[-75.975,46.491667],[-75.975,46.5],[-75.975,46.508333],[-75.975,46.516667],[-75.975,46.524441],[-75.973934,46.525],[-75.966667,46.525],[-75.958333,46.525],[-75.95,46.525]]]}},{"type":"Feature","properties":{"nom":"NeoTerrex Minerals inc.","designation":"NeoTerrex Minerals inc. (105181) 100 % (responsable)","statut":"actif","lomiko":false,"centre":[-75.92658,46.36946]},"geometry":{"type":"Polygon","coordinates":[[[-75.925,46.37711],[-75.920948,46.377193],[-75.918469,46.377237],[-75.918464,46.377237],[-75.918568,46.383333],[-75.916667,46.383333],[-75.916667,46.375],[-75.916667,46.366667],[-75.916667,46.358333],[-75.916667,46.35],[-75.925,46.35],[-75.933333,46.35],[-75.941667,46.35],[-75.941667,46.358333],[-75.941667,46.366667],[-75.941667,46.375],[-75.933333,46.375],[-75.933333,46.37696],[-75.930244,46.377033],[-75.926565,46.377078],[-75.925,46.37711]]]}},{"type":"Feature","properties":{"nom":"Pure Graphite Corp.","designation":"Pure Graphite Corp. (105265) 100 % (responsable)","statut":"actif","lomiko":false,"centre":[-75.22593,46.45833]},"geometry":{"type":"Polygon","coordinates":[[[-75.233333,46.458333],[-75.233333,46.466667],[-75.225,46.466667],[-75.216667,46.466667],[-75.216667,46.458333],[-75.216667,46.45],[-75.225,46.45],[-75.233333,46.45],[-75.233333,46.458333]]]}},{"type":"Feature","properties":{"nom":"Céline Paradis","designation":"Céline Paradis (6811) 100 % (responsable)","statut":"actif","lomiko":false,"centre":[-75.15622,46.52736]},"geometry":{"type":"Polygon","coordinates":[[[-75.171215,46.533333],[-75.171258,46.533481],[-75.171294,46.533606],[-75.171355,46.533715],[-75.171369,46.533757],[-75.171557,46.53408],[-75.171747,46.534422],[-75.17178,46.534462],[-75.171829,46.534545],[-75.17229,46.535076],[-75.172462,46.535274],[-75.173253,46.535924],[-75.173362,46.535989],[-75.173473,46.536081],[-75.173733,46.536212],[-75.174183,46.536481],[-75.175,46.536833],[-75.175227,46.536931],[-75.175523,46.537017],[-75.175588,46.537043],[-75.175605,46.537041],[-75.176361,46.537262],[-75.177556,46.537466],[-75.178755,46.537536],[-75.178782,46.537538],[-75.178807,46.537538],[-75.178828,46.537538],[-75.181467,46.537544],[-75.181857,46.537545],[-75.183333,46.537548],[-75.191667,46.537567],[-75.1933,46.537571],[-75.193291,46.537624],[-75.194291,46.538449],[-75.194418,46.538437],[-75.195143,46.538875],[-75.19618,46.539326],[-75.197306,46.53966],[-75.198494,46.539869],[-75.199185,46.539913],[-75.199382,46.539925],[-75.199714,46.539946],[-75.199732,46.539946],[-75.2,46.539949],[-75.206099,46.540006],[-75.206518,46.539988],[-75.206872,46.540013],[-75.208333,46.540027],[-75.208333,46.541667],[-75.203719,46.541667],[-75.203513,46.541579],[-75.203269,46.541476],[-75.202348,46.541192],[-75.200902,46.5409],[-75.2,46.540885],[-75.199717,46.54088],[-75.199559,46.540877],[-75.199618,46.540888],[-75.199263,46.540886],[-75.199068,46.540885],[-75.198748,46.540884],[-75.19836,46.540876],[-75.197071,46.540852],[-75.196751,46.540807],[-75.196822,46.540874],[-75.196581,46.540873],[-75.196661,46.540844],[-75.19636,46.540812],[-75.196399,46.540872],[-75.196222,46.540871],[-75.196259,46.540845],[-75.196099,46.540816],[-75.196124,46.540871],[-75.195969,46.54087],[-75.195999,46.540849],[-75.195839,46.54082],[-75.195861,46.54087],[-75.195718,46.540869],[-75.195749,46.540858],[-75.195448,46.540826],[-75.195475,46.540868],[-75.195335,46.540867],[-75.195347,46.540858],[-75.195187,46.54083],[-75.195203,46.540866],[-75.195081,46.540866],[-75.195086,46.540862],[-75.194927,46.540834],[-75.19494,46.540865],[-75.194818,46.540864],[-75.194666,46.540837],[-75.194677,46.540864],[-75.194527,46.540863],[-75.194405,46.540841],[-75.194415,46.540863],[-75.194237,46.540862],[-75.194145,46.540845],[-75.194152,46.540861],[-75.193947,46.54086],[-75.193884,46.540849],[-75.193889,46.54086],[-75.193656,46.540859],[-75.193623,46.540853],[-75.193626,46.540859],[-75.193366,46.540857],[-75.193363,46.540857],[-75.193363,46.540857],[-75.192439,46.540853],[-75.192376,46.540757],[-75.192149,46.540838],[-75.192279,46.540852],[-75.191667,46.540849],[-75.191006,46.540846],[-75.189791,46.540905],[-75.188605,46.541094],[-75.187475,46.541408],[-75.187459,46.541414],[-75.187326,46.541469],[-75.186902,46.541644],[-75.186846,46.541667],[-75.183333,46.541667],[-75.175,46.541667],[-75.166667,46.541667],[-75.158333,46.541667],[-75.15,46.541667],[-75.144345,46.541667],[-75.144328,46.541385],[-75.144324,46.541325],[-75.144324,46.541323],[-75.144172,46.540505],[-75.14384,46.539712],[-75.143697,46.539498],[-75.143338,46.538964],[-75.142905,46.538514],[-75.142676,46.538277],[-75.14187,46.537668],[-75.141667,46.537554],[-75.14094,46.53715],[-75.140232,46.536867],[-75.139905,46.536737],[-75.138792,46.536437],[-75.137625,46.536258],[-75.136471,46.536205],[-75.136433,46.536203],[-75.133333,46.536225],[-75.125,46.536283],[-75.116667,46.53634],[-75.11554,46.536348],[-75.114311,46.536423],[-75.113114,46.536632],[-75.111979,46.536967],[-75.110935,46.537422],[-75.110008,46.537984],[-75.10922,46.53864],[-75.108592,46.539373],[-75.108333,46.539825],[-75.108333,46.533333],[-75.108333,46.525],[-75.1,46.525],[-75.1,46.516667],[-75.091667,46.516667],[-75.083333,46.516667],[-75.083333,46.508333],[-75.083333,46.5],[-75.091667,46.5],[-75.097524,46.5],[-75.097583,46.500023],[-75.097645,46.5],[-75.1,46.5],[-75.102216,46.5],[-75.102591,46.500003],[-75.10267,46.5],[-75.102796,46.5],[-75.102827,46.500002],[-75.104378,46.500015],[-75.104474,46.500098],[-75.104675,46.500073],[-75.10479,46.500137],[-75.104899,46.500096],[-75.10492,46.500104],[-75.104986,46.500071],[-75.105034,46.500077],[-75.105086,46.500048],[-75.105098,46.500048],[-75.105126,46.500026],[-75.105126,46.500025],[-75.105256,46.500055],[-75.105302,46.500023],[-75.105618,46.500026],[-75.106664,46.500035],[-75.106677,46.50067],[-75.106551,46.500667],[-75.106703,46.501934],[-75.106762,46.504103],[-75.106764,46.504173],[-75.106829,46.506531],[-75.106878,46.508333],[-75.10689,46.50875],[-75.106892,46.508819],[-75.108333,46.508831],[-75.108333,46.515875],[-75.107085,46.515864],[-75.107086,46.515928],[-75.107191,46.516667],[-75.107205,46.516767],[-75.107511,46.517583],[-75.107997,46.518356],[-75.108333,46.518721],[-75.108652,46.519067],[-75.109459,46.5197],[-75.110399,46.520238],[-75.111449,46.520668],[-75.112583,46.52098],[-75.113774,46.521167],[-75.114992,46.521223],[-75.115052,46.521222],[-75.116667,46.52121],[-75.1242,46.52115],[-75.124286,46.521212],[-75.124352,46.52121],[-75.12437,46.521222],[-75.125,46.521205],[-75.125829,46.521182],[-75.131057,46.521173],[-75.131078,46.521147],[-75.131418,46.52115],[-75.131409,46.521093],[-75.133333,46.521077],[-75.133456,46.521076],[-75.133454,46.521142],[-75.134148,46.521106],[-75.134142,46.521113],[-75.135405,46.521061],[-75.136115,46.521055],[-75.136114,46.521031],[-75.136109,46.520878],[-75.136093,46.520391],[-75.13618,46.520391],[-75.137017,46.520392],[-75.141412,46.520392],[-75.141667,46.520393],[-75.143217,46.520393],[-75.14335,46.520343],[-75.143539,46.520271],[-75.143543,46.520275],[-75.143635,46.52024],[-75.143694,46.520215],[-75.143695,46.520217],[-75.1438,46.520173],[-75.143886,46.520135],[-75.143885,46.520134],[-75.14429,46.519961],[-75.144383,46.519918],[-75.144645,46.519788],[-75.144764,46.519726],[-75.145507,46.519289],[-75.145613,46.519218],[-75.14562,46.519213],[-75.14566,46.519187],[-75.146138,46.518797],[-75.146163,46.518812],[-75.146229,46.518759],[-75.146477,46.518538],[-75.146616,46.51853],[-75.146615,46.518523],[-75.146653,46.518522],[-75.146642,46.518506],[-75.146658,46.518504],[-75.146616,46.518446],[-75.146616,46.518414],[-75.146639,46.518394],[-75.146654,46.518389],[-75.14665,46.518384],[-75.146657,46.518378],[-75.146672,46.518376],[-75.146666,46.518369],[-75.146743,46.518301],[-75.146796,46.518248],[-75.147037,46.517993],[-75.14706,46.517966],[-75.147191,46.517819],[-75.147246,46.517784],[-75.147272,46.517766],[-75.147285,46.517758],[-75.147338,46.517722],[-75.147914,46.517293],[-75.147967,46.517249],[-75.147977,46.517241],[-75.148025,46.5172],[-75.148074,46.51716],[-75.148492,46.516779],[-75.148546,46.516725],[-75.1486,46.516667],[-75.15,46.516667],[-75.158333,46.516667],[-75.166667,46.516667],[-75.171307,46.516667],[-75.171405,46.516956],[-75.171321,46.516952],[-75.171382,46.517001],[-75.171423,46.517232],[-75.172093,46.518256],[-75.172283,46.518396],[-75.172599,46.518757],[-75.173383,46.519401],[-75.174304,46.519953],[-75.175,46.520253],[-75.175,46.525],[-75.175,46.525065],[-75.174635,46.525215],[-75.174313,46.525345],[-75.173135,46.52601],[-75.173057,46.526108],[-75.173036,46.526104],[-75.172923,46.526246],[-75.172728,46.526409],[-75.172693,46.526437],[-75.172667,46.526437],[-75.172668,46.526456],[-75.172603,46.526507],[-75.172565,46.526549],[-75.172512,46.52656],[-75.172539,46.526578],[-75.172501,46.526619],[-75.172238,46.526883],[-75.172197,46.526886],[-75.172202,46.526919],[-75.171911,46.527212],[-75.171331,46.528163],[-75.171406,46.528158],[-75.17135,46.52831],[-75.17124,46.52829],[-75.171288,46.528399],[-75.171327,46.528372],[-75.171164,46.528808],[-75.171049,46.529647],[-75.171048,46.529678],[-75.171046,46.529783],[-75.17106,46.529925],[-75.171042,46.530064],[-75.17101,46.532082],[-75.171017,46.532155],[-75.17097,46.532484],[-75.171091,46.532904],[-75.171094,46.532929],[-75.17113,46.53304],[-75.171215,46.533333]]]}},{"type":"Feature","properties":{"nom":"Jean-Yves Lamoureux","designation":"Jean-Yves Lamoureux (13168) 100 % (responsable)","statut":"actif","lomiko":false,"centre":[-76.17,46.46167]},"geometry":{"type":"Polygon","coordinates":[[[-76.166667,46.458333],[-76.175,46.458333],[-76.175,46.466667],[-76.166667,46.466667],[-76.166667,46.458333]]]}},{"type":"Feature","properties":{"nom":"Richard Beaudry","designation":"Richard Beaudry (105249) 100 % (responsable)","statut":"actif","lomiko":false,"centre":[-75.17,46.395]},"geometry":{"type":"Polygon","coordinates":[[[-75.166667,46.391667],[-75.175,46.391667],[-75.175,46.4],[-75.166667,46.4],[-75.166667,46.391667]]]}},{"type":"Feature","properties":{"nom":"Pierre De Tudert (Asgardia Exploration)","designation":"Pierre De Tudert (Asgardia Exploration) (97699) 100 % (responsable)","statut":"actif","lomiko":false,"centre":[-75.45476,45.74167]},"geometry":{"type":"Polygon","coordinates":[[[-75.458333,45.741667],[-75.458333,45.75],[-75.45,45.75],[-75.45,45.741667],[-75.45,45.733333],[-75.458333,45.733333],[-75.458333,45.741667]]]}},{"type":"Feature","properties":{"nom":"Danelia Chacon","designation":"Danelia Chacon (104790) 100 % (responsable)","statut":"actif","lomiko":false,"centre":[-75.88667,45.62]},"geometry":{"type":"Polygon","coordinates":[[[-75.883333,45.616667],[-75.891667,45.616667],[-75.891667,45.625],[-75.883333,45.625],[-75.883333,45.616667]]]}},{"type":"Feature","properties":{"nom":"courtney robertson","designation":"courtney robertson (105101) 100 % (responsable)","statut":"actif","lomiko":false,"centre":[-76.04591,45.77795]},"geometry":{"type":"Polygon","coordinates":[[[-76.05,45.775],[-76.05,45.779458],[-76.048718,45.779595],[-76.044775,45.780014],[-76.044797,45.780693],[-76.044815,45.781239],[-76.044848,45.782225],[-76.044875,45.783036],[-76.044885,45.783333],[-76.041667,45.783333],[-76.041667,45.775],[-76.041667,45.766667],[-76.05,45.766667],[-76.05,45.775]]]}},{"type":"Feature","properties":{"nom":"Gestion LT3","designation":"Gestion LT3 (104951) 100 % (responsable)","statut":"actif","lomiko":false,"centre":[-75.925,45.84643]},"geometry":{"type":"Polygon","coordinates":[[[-75.925,45.85],[-75.916667,45.85],[-75.916667,45.841667],[-75.925,45.841667],[-75.933333,45.841667],[-75.933333,45.85],[-75.925,45.85]]]}},{"type":"Feature","properties":{"nom":"Richard Briginshaw","designation":"Richard Briginshaw (104933) 100 % (responsable)","statut":"actif","lomiko":false,"centre":[-75.92407,45.89074]},"geometry":{"type":"Polygon","coordinates":[[[-75.925,45.891667],[-75.925,45.9],[-75.916667,45.9],[-75.916667,45.891667],[-75.916667,45.883333],[-75.925,45.883333],[-75.933333,45.883333],[-75.933333,45.891667],[-75.925,45.891667]]]}},{"type":"Feature","properties":{"nom":"jacqueline Lemelin","designation":"jacqueline Lemelin (104919) 100 % (responsable)","statut":"actif","lomiko":false,"centre":[-75.97199,45.78706]},"geometry":{"type":"Polygon","coordinates":[[[-75.966667,45.783333],[-75.973544,45.783333],[-75.973542,45.78495],[-75.973542,45.785011],[-75.973539,45.786267],[-75.973539,45.786469],[-75.973528,45.786586],[-75.973536,45.788497],[-75.973619,45.789676],[-75.973712,45.790989],[-75.97376,45.791667],[-75.966667,45.791667],[-75.966667,45.783333]]]}},{"type":"Feature","properties":{"nom":"Michel McKenzie","designation":"Michel McKenzie (93855) 100 % (responsable)","statut":"actif","lomiko":false,"centre":[-75.67833,46.53667]},"geometry":{"type":"Polygon","coordinates":[[[-75.675,46.533333],[-75.683333,46.533333],[-75.683333,46.541667],[-75.675,46.541667],[-75.675,46.533333]]]}},{"type":"Feature","properties":{"nom":"MarcAndr Dallaire","designation":"MarcAndr Dallaire (105630) 100 % (responsable)","statut":"actif","lomiko":false,"centre":[-76.19103,46.47436]},"geometry":{"type":"Polygon","coordinates":[[[-76.191667,46.475],[-76.191667,46.483333],[-76.183333,46.483333],[-76.175,46.483333],[-76.175,46.475],[-76.183333,46.475],[-76.183333,46.466667],[-76.191667,46.466667],[-76.2,46.466667],[-76.208333,46.466667],[-76.208333,46.475],[-76.2,46.475],[-76.191667,46.475]]]}},{"type":"Feature","properties":{"nom":"Dentsply Canada Ltd.","designation":"Dentsply Canada Ltd. (94380) 100 % (responsable)","statut":"actif","lomiko":false,"centre":[-75.49095,45.736]},"geometry":{"type":"Polygon","coordinates":[[[-75.491898,45.735227],[-75.492127,45.736794],[-75.49174,45.736821],[-75.48957,45.736976],[-75.489474,45.736317],[-75.489342,45.73541],[-75.491515,45.735255],[-75.491898,45.735227]]]}},{"type":"Feature","properties":{"nom":"Rock Of Ages Canada Inc.","designation":"Rock Of Ages Canada Inc. (20486) 100 % (responsable)","statut":"actif","lomiko":false,"centre":[-75.19067,46.56128]},"geometry":{"type":"Polygon","coordinates":[[[-75.178588,46.560582],[-75.197112,46.560479],[-75.196975,46.560574],[-75.196845,46.560651],[-75.196309,46.560971],[-75.195969,46.561165],[-75.194707,46.561982],[-75.193097,46.562889],[-75.178545,46.562939],[-75.178588,46.560582]]]}},{"type":"Feature","properties":{"nom":"Rock Of Ages Canada Inc.","designation":"Rock Of Ages Canada Inc. (20486) 100 % (responsable)","statut":"actif","lomiko":false,"centre":[-75.22322,46.56383]},"geometry":{"type":"Polygon","coordinates":[[[-75.217831,46.5703],[-75.215459,46.568613],[-75.213018,46.566975],[-75.210577,46.565328],[-75.22757,46.554276],[-75.22983,46.556008],[-75.232091,46.557736],[-75.234351,46.559464],[-75.236612,46.561192],[-75.220202,46.571988],[-75.217831,46.5703]]]}},{"type":"Feature","properties":{"nom":"Pavages Maska inc.","designation":"Pavages Maska inc. (101095) 100 % (responsable)","statut":"actif","lomiko":false,"centre":[-75.24659,46.55207]},"geometry":{"type":"Polygon","coordinates":[[[-75.246361,46.546718],[-75.248614,46.548481],[-75.250868,46.55024],[-75.253093,46.551977],[-75.255347,46.55374],[-75.246877,46.55846],[-75.244568,46.556744],[-75.24236,46.554992],[-75.240153,46.553222],[-75.237868,46.551492],[-75.246361,46.546718]]]}},{"type":"Feature","properties":{"nom":"Graphite Nordique inc.","designation":"Graphite Nordique inc. (101677) 100 % (responsable)","statut":"actif","lomiko":false,"centre":[-75.54098,46.38363]},"geometry":{"type":"Polygon","coordinates":[[[-75.535842,46.39763],[-75.535846,46.397936],[-75.535849,46.398247],[-75.535861,46.399246],[-75.535867,46.39975],[-75.53587,46.399984],[-75.530388,46.399915],[-75.530748,46.399279],[-75.530912,46.398936],[-75.531209,46.398521],[-75.531176,46.397927],[-75.53065,46.39765],[-75.529992,46.397518],[-75.528248,46.397913],[-75.52838,46.397499],[-75.528463,46.397381],[-75.52894,46.396718],[-75.529303,46.395708],[-75.529493,46.39505],[-75.5296,46.394676],[-75.529272,46.393809],[-75.528812,46.393006],[-75.528679,46.392714],[-75.528451,46.392207],[-75.528122,46.391497],[-75.528124,46.390651],[-75.528152,46.390313],[-75.52819,46.389872],[-75.528158,46.388837],[-75.527883,46.388042],[-75.527764,46.387696],[-75.527633,46.387053],[-75.527602,46.386163],[-75.527585,46.385704],[-75.52757,46.385245],[-75.527241,46.384468],[-75.52665,46.383643],[-75.52652,46.383364],[-75.526256,46.382798],[-75.526192,46.381746],[-75.526479,46.381029],[-75.526653,46.380596],[-75.526983,46.379681],[-75.526655,46.378742],[-75.526607,46.378693],[-75.525768,46.377851],[-75.525078,46.376846],[-75.524712,46.376362],[-75.524454,46.376021],[-75.524455,46.37522],[-75.52462,46.374603],[-75.524723,46.374044],[-75.524818,46.373522],[-75.524491,46.372632],[-75.524096,46.372288],[-75.523209,46.371693],[-75.52685,46.371717],[-75.529247,46.371728],[-75.531072,46.371724],[-75.532609,46.371722],[-75.533729,46.371721],[-75.534564,46.371717],[-75.535786,46.371716],[-75.536927,46.37172],[-75.538501,46.37173],[-75.540966,46.371741],[-75.541182,46.37174],[-75.542927,46.37175],[-75.543471,46.371752],[-75.544493,46.371756],[-75.546114,46.371762],[-75.546752,46.371763],[-75.547317,46.37176],[-75.547557,46.371759],[-75.549433,46.371732],[-75.551148,46.371733],[-75.551775,46.371734],[-75.553331,46.371736],[-75.554477,46.371735],[-75.55565,46.371738],[-75.556554,46.371738],[-75.556986,46.371741],[-75.556982,46.371993],[-75.556976,46.372393],[-75.556963,46.373253],[-75.55696,46.373469],[-75.556954,46.373842],[-75.55695,46.374094],[-75.556945,46.374391],[-75.556933,46.375179],[-75.556922,46.375917],[-75.556914,46.376448],[-75.556919,46.376556],[-75.556935,46.376934],[-75.556965,46.377645],[-75.557014,46.378796],[-75.557042,46.379453],[-75.55705,46.379638],[-75.557056,46.3798],[-75.557102,46.38087],[-75.557113,46.38114],[-75.557123,46.381302],[-75.55725,46.383507],[-75.557255,46.383601],[-75.557269,46.383835],[-75.557422,46.38506],[-75.557489,46.385869],[-75.557657,46.388283],[-75.557684,46.389586],[-75.557638,46.389971],[-75.557662,46.390591],[-75.557632,46.390623],[-75.555826,46.392009],[-75.554773,46.392473],[-75.553851,46.392775],[-75.552996,46.392869],[-75.552535,46.392916],[-75.552464,46.392962],[-75.551646,46.393492],[-75.551317,46.393885],[-75.551054,46.39439],[-75.550889,46.394873],[-75.55113,46.395303],[-75.551382,46.395784],[-75.551678,46.396516],[-75.552046,46.39767],[-75.535842,46.39763]]]}},{"type":"Feature","properties":{"nom":"Thomas J Watters","designation":"Thomas J Watters (2631) 100 % (responsable)","statut":"actif","lomiko":false,"centre":[-74.6243,45.78363]},"geometry":{"type":"Polygon","coordinates":[[[-74.62333,45.778606],[-74.629765,45.779486],[-74.627424,45.787171],[-74.625426,45.786898],[-74.623275,45.786407],[-74.620882,45.786113],[-74.621,45.785751],[-74.62333,45.778606]]]}}]}